ISO-10303-21;
HEADER;
FILE_DESCRIPTION(('Open CASCADE Model'),'2;1');
FILE_NAME('Open CASCADE Shape Model','2025-11-18T15:37:48',('Author'),(
    'Open CASCADE'),'Open CASCADE STEP processor 7.8','Open CASCADE 7.8'
  ,'Unknown');
FILE_SCHEMA(('AUTOMOTIVE_DESIGN { 1 0 10303 214 1 1 1 1 }'));
ENDSEC;
DATA;
#1 = APPLICATION_PROTOCOL_DEFINITION('international standard',
  'automotive_design',2000,#2);
#2 = APPLICATION_CONTEXT(
  'core data for automotive mechanical design processes');
#3 = SHAPE_DEFINITION_REPRESENTATION(#4,#10);
#4 = PRODUCT_DEFINITION_SHAPE('','',#5);
#5 = PRODUCT_DEFINITION('design','',#6,#9);
#6 = PRODUCT_DEFINITION_FORMATION('','',#7);
#7 = PRODUCT('7b13b4fd-c451-11f0-9ea7-94b6092b17ad',
  '7b13b4fd-c451-11f0-9ea7-94b6092b17ad','',(#8));
#8 = PRODUCT_CONTEXT('',#2,'mechanical');
#9 = PRODUCT_DEFINITION_CONTEXT('part definition',#2,'design');
#10 = SHAPE_REPRESENTATION('',(#11,#15,#19,#23,#27,#31,#35,#39,#43,#47,
    #51,#55,#59),#63);
#11 = AXIS2_PLACEMENT_3D('',#12,#13,#14);
#12 = CARTESIAN_POINT('',(0.,0.,0.));
#13 = DIRECTION('',(0.,0.,1.));
#14 = DIRECTION('',(1.,0.,-0.));
#15 = AXIS2_PLACEMENT_3D('',#16,#17,#18);
#16 = CARTESIAN_POINT('',(0.,0.,0.));
#17 = DIRECTION('',(0.,0.,1.));
#18 = DIRECTION('',(1.,0.,-0.));
#19 = AXIS2_PLACEMENT_3D('',#20,#21,#22);
#20 = CARTESIAN_POINT('',(0.,0.,70.));
#21 = DIRECTION('',(0.,-1.,1.110223024625E-16));
#22 = DIRECTION('',(1.,0.,0.));
#23 = AXIS2_PLACEMENT_3D('',#24,#25,#26);
#24 = CARTESIAN_POINT('',(0.,0.,130.));
#25 = DIRECTION('',(0.,0.,1.));
#26 = DIRECTION('',(1.,0.,-0.));
#27 = AXIS2_PLACEMENT_3D('',#28,#29,#30);
#28 = CARTESIAN_POINT('',(60.,0.,0.));
#29 = DIRECTION('',(0.,0.,1.));
#30 = DIRECTION('',(1.,0.,-0.));
#31 = AXIS2_PLACEMENT_3D('',#32,#33,#34);
#32 = CARTESIAN_POINT('',(60.,0.,70.));
#33 = DIRECTION('',(-0.,1.,1.110223024625E-16));
#34 = DIRECTION('',(1.,0.,0.));
#35 = AXIS2_PLACEMENT_3D('',#36,#37,#38);
#36 = CARTESIAN_POINT('',(60.,0.,130.));
#37 = DIRECTION('',(0.,0.,1.));
#38 = DIRECTION('',(1.,0.,-0.));
#39 = AXIS2_PLACEMENT_3D('',#40,#41,#42);
#40 = CARTESIAN_POINT('',(0.,0.,105.5));
#41 = DIRECTION('',(0.,0.,1.));
#42 = DIRECTION('',(1.,0.,-0.));
#43 = AXIS2_PLACEMENT_3D('',#44,#45,#46);
#44 = CARTESIAN_POINT('',(0.,0.,94.5));
#45 = DIRECTION('',(0.,0.,1.));
#46 = DIRECTION('',(1.,0.,-0.));
#47 = AXIS2_PLACEMENT_3D('',#48,#49,#50);
#48 = CARTESIAN_POINT('',(0.,0.,0.));
#49 = DIRECTION('',(0.,0.,1.));
#50 = DIRECTION('',(1.,0.,-0.));
#51 = AXIS2_PLACEMENT_3D('',#52,#53,#54);
#52 = CARTESIAN_POINT('',(0.,0.,0.));
#53 = DIRECTION('',(0.,0.,1.));
#54 = DIRECTION('',(1.,0.,-0.));
#55 = AXIS2_PLACEMENT_3D('',#56,#57,#58);
#56 = CARTESIAN_POINT('',(0.,0.,0.));
#57 = DIRECTION('',(0.,0.,1.));
#58 = DIRECTION('',(1.,0.,-0.));
#59 = AXIS2_PLACEMENT_3D('',#60,#61,#62);
#60 = CARTESIAN_POINT('',(0.,0.,0.));
#61 = DIRECTION('',(0.,0.,1.));
#62 = DIRECTION('',(1.,0.,-0.));
#63 = ( GEOMETRIC_REPRESENTATION_CONTEXT(3) 
GLOBAL_UNCERTAINTY_ASSIGNED_CONTEXT((#67)) GLOBAL_UNIT_ASSIGNED_CONTEXT(
(#64,#65,#66)) REPRESENTATION_CONTEXT('Context #1',
  '3D Context with UNIT and UNCERTAINTY') );
#64 = ( LENGTH_UNIT() NAMED_UNIT(*) SI_UNIT(.MILLI.,.METRE.) );
#65 = ( NAMED_UNIT(*) PLANE_ANGLE_UNIT() SI_UNIT($,.RADIAN.) );
#66 = ( NAMED_UNIT(*) SI_UNIT($,.STERADIAN.) SOLID_ANGLE_UNIT() );
#67 = UNCERTAINTY_MEASURE_WITH_UNIT(LENGTH_MEASURE(5.E-06),#64,
  'distance_accuracy_value','confusion accuracy');
#68 = PRODUCT_RELATED_PRODUCT_CATEGORY('part',$,(#7));
#69 = SHAPE_DEFINITION_REPRESENTATION(#70,#76);
#70 = PRODUCT_DEFINITION_SHAPE('','',#71);
#71 = PRODUCT_DEFINITION('design','',#72,#75);
#72 = PRODUCT_DEFINITION_FORMATION('','',#73);
#73 = PRODUCT('base_L','base_L','',(#74));
#74 = PRODUCT_CONTEXT('',#2,'mechanical');
#75 = PRODUCT_DEFINITION_CONTEXT('part definition',#2,'design');
#76 = SHAPE_REPRESENTATION('',(#11,#77,#431),#1295);
#77 = MANIFOLD_SOLID_BREP('',#78);
#78 = CLOSED_SHELL('',(#79,#221,#296,#372,#417,#424));
#79 = ADVANCED_FACE('',(#80,#153),#95,.T.);
#80 = FACE_BOUND('',#81,.T.);
#81 = EDGE_LOOP('',(#82,#122));
#82 = ORIENTED_EDGE('',*,*,#83,.F.);
#83 = EDGE_CURVE('',#84,#86,#88,.T.);
#84 = VERTEX_POINT('',#85);
#85 = CARTESIAN_POINT('',(-12.50000000005,0.,0.));
#86 = VERTEX_POINT('',#87);
#87 = CARTESIAN_POINT('',(12.49999999995,0.,0.));
#88 = SURFACE_CURVE('',#89,(#94,#110),.PCURVE_S1.);
#89 = CIRCLE('',#90,12.5);
#90 = AXIS2_PLACEMENT_3D('',#91,#92,#93);
#91 = CARTESIAN_POINT('',(-4.956781892065E-11,6.28036983472E-16,0.));
#92 = DIRECTION('',(0.,0.,1.));
#93 = DIRECTION('',(-1.,-5.024295867776E-17,0.));
#94 = PCURVE('',#95,#100);
#95 = PLANE('',#96);
#96 = AXIS2_PLACEMENT_3D('',#97,#98,#99);
#97 = CARTESIAN_POINT('',(-12.75000000005,-12.75,0.));
#98 = DIRECTION('',(0.,0.,-1.));
#99 = DIRECTION('',(-1.,0.,-0.));
#100 = DEFINITIONAL_REPRESENTATION('',(#101),#109);
#101 = ( BOUNDED_CURVE() B_SPLINE_CURVE(2,(#102,#103,#104,#105,#106,#107
,#108),.UNSPECIFIED.,.T.,.F.) B_SPLINE_CURVE_WITH_KNOTS((1,2,2,2,2,1),(
    -2.094395102393,0.,2.094395102393,4.188790204786,6.28318530718,
8.377580409573),.UNSPECIFIED.) CURVE() GEOMETRIC_REPRESENTATION_ITEM() 
RATIONAL_B_SPLINE_CURVE((1.,0.5,1.,0.5,1.,0.5,1.)) REPRESENTATION_ITEM(
  '') );
#102 = CARTESIAN_POINT('',(-0.25,12.75));
#103 = CARTESIAN_POINT('',(-0.25,-8.900635094611));
#104 = CARTESIAN_POINT('',(-19.,1.924682452695));
#105 = CARTESIAN_POINT('',(-37.75,12.75));
#106 = CARTESIAN_POINT('',(-19.,23.575317547305));
#107 = CARTESIAN_POINT('',(-0.25,34.400635094611));
#108 = CARTESIAN_POINT('',(-0.25,12.75));
#109 = ( GEOMETRIC_REPRESENTATION_CONTEXT(2) 
PARAMETRIC_REPRESENTATION_CONTEXT() REPRESENTATION_CONTEXT('2D SPACE',''
  ) );
#110 = PCURVE('',#111,#116);
#111 = CYLINDRICAL_SURFACE('',#112,12.5);
#112 = AXIS2_PLACEMENT_3D('',#113,#114,#115);
#113 = CARTESIAN_POINT('',(-4.956781892065E-11,6.280369834785E-16,9.));
#114 = DIRECTION('',(0.,0.,-1.));
#115 = DIRECTION('',(-1.,0.,-0.));
#116 = DEFINITIONAL_REPRESENTATION('',(#117),#121);
#117 = LINE('',#118,#119);
#118 = CARTESIAN_POINT('',(6.28318530718,9.));
#119 = VECTOR('',#120,1.);
#120 = DIRECTION('',(-1.,0.));
#121 = ( GEOMETRIC_REPRESENTATION_CONTEXT(2) 
PARAMETRIC_REPRESENTATION_CONTEXT() REPRESENTATION_CONTEXT('2D SPACE',''
  ) );
#122 = ORIENTED_EDGE('',*,*,#123,.F.);
#123 = EDGE_CURVE('',#86,#84,#124,.T.);
#124 = SURFACE_CURVE('',#125,(#130,#141),.PCURVE_S1.);
#125 = CIRCLE('',#126,12.5);
#126 = AXIS2_PLACEMENT_3D('',#127,#128,#129);
#127 = CARTESIAN_POINT('',(-4.956781892065E-11,-6.280369834785E-16,0.));
#128 = DIRECTION('',(0.,0.,1.));
#129 = DIRECTION('',(1.,5.024295867828E-17,-0.));
#130 = PCURVE('',#95,#131);
#131 = DEFINITIONAL_REPRESENTATION('',(#132),#140);
#132 = ( BOUNDED_CURVE() B_SPLINE_CURVE(2,(#133,#134,#135,#136,#137,#138
,#139),.UNSPECIFIED.,.T.,.F.) B_SPLINE_CURVE_WITH_KNOTS((1,2,2,2,2,1),(
    -2.094395102393,0.,2.094395102393,4.188790204786,6.28318530718,
8.377580409573),.UNSPECIFIED.) CURVE() GEOMETRIC_REPRESENTATION_ITEM() 
RATIONAL_B_SPLINE_CURVE((1.,0.5,1.,0.5,1.,0.5,1.)) REPRESENTATION_ITEM(
  '') );
#133 = CARTESIAN_POINT('',(-25.25,12.75));
#134 = CARTESIAN_POINT('',(-25.25,34.400635094611));
#135 = CARTESIAN_POINT('',(-6.5,23.575317547305));
#136 = CARTESIAN_POINT('',(12.25,12.75));
#137 = CARTESIAN_POINT('',(-6.5,1.924682452695));
#138 = CARTESIAN_POINT('',(-25.25,-8.900635094611));
#139 = CARTESIAN_POINT('',(-25.25,12.75));
#140 = ( GEOMETRIC_REPRESENTATION_CONTEXT(2) 
PARAMETRIC_REPRESENTATION_CONTEXT() REPRESENTATION_CONTEXT('2D SPACE',''
  ) );
#141 = PCURVE('',#142,#147);
#142 = CYLINDRICAL_SURFACE('',#143,12.5);
#143 = AXIS2_PLACEMENT_3D('',#144,#145,#146);
#144 = CARTESIAN_POINT('',(-4.956781892065E-11,-6.28036983472E-16,9.));
#145 = DIRECTION('',(0.,0.,-1.));
#146 = DIRECTION('',(-1.,0.,-0.));
#147 = DEFINITIONAL_REPRESENTATION('',(#148),#152);
#148 = LINE('',#149,#150);
#149 = CARTESIAN_POINT('',(3.14159265359,9.));
#150 = VECTOR('',#151,1.);
#151 = DIRECTION('',(-1.,0.));
#152 = ( GEOMETRIC_REPRESENTATION_CONTEXT(2) 
PARAMETRIC_REPRESENTATION_CONTEXT() REPRESENTATION_CONTEXT('2D SPACE',''
  ) );
#153 = FACE_BOUND('',#154,.T.);
#154 = EDGE_LOOP('',(#155,#190));
#155 = ORIENTED_EDGE('',*,*,#156,.T.);
#156 = EDGE_CURVE('',#157,#159,#161,.T.);
#157 = VERTEX_POINT('',#158);
#158 = CARTESIAN_POINT('',(4.,0.,0.));
#159 = VERTEX_POINT('',#160);
#160 = CARTESIAN_POINT('',(-4.,0.,0.));
#161 = SURFACE_CURVE('',#162,(#167,#178),.PCURVE_S1.);
#162 = CIRCLE('',#163,4.);
#163 = AXIS2_PLACEMENT_3D('',#164,#165,#166);
#164 = CARTESIAN_POINT('',(0.,0.,0.));
#165 = DIRECTION('',(0.,0.,1.));
#166 = DIRECTION('',(1.,0.,-0.));
#167 = PCURVE('',#95,#168);
#168 = DEFINITIONAL_REPRESENTATION('',(#169),#177);
#169 = ( BOUNDED_CURVE() B_SPLINE_CURVE(2,(#170,#171,#172,#173,#174,#175
,#176),.UNSPECIFIED.,.T.,.F.) B_SPLINE_CURVE_WITH_KNOTS((1,2,2,2,2,1),(
    -2.094395102393,0.,2.094395102393,4.188790204786,6.28318530718,
8.377580409573),.UNSPECIFIED.) CURVE() GEOMETRIC_REPRESENTATION_ITEM() 
RATIONAL_B_SPLINE_CURVE((1.,0.5,1.,0.5,1.,0.5,1.)) REPRESENTATION_ITEM(
  '') );
#170 = CARTESIAN_POINT('',(-16.75000000005,12.75));
#171 = CARTESIAN_POINT('',(-16.75000000005,19.678203230276));
#172 = CARTESIAN_POINT('',(-10.75000000005,16.214101615138));
#173 = CARTESIAN_POINT('',(-4.75000000005,12.75));
#174 = CARTESIAN_POINT('',(-10.75000000005,9.285898384862));
#175 = CARTESIAN_POINT('',(-16.75000000005,5.821796769724));
#176 = CARTESIAN_POINT('',(-16.75000000005,12.75));
#177 = ( GEOMETRIC_REPRESENTATION_CONTEXT(2) 
PARAMETRIC_REPRESENTATION_CONTEXT() REPRESENTATION_CONTEXT('2D SPACE',''
  ) );
#178 = PCURVE('',#179,#184);
#179 = CYLINDRICAL_SURFACE('',#180,4.);
#180 = AXIS2_PLACEMENT_3D('',#181,#182,#183);
#181 = CARTESIAN_POINT('',(0.,0.,13.));
#182 = DIRECTION('',(0.,0.,-1.));
#183 = DIRECTION('',(-1.,0.,-0.));
#184 = DEFINITIONAL_REPRESENTATION('',(#185),#189);
#185 = LINE('',#186,#187);
#186 = CARTESIAN_POINT('',(3.14159265359,13.));
#187 = VECTOR('',#188,1.);
#188 = DIRECTION('',(-1.,0.));
#189 = ( GEOMETRIC_REPRESENTATION_CONTEXT(2) 
PARAMETRIC_REPRESENTATION_CONTEXT() REPRESENTATION_CONTEXT('2D SPACE',''
  ) );
#190 = ORIENTED_EDGE('',*,*,#191,.T.);
#191 = EDGE_CURVE('',#159,#157,#192,.T.);
#192 = SURFACE_CURVE('',#193,(#198,#209),.PCURVE_S1.);
#193 = CIRCLE('',#194,4.);
#194 = AXIS2_PLACEMENT_3D('',#195,#196,#197);
#195 = CARTESIAN_POINT('',(0.,0.,0.));
#196 = DIRECTION('',(0.,0.,1.));
#197 = DIRECTION('',(-1.,0.,0.));
#198 = PCURVE('',#95,#199);
#199 = DEFINITIONAL_REPRESENTATION('',(#200),#208);
#200 = ( BOUNDED_CURVE() B_SPLINE_CURVE(2,(#201,#202,#203,#204,#205,#206
,#207),.UNSPECIFIED.,.T.,.F.) B_SPLINE_CURVE_WITH_KNOTS((1,2,2,2,2,1),(
    -2.094395102393,0.,2.094395102393,4.188790204786,6.28318530718,
8.377580409573),.UNSPECIFIED.) CURVE() GEOMETRIC_REPRESENTATION_ITEM() 
RATIONAL_B_SPLINE_CURVE((1.,0.5,1.,0.5,1.,0.5,1.)) REPRESENTATION_ITEM(
  '') );
#201 = CARTESIAN_POINT('',(-8.75000000005,12.75));
#202 = CARTESIAN_POINT('',(-8.75000000005,5.821796769724));
#203 = CARTESIAN_POINT('',(-14.75000000005,9.285898384862));
#204 = CARTESIAN_POINT('',(-20.75000000005,12.75));
#205 = CARTESIAN_POINT('',(-14.75000000005,16.214101615138));
#206 = CARTESIAN_POINT('',(-8.75000000005,19.678203230276));
#207 = CARTESIAN_POINT('',(-8.75000000005,12.75));
#208 = ( GEOMETRIC_REPRESENTATION_CONTEXT(2) 
PARAMETRIC_REPRESENTATION_CONTEXT() REPRESENTATION_CONTEXT('2D SPACE',''
  ) );
#209 = PCURVE('',#210,#215);
#210 = CYLINDRICAL_SURFACE('',#211,4.);
#211 = AXIS2_PLACEMENT_3D('',#212,#213,#214);
#212 = CARTESIAN_POINT('',(0.,0.,13.));
#213 = DIRECTION('',(0.,0.,-1.));
#214 = DIRECTION('',(-1.,0.,-0.));
#215 = DEFINITIONAL_REPRESENTATION('',(#216),#220);
#216 = LINE('',#217,#218);
#217 = CARTESIAN_POINT('',(6.28318530718,13.));
#218 = VECTOR('',#219,1.);
#219 = DIRECTION('',(-1.,0.));
#220 = ( GEOMETRIC_REPRESENTATION_CONTEXT(2) 
PARAMETRIC_REPRESENTATION_CONTEXT() REPRESENTATION_CONTEXT('2D SPACE',''
  ) );
#221 = ADVANCED_FACE('',(#222),#111,.T.);
#222 = FACE_BOUND('',#223,.T.);
#223 = EDGE_LOOP('',(#224,#225,#247,#276));
#224 = ORIENTED_EDGE('',*,*,#83,.T.);
#225 = ORIENTED_EDGE('',*,*,#226,.T.);
#226 = EDGE_CURVE('',#86,#227,#229,.T.);
#227 = VERTEX_POINT('',#228);
#228 = CARTESIAN_POINT('',(12.49999999995,0.,18.));
#229 = SURFACE_CURVE('',#230,(#233,#240),.PCURVE_S1.);
#230 = B_SPLINE_CURVE_WITH_KNOTS('',1,(#231,#232),.UNSPECIFIED.,.F.,.F.,
  (2,2),(0.,18.),.PIECEWISE_BEZIER_KNOTS.);
#231 = CARTESIAN_POINT('',(12.49999999995,0.,0.));
#232 = CARTESIAN_POINT('',(12.49999999995,0.,18.));
#233 = PCURVE('',#111,#234);
#234 = DEFINITIONAL_REPRESENTATION('',(#235),#239);
#235 = LINE('',#236,#237);
#236 = CARTESIAN_POINT('',(3.14159265359,9.));
#237 = VECTOR('',#238,1.);
#238 = DIRECTION('',(0.,-1.));
#239 = ( GEOMETRIC_REPRESENTATION_CONTEXT(2) 
PARAMETRIC_REPRESENTATION_CONTEXT() REPRESENTATION_CONTEXT('2D SPACE',''
  ) );
#240 = PCURVE('',#142,#241);
#241 = DEFINITIONAL_REPRESENTATION('',(#242),#246);
#242 = LINE('',#243,#244);
#243 = CARTESIAN_POINT('',(3.14159265359,9.));
#244 = VECTOR('',#245,1.);
#245 = DIRECTION('',(0.,-1.));
#246 = ( GEOMETRIC_REPRESENTATION_CONTEXT(2) 
PARAMETRIC_REPRESENTATION_CONTEXT() REPRESENTATION_CONTEXT('2D SPACE',''
  ) );
#247 = ORIENTED_EDGE('',*,*,#248,.F.);
#248 = EDGE_CURVE('',#249,#227,#251,.T.);
#249 = VERTEX_POINT('',#250);
#250 = CARTESIAN_POINT('',(-12.50000000005,0.,18.));
#251 = SURFACE_CURVE('',#252,(#257,#264),.PCURVE_S1.);
#252 = CIRCLE('',#253,12.5);
#253 = AXIS2_PLACEMENT_3D('',#254,#255,#256);
#254 = CARTESIAN_POINT('',(-4.956781892065E-11,6.28036983472E-16,18.));
#255 = DIRECTION('',(0.,0.,1.));
#256 = DIRECTION('',(-1.,-5.024295867776E-17,0.));
#257 = PCURVE('',#111,#258);
#258 = DEFINITIONAL_REPRESENTATION('',(#259),#263);
#259 = LINE('',#260,#261);
#260 = CARTESIAN_POINT('',(6.28318530718,-9.));
#261 = VECTOR('',#262,1.);
#262 = DIRECTION('',(-1.,0.));
#263 = ( GEOMETRIC_REPRESENTATION_CONTEXT(2) 
PARAMETRIC_REPRESENTATION_CONTEXT() REPRESENTATION_CONTEXT('2D SPACE',''
  ) );
#264 = PCURVE('',#265,#270);
#265 = PLANE('',#266);
#266 = AXIS2_PLACEMENT_3D('',#267,#268,#269);
#267 = CARTESIAN_POINT('',(-12.75000000005,-12.75,18.));
#268 = DIRECTION('',(0.,0.,1.));
#269 = DIRECTION('',(1.,0.,-0.));
#270 = DEFINITIONAL_REPRESENTATION('',(#271),#275);
#271 = CIRCLE('',#272,12.5);
#272 = AXIS2_PLACEMENT_2D('',#273,#274);
#273 = CARTESIAN_POINT('',(12.75,12.75));
#274 = DIRECTION('',(-1.,-5.024295867776E-17));
#275 = ( GEOMETRIC_REPRESENTATION_CONTEXT(2) 
PARAMETRIC_REPRESENTATION_CONTEXT() REPRESENTATION_CONTEXT('2D SPACE',''
  ) );
#276 = ORIENTED_EDGE('',*,*,#277,.F.);
#277 = EDGE_CURVE('',#84,#249,#278,.T.);
#278 = SURFACE_CURVE('',#279,(#282,#289),.PCURVE_S1.);
#279 = B_SPLINE_CURVE_WITH_KNOTS('',1,(#280,#281),.UNSPECIFIED.,.F.,.F.,
  (2,2),(0.,18.),.PIECEWISE_BEZIER_KNOTS.);
#280 = CARTESIAN_POINT('',(-12.50000000005,0.,0.));
#281 = CARTESIAN_POINT('',(-12.50000000005,0.,18.));
#282 = PCURVE('',#111,#283);
#283 = DEFINITIONAL_REPRESENTATION('',(#284),#288);
#284 = LINE('',#285,#286);
#285 = CARTESIAN_POINT('',(6.28318530718,9.));
#286 = VECTOR('',#287,1.);
#287 = DIRECTION('',(0.,-1.));
#288 = ( GEOMETRIC_REPRESENTATION_CONTEXT(2) 
PARAMETRIC_REPRESENTATION_CONTEXT() REPRESENTATION_CONTEXT('2D SPACE',''
  ) );
#289 = PCURVE('',#142,#290);
#290 = DEFINITIONAL_REPRESENTATION('',(#291),#295);
#291 = LINE('',#292,#293);
#292 = CARTESIAN_POINT('',(0.,9.));
#293 = VECTOR('',#294,1.);
#294 = DIRECTION('',(0.,-1.));
#295 = ( GEOMETRIC_REPRESENTATION_CONTEXT(2) 
PARAMETRIC_REPRESENTATION_CONTEXT() REPRESENTATION_CONTEXT('2D SPACE',''
  ) );
#296 = ADVANCED_FACE('',(#297,#322),#265,.T.);
#297 = FACE_BOUND('',#298,.T.);
#298 = EDGE_LOOP('',(#299,#321));
#299 = ORIENTED_EDGE('',*,*,#300,.T.);
#300 = EDGE_CURVE('',#227,#249,#301,.T.);
#301 = SURFACE_CURVE('',#302,(#307,#314),.PCURVE_S1.);
#302 = CIRCLE('',#303,12.5);
#303 = AXIS2_PLACEMENT_3D('',#304,#305,#306);
#304 = CARTESIAN_POINT('',(-4.956781892065E-11,-6.280369834785E-16,18.)
  );
#305 = DIRECTION('',(0.,0.,1.));
#306 = DIRECTION('',(1.,5.024295867828E-17,-0.));
#307 = PCURVE('',#265,#308);
#308 = DEFINITIONAL_REPRESENTATION('',(#309),#313);
#309 = CIRCLE('',#310,12.5);
#310 = AXIS2_PLACEMENT_2D('',#311,#312);
#311 = CARTESIAN_POINT('',(12.75,12.75));
#312 = DIRECTION('',(1.,5.024295867828E-17));
#313 = ( GEOMETRIC_REPRESENTATION_CONTEXT(2) 
PARAMETRIC_REPRESENTATION_CONTEXT() REPRESENTATION_CONTEXT('2D SPACE',''
  ) );
#314 = PCURVE('',#142,#315);
#315 = DEFINITIONAL_REPRESENTATION('',(#316),#320);
#316 = LINE('',#317,#318);
#317 = CARTESIAN_POINT('',(3.14159265359,-9.));
#318 = VECTOR('',#319,1.);
#319 = DIRECTION('',(-1.,0.));
#320 = ( GEOMETRIC_REPRESENTATION_CONTEXT(2) 
PARAMETRIC_REPRESENTATION_CONTEXT() REPRESENTATION_CONTEXT('2D SPACE',''
  ) );
#321 = ORIENTED_EDGE('',*,*,#248,.T.);
#322 = FACE_BOUND('',#323,.T.);
#323 = EDGE_LOOP('',(#324,#350));
#324 = ORIENTED_EDGE('',*,*,#325,.F.);
#325 = EDGE_CURVE('',#326,#328,#330,.T.);
#326 = VERTEX_POINT('',#327);
#327 = CARTESIAN_POINT('',(-4.,0.,18.));
#328 = VERTEX_POINT('',#329);
#329 = CARTESIAN_POINT('',(4.,0.,18.));
#330 = SURFACE_CURVE('',#331,(#336,#343),.PCURVE_S1.);
#331 = CIRCLE('',#332,4.);
#332 = AXIS2_PLACEMENT_3D('',#333,#334,#335);
#333 = CARTESIAN_POINT('',(0.,0.,18.));
#334 = DIRECTION('',(0.,0.,1.));
#335 = DIRECTION('',(-1.,0.,0.));
#336 = PCURVE('',#265,#337);
#337 = DEFINITIONAL_REPRESENTATION('',(#338),#342);
#338 = CIRCLE('',#339,4.);
#339 = AXIS2_PLACEMENT_2D('',#340,#341);
#340 = CARTESIAN_POINT('',(12.75000000005,12.75));
#341 = DIRECTION('',(-1.,0.));
#342 = ( GEOMETRIC_REPRESENTATION_CONTEXT(2) 
PARAMETRIC_REPRESENTATION_CONTEXT() REPRESENTATION_CONTEXT('2D SPACE',''
  ) );
#343 = PCURVE('',#210,#344);
#344 = DEFINITIONAL_REPRESENTATION('',(#345),#349);
#345 = LINE('',#346,#347);
#346 = CARTESIAN_POINT('',(6.28318530718,-5.));
#347 = VECTOR('',#348,1.);
#348 = DIRECTION('',(-1.,0.));
#349 = ( GEOMETRIC_REPRESENTATION_CONTEXT(2) 
PARAMETRIC_REPRESENTATION_CONTEXT() REPRESENTATION_CONTEXT('2D SPACE',''
  ) );
#350 = ORIENTED_EDGE('',*,*,#351,.F.);
#351 = EDGE_CURVE('',#328,#326,#352,.T.);
#352 = SURFACE_CURVE('',#353,(#358,#365),.PCURVE_S1.);
#353 = CIRCLE('',#354,4.);
#354 = AXIS2_PLACEMENT_3D('',#355,#356,#357);
#355 = CARTESIAN_POINT('',(0.,0.,18.));
#356 = DIRECTION('',(0.,0.,1.));
#357 = DIRECTION('',(1.,0.,-0.));
#358 = PCURVE('',#265,#359);
#359 = DEFINITIONAL_REPRESENTATION('',(#360),#364);
#360 = CIRCLE('',#361,4.);
#361 = AXIS2_PLACEMENT_2D('',#362,#363);
#362 = CARTESIAN_POINT('',(12.75000000005,12.75));
#363 = DIRECTION('',(1.,0.));
#364 = ( GEOMETRIC_REPRESENTATION_CONTEXT(2) 
PARAMETRIC_REPRESENTATION_CONTEXT() REPRESENTATION_CONTEXT('2D SPACE',''
  ) );
#365 = PCURVE('',#179,#366);
#366 = DEFINITIONAL_REPRESENTATION('',(#367),#371);
#367 = LINE('',#368,#369);
#368 = CARTESIAN_POINT('',(3.14159265359,-5.));
#369 = VECTOR('',#370,1.);
#370 = DIRECTION('',(-1.,0.));
#371 = ( GEOMETRIC_REPRESENTATION_CONTEXT(2) 
PARAMETRIC_REPRESENTATION_CONTEXT() REPRESENTATION_CONTEXT('2D SPACE',''
  ) );
#372 = ADVANCED_FACE('',(#373),#210,.F.);
#373 = FACE_BOUND('',#374,.F.);
#374 = EDGE_LOOP('',(#375,#376,#396,#397));
#375 = ORIENTED_EDGE('',*,*,#191,.T.);
#376 = ORIENTED_EDGE('',*,*,#377,.T.);
#377 = EDGE_CURVE('',#157,#328,#378,.T.);
#378 = SURFACE_CURVE('',#379,(#382,#389),.PCURVE_S1.);
#379 = B_SPLINE_CURVE_WITH_KNOTS('',1,(#380,#381),.UNSPECIFIED.,.F.,.F.,
  (2,2),(0.,18.),.PIECEWISE_BEZIER_KNOTS.);
#380 = CARTESIAN_POINT('',(4.,0.,0.));
#381 = CARTESIAN_POINT('',(4.,0.,18.));
#382 = PCURVE('',#210,#383);
#383 = DEFINITIONAL_REPRESENTATION('',(#384),#388);
#384 = LINE('',#385,#386);
#385 = CARTESIAN_POINT('',(3.14159265359,13.));
#386 = VECTOR('',#387,1.);
#387 = DIRECTION('',(0.,-1.));
#388 = ( GEOMETRIC_REPRESENTATION_CONTEXT(2) 
PARAMETRIC_REPRESENTATION_CONTEXT() REPRESENTATION_CONTEXT('2D SPACE',''
  ) );
#389 = PCURVE('',#179,#390);
#390 = DEFINITIONAL_REPRESENTATION('',(#391),#395);
#391 = LINE('',#392,#393);
#392 = CARTESIAN_POINT('',(3.14159265359,13.));
#393 = VECTOR('',#394,1.);
#394 = DIRECTION('',(0.,-1.));
#395 = ( GEOMETRIC_REPRESENTATION_CONTEXT(2) 
PARAMETRIC_REPRESENTATION_CONTEXT() REPRESENTATION_CONTEXT('2D SPACE',''
  ) );
#396 = ORIENTED_EDGE('',*,*,#325,.F.);
#397 = ORIENTED_EDGE('',*,*,#398,.F.);
#398 = EDGE_CURVE('',#159,#326,#399,.T.);
#399 = SURFACE_CURVE('',#400,(#403,#410),.PCURVE_S1.);
#400 = B_SPLINE_CURVE_WITH_KNOTS('',1,(#401,#402),.UNSPECIFIED.,.F.,.F.,
  (2,2),(0.,18.),.PIECEWISE_BEZIER_KNOTS.);
#401 = CARTESIAN_POINT('',(-4.,0.,0.));
#402 = CARTESIAN_POINT('',(-4.,0.,18.));
#403 = PCURVE('',#210,#404);
#404 = DEFINITIONAL_REPRESENTATION('',(#405),#409);
#405 = LINE('',#406,#407);
#406 = CARTESIAN_POINT('',(6.28318530718,13.));
#407 = VECTOR('',#408,1.);
#408 = DIRECTION('',(0.,-1.));
#409 = ( GEOMETRIC_REPRESENTATION_CONTEXT(2) 
PARAMETRIC_REPRESENTATION_CONTEXT() REPRESENTATION_CONTEXT('2D SPACE',''
  ) );
#410 = PCURVE('',#179,#411);
#411 = DEFINITIONAL_REPRESENTATION('',(#412),#416);
#412 = LINE('',#413,#414);
#413 = CARTESIAN_POINT('',(0.,13.));
#414 = VECTOR('',#415,1.);
#415 = DIRECTION('',(0.,-1.));
#416 = ( GEOMETRIC_REPRESENTATION_CONTEXT(2) 
PARAMETRIC_REPRESENTATION_CONTEXT() REPRESENTATION_CONTEXT('2D SPACE',''
  ) );
#417 = ADVANCED_FACE('',(#418),#142,.T.);
#418 = FACE_BOUND('',#419,.T.);
#419 = EDGE_LOOP('',(#420,#421,#422,#423));
#420 = ORIENTED_EDGE('',*,*,#277,.T.);
#421 = ORIENTED_EDGE('',*,*,#300,.F.);
#422 = ORIENTED_EDGE('',*,*,#226,.F.);
#423 = ORIENTED_EDGE('',*,*,#123,.T.);
#424 = ADVANCED_FACE('',(#425),#179,.F.);
#425 = FACE_BOUND('',#426,.F.);
#426 = EDGE_LOOP('',(#427,#428,#429,#430));
#427 = ORIENTED_EDGE('',*,*,#398,.T.);
#428 = ORIENTED_EDGE('',*,*,#351,.F.);
#429 = ORIENTED_EDGE('',*,*,#377,.F.);
#430 = ORIENTED_EDGE('',*,*,#156,.T.);
#431 = MANIFOLD_SOLID_BREP('',#432);
#432 = CLOSED_SHELL('',(#433,#755,#834,#1080,#1125,#1170,#1215,#1260,
    #1267,#1274,#1281,#1288));
#433 = ADVANCED_FACE('',(#434,#499,#567,#635,#695),#449,.T.);
#434 = FACE_BOUND('',#435,.T.);
#435 = EDGE_LOOP('',(#436,#472));
#436 = ORIENTED_EDGE('',*,*,#437,.T.);
#437 = EDGE_CURVE('',#438,#440,#442,.T.);
#438 = VERTEX_POINT('',#439);
#439 = CARTESIAN_POINT('',(19.5,0.,0.));
#440 = VERTEX_POINT('',#441);
#441 = CARTESIAN_POINT('',(-19.5,0.,0.));
#442 = SURFACE_CURVE('',#443,(#448,#460),.PCURVE_S1.);
#443 = CIRCLE('',#444,19.5);
#444 = AXIS2_PLACEMENT_3D('',#445,#446,#447);
#445 = CARTESIAN_POINT('',(0.,0.,0.));
#446 = DIRECTION('',(0.,0.,1.));
#447 = DIRECTION('',(1.,0.,-0.));
#448 = PCURVE('',#449,#454);
#449 = PLANE('',#450);
#450 = AXIS2_PLACEMENT_3D('',#451,#452,#453);
#451 = CARTESIAN_POINT('',(-19.89,-19.89,0.));
#452 = DIRECTION('',(0.,0.,1.));
#453 = DIRECTION('',(1.,0.,-0.));
#454 = DEFINITIONAL_REPRESENTATION('',(#455),#459);
#455 = CIRCLE('',#456,19.5);
#456 = AXIS2_PLACEMENT_2D('',#457,#458);
#457 = CARTESIAN_POINT('',(19.89,19.89));
#458 = DIRECTION('',(1.,0.));
#459 = ( GEOMETRIC_REPRESENTATION_CONTEXT(2) 
PARAMETRIC_REPRESENTATION_CONTEXT() REPRESENTATION_CONTEXT('2D SPACE',''
  ) );
#460 = PCURVE('',#461,#466);
#461 = CYLINDRICAL_SURFACE('',#462,19.5);
#462 = AXIS2_PLACEMENT_3D('',#463,#464,#465);
#463 = CARTESIAN_POINT('',(0.,0.,-2.5));
#464 = DIRECTION('',(0.,0.,-1.));
#465 = DIRECTION('',(-1.,0.,-0.));
#466 = DEFINITIONAL_REPRESENTATION('',(#467),#471);
#467 = LINE('',#468,#469);
#468 = CARTESIAN_POINT('',(3.14159265359,-2.5));
#469 = VECTOR('',#470,1.);
#470 = DIRECTION('',(-1.,0.));
#471 = ( GEOMETRIC_REPRESENTATION_CONTEXT(2) 
PARAMETRIC_REPRESENTATION_CONTEXT() REPRESENTATION_CONTEXT('2D SPACE',''
  ) );
#472 = ORIENTED_EDGE('',*,*,#473,.T.);
#473 = EDGE_CURVE('',#440,#438,#474,.T.);
#474 = SURFACE_CURVE('',#475,(#480,#487),.PCURVE_S1.);
#475 = CIRCLE('',#476,19.5);
#476 = AXIS2_PLACEMENT_3D('',#477,#478,#479);
#477 = CARTESIAN_POINT('',(0.,0.,0.));
#478 = DIRECTION('',(0.,0.,1.));
#479 = DIRECTION('',(-1.,0.,0.));
#480 = PCURVE('',#449,#481);
#481 = DEFINITIONAL_REPRESENTATION('',(#482),#486);
#482 = CIRCLE('',#483,19.5);
#483 = AXIS2_PLACEMENT_2D('',#484,#485);
#484 = CARTESIAN_POINT('',(19.89,19.89));
#485 = DIRECTION('',(-1.,0.));
#486 = ( GEOMETRIC_REPRESENTATION_CONTEXT(2) 
PARAMETRIC_REPRESENTATION_CONTEXT() REPRESENTATION_CONTEXT('2D SPACE',''
  ) );
#487 = PCURVE('',#488,#493);
#488 = CYLINDRICAL_SURFACE('',#489,19.5);
#489 = AXIS2_PLACEMENT_3D('',#490,#491,#492);
#490 = CARTESIAN_POINT('',(0.,0.,-2.5));
#491 = DIRECTION('',(0.,0.,-1.));
#492 = DIRECTION('',(-1.,0.,-0.));
#493 = DEFINITIONAL_REPRESENTATION('',(#494),#498);
#494 = LINE('',#495,#496);
#495 = CARTESIAN_POINT('',(6.28318530718,-2.5));
#496 = VECTOR('',#497,1.);
#497 = DIRECTION('',(-1.,0.));
#498 = ( GEOMETRIC_REPRESENTATION_CONTEXT(2) 
PARAMETRIC_REPRESENTATION_CONTEXT() REPRESENTATION_CONTEXT('2D SPACE',''
  ) );
#499 = FACE_BOUND('',#500,.T.);
#500 = EDGE_LOOP('',(#501,#536));
#501 = ORIENTED_EDGE('',*,*,#502,.T.);
#502 = EDGE_CURVE('',#503,#505,#507,.T.);
#503 = VERTEX_POINT('',#504);
#504 = CARTESIAN_POINT('',(17.75,0.,0.));
#505 = VERTEX_POINT('',#506);
#506 = CARTESIAN_POINT('',(14.25,0.,0.));
#507 = SURFACE_CURVE('',#508,(#513,#524),.PCURVE_S1.);
#508 = CIRCLE('',#509,1.75);
#509 = AXIS2_PLACEMENT_3D('',#510,#511,#512);
#510 = CARTESIAN_POINT('',(16.,0.,0.));
#511 = DIRECTION('',(0.,0.,-1.));
#512 = DIRECTION('',(1.,0.,0.));
#513 = PCURVE('',#449,#514);
#514 = DEFINITIONAL_REPRESENTATION('',(#515),#523);
#515 = ( BOUNDED_CURVE() B_SPLINE_CURVE(2,(#516,#517,#518,#519,#520,#521
,#522),.UNSPECIFIED.,.T.,.F.) B_SPLINE_CURVE_WITH_KNOTS((1,2,2,2,2,1),(
    -2.094395102393,0.,2.094395102393,4.188790204786,6.28318530718,
8.377580409573),.UNSPECIFIED.) CURVE() GEOMETRIC_REPRESENTATION_ITEM() 
RATIONAL_B_SPLINE_CURVE((1.,0.5,1.,0.5,1.,0.5,1.)) REPRESENTATION_ITEM(
  '') );
#516 = CARTESIAN_POINT('',(37.64,19.89));
#517 = CARTESIAN_POINT('',(37.64,16.858911086754));
#518 = CARTESIAN_POINT('',(35.015,18.374455543377));
#519 = CARTESIAN_POINT('',(32.39,19.89));
#520 = CARTESIAN_POINT('',(35.015,21.405544456623));
#521 = CARTESIAN_POINT('',(37.64,22.921088913246));
#522 = CARTESIAN_POINT('',(37.64,19.89));
#523 = ( GEOMETRIC_REPRESENTATION_CONTEXT(2) 
PARAMETRIC_REPRESENTATION_CONTEXT() REPRESENTATION_CONTEXT('2D SPACE',''
  ) );
#524 = PCURVE('',#525,#530);
#525 = CYLINDRICAL_SURFACE('',#526,1.75);
#526 = AXIS2_PLACEMENT_3D('',#527,#528,#529);
#527 = CARTESIAN_POINT('',(16.,0.,-6.5));
#528 = DIRECTION('',(0.,0.,-1.));
#529 = DIRECTION('',(-1.,0.,-0.));
#530 = DEFINITIONAL_REPRESENTATION('',(#531),#535);
#531 = LINE('',#532,#533);
#532 = CARTESIAN_POINT('',(3.14159265359,-6.5));
#533 = VECTOR('',#534,1.);
#534 = DIRECTION('',(1.,0.));
#535 = ( GEOMETRIC_REPRESENTATION_CONTEXT(2) 
PARAMETRIC_REPRESENTATION_CONTEXT() REPRESENTATION_CONTEXT('2D SPACE',''
  ) );
#536 = ORIENTED_EDGE('',*,*,#537,.T.);
#537 = EDGE_CURVE('',#505,#503,#538,.T.);
#538 = SURFACE_CURVE('',#539,(#544,#555),.PCURVE_S1.);
#539 = CIRCLE('',#540,1.75);
#540 = AXIS2_PLACEMENT_3D('',#541,#542,#543);
#541 = CARTESIAN_POINT('',(16.,0.,0.));
#542 = DIRECTION('',(0.,0.,-1.));
#543 = DIRECTION('',(-1.,0.,0.));
#544 = PCURVE('',#449,#545);
#545 = DEFINITIONAL_REPRESENTATION('',(#546),#554);
#546 = ( BOUNDED_CURVE() B_SPLINE_CURVE(2,(#547,#548,#549,#550,#551,#552
,#553),.UNSPECIFIED.,.T.,.F.) B_SPLINE_CURVE_WITH_KNOTS((1,2,2,2,2,1),(
    -2.094395102393,0.,2.094395102393,4.188790204786,6.28318530718,
8.377580409573),.UNSPECIFIED.) CURVE() GEOMETRIC_REPRESENTATION_ITEM() 
RATIONAL_B_SPLINE_CURVE((1.,0.5,1.,0.5,1.,0.5,1.)) REPRESENTATION_ITEM(
  '') );
#547 = CARTESIAN_POINT('',(34.14,19.89));
#548 = CARTESIAN_POINT('',(34.14,22.921088913246));
#549 = CARTESIAN_POINT('',(36.765,21.405544456623));
#550 = CARTESIAN_POINT('',(39.39,19.89));
#551 = CARTESIAN_POINT('',(36.765,18.374455543377));
#552 = CARTESIAN_POINT('',(34.14,16.858911086754));
#553 = CARTESIAN_POINT('',(34.14,19.89));
#554 = ( GEOMETRIC_REPRESENTATION_CONTEXT(2) 
PARAMETRIC_REPRESENTATION_CONTEXT() REPRESENTATION_CONTEXT('2D SPACE',''
  ) );
#555 = PCURVE('',#556,#561);
#556 = CYLINDRICAL_SURFACE('',#557,1.75);
#557 = AXIS2_PLACEMENT_3D('',#558,#559,#560);
#558 = CARTESIAN_POINT('',(16.,0.,-6.5));
#559 = DIRECTION('',(0.,0.,-1.));
#560 = DIRECTION('',(-1.,0.,-0.));
#561 = DEFINITIONAL_REPRESENTATION('',(#562),#566);
#562 = LINE('',#563,#564);
#563 = CARTESIAN_POINT('',(0.,-6.5));
#564 = VECTOR('',#565,1.);
#565 = DIRECTION('',(1.,0.));
#566 = ( GEOMETRIC_REPRESENTATION_CONTEXT(2) 
PARAMETRIC_REPRESENTATION_CONTEXT() REPRESENTATION_CONTEXT('2D SPACE',''
  ) );
#567 = FACE_BOUND('',#568,.T.);
#568 = EDGE_LOOP('',(#569,#604));
#569 = ORIENTED_EDGE('',*,*,#570,.T.);
#570 = EDGE_CURVE('',#571,#573,#575,.T.);
#571 = VERTEX_POINT('',#572);
#572 = CARTESIAN_POINT('',(1.591615728103E-12,17.750000000051,0.));
#573 = VERTEX_POINT('',#574);
#574 = CARTESIAN_POINT('',(1.591615728103E-12,14.250000000051,0.));
#575 = SURFACE_CURVE('',#576,(#581,#592),.PCURVE_S1.);
#576 = CIRCLE('',#577,1.75);
#577 = AXIS2_PLACEMENT_3D('',#578,#579,#580);
#578 = CARTESIAN_POINT('',(1.587677494221E-12,16.000000000051,0.));
#579 = DIRECTION('',(0.,0.,-1.));
#580 = DIRECTION('',(2.250419360907E-15,1.,0.));
#581 = PCURVE('',#449,#582);
#582 = DEFINITIONAL_REPRESENTATION('',(#583),#591);
#583 = ( BOUNDED_CURVE() B_SPLINE_CURVE(2,(#584,#585,#586,#587,#588,#589
,#590),.UNSPECIFIED.,.T.,.F.) B_SPLINE_CURVE_WITH_KNOTS((1,2,2,2,2,1),(
    -2.094395102393,0.,2.094395102393,4.188790204786,6.28318530718,
8.377580409573),.UNSPECIFIED.) CURVE() GEOMETRIC_REPRESENTATION_ITEM() 
RATIONAL_B_SPLINE_CURVE((1.,0.5,1.,0.5,1.,0.5,1.)) REPRESENTATION_ITEM(
  '') );
#584 = CARTESIAN_POINT('',(19.890000000002,37.640000000051));
#585 = CARTESIAN_POINT('',(22.921088913247,37.640000000051));
#586 = CARTESIAN_POINT('',(21.405544456624,35.015000000051));
#587 = CARTESIAN_POINT('',(19.890000000002,32.390000000051));
#588 = CARTESIAN_POINT('',(18.374455543379,35.015000000051));
#589 = CARTESIAN_POINT('',(16.858911086756,37.640000000051));
#590 = CARTESIAN_POINT('',(19.890000000002,37.640000000051));
#591 = ( GEOMETRIC_REPRESENTATION_CONTEXT(2) 
PARAMETRIC_REPRESENTATION_CONTEXT() REPRESENTATION_CONTEXT('2D SPACE',''
  ) );
#592 = PCURVE('',#593,#598);
#593 = CYLINDRICAL_SURFACE('',#594,1.75);
#594 = AXIS2_PLACEMENT_3D('',#595,#596,#597);
#595 = CARTESIAN_POINT('',(1.587677494221E-12,16.000000000051,-6.5));
#596 = DIRECTION('',(0.,0.,-1.));
#597 = DIRECTION('',(-1.,0.,-0.));
#598 = DEFINITIONAL_REPRESENTATION('',(#599),#603);
#599 = LINE('',#600,#601);
#600 = CARTESIAN_POINT('',(1.570796326795,-6.5));
#601 = VECTOR('',#602,1.);
#602 = DIRECTION('',(1.,0.));
#603 = ( GEOMETRIC_REPRESENTATION_CONTEXT(2) 
PARAMETRIC_REPRESENTATION_CONTEXT() REPRESENTATION_CONTEXT('2D SPACE',''
  ) );
#604 = ORIENTED_EDGE('',*,*,#605,.T.);
#605 = EDGE_CURVE('',#573,#571,#606,.T.);
#606 = SURFACE_CURVE('',#607,(#612,#623),.PCURVE_S1.);
#607 = CIRCLE('',#608,1.75);
#608 = AXIS2_PLACEMENT_3D('',#609,#610,#611);
#609 = CARTESIAN_POINT('',(1.595213938023E-12,16.000000000051,0.));
#610 = DIRECTION('',(0.,0.,-1.));
#611 = DIRECTION('',(-2.05611995434E-15,-1.,-0.));
#612 = PCURVE('',#449,#613);
#613 = DEFINITIONAL_REPRESENTATION('',(#614),#622);
#614 = ( BOUNDED_CURVE() B_SPLINE_CURVE(2,(#615,#616,#617,#618,#619,#620
,#621),.UNSPECIFIED.,.T.,.F.) B_SPLINE_CURVE_WITH_KNOTS((1,2,2,2,2,1),(
    -2.094395102393,0.,2.094395102393,4.188790204786,6.28318530718,
8.377580409573),.UNSPECIFIED.) CURVE() GEOMETRIC_REPRESENTATION_ITEM() 
RATIONAL_B_SPLINE_CURVE((1.,0.5,1.,0.5,1.,0.5,1.)) REPRESENTATION_ITEM(
  '') );
#615 = CARTESIAN_POINT('',(19.890000000002,34.140000000051));
#616 = CARTESIAN_POINT('',(16.858911086756,34.140000000051));
#617 = CARTESIAN_POINT('',(18.374455543379,36.765000000051));
#618 = CARTESIAN_POINT('',(19.890000000002,39.390000000051));
#619 = CARTESIAN_POINT('',(21.405544456624,36.765000000051));
#620 = CARTESIAN_POINT('',(22.921088913247,34.140000000051));
#621 = CARTESIAN_POINT('',(19.890000000002,34.140000000051));
#622 = ( GEOMETRIC_REPRESENTATION_CONTEXT(2) 
PARAMETRIC_REPRESENTATION_CONTEXT() REPRESENTATION_CONTEXT('2D SPACE',''
  ) );
#623 = PCURVE('',#624,#629);
#624 = CYLINDRICAL_SURFACE('',#625,1.75);
#625 = AXIS2_PLACEMENT_3D('',#626,#627,#628);
#626 = CARTESIAN_POINT('',(1.595213938023E-12,16.000000000051,-6.5));
#627 = DIRECTION('',(0.,0.,-1.));
#628 = DIRECTION('',(-1.,0.,-0.));
#629 = DEFINITIONAL_REPRESENTATION('',(#630),#634);
#630 = LINE('',#631,#632);
#631 = CARTESIAN_POINT('',(-1.570796326795,-6.5));
#632 = VECTOR('',#633,1.);
#633 = DIRECTION('',(1.,0.));
#634 = ( GEOMETRIC_REPRESENTATION_CONTEXT(2) 
PARAMETRIC_REPRESENTATION_CONTEXT() REPRESENTATION_CONTEXT('2D SPACE',''
  ) );
#635 = FACE_BOUND('',#636,.T.);
#636 = EDGE_LOOP('',(#637,#668));
#637 = ORIENTED_EDGE('',*,*,#638,.F.);
#638 = EDGE_CURVE('',#639,#641,#643,.T.);
#639 = VERTEX_POINT('',#640);
#640 = CARTESIAN_POINT('',(-14.25,4.654054919229E-11,-3.552713678801E-15
    ));
#641 = VERTEX_POINT('',#642);
#642 = CARTESIAN_POINT('',(-17.75,5.843503458891E-11,-7.105427357601E-15
    ));
#643 = SURFACE_CURVE('',#644,(#649,#656),.PCURVE_S1.);
#644 = CIRCLE('',#645,1.75);
#645 = AXIS2_PLACEMENT_3D('',#646,#647,#648);
#646 = CARTESIAN_POINT('',(-16.,5.263700586511E-11,-3.552713678801E-15)
  );
#647 = DIRECTION('',(0.,0.,1.));
#648 = DIRECTION('',(1.,-3.483689527327E-12,0.));
#649 = PCURVE('',#449,#650);
#650 = DEFINITIONAL_REPRESENTATION('',(#651),#655);
#651 = CIRCLE('',#652,1.75);
#652 = AXIS2_PLACEMENT_2D('',#653,#654);
#653 = CARTESIAN_POINT('',(3.89,19.890000000053));
#654 = DIRECTION('',(1.,-3.483689527327E-12));
#655 = ( GEOMETRIC_REPRESENTATION_CONTEXT(2) 
PARAMETRIC_REPRESENTATION_CONTEXT() REPRESENTATION_CONTEXT('2D SPACE',''
  ) );
#656 = PCURVE('',#657,#662);
#657 = CYLINDRICAL_SURFACE('',#658,1.75);
#658 = AXIS2_PLACEMENT_3D('',#659,#660,#661);
#659 = CARTESIAN_POINT('',(-16.,5.229594535194E-11,-6.5));
#660 = DIRECTION('',(0.,0.,1.));
#661 = DIRECTION('',(1.,0.,-0.));
#662 = DEFINITIONAL_REPRESENTATION('',(#663),#667);
#663 = LINE('',#664,#665);
#664 = CARTESIAN_POINT('',(0.,6.5));
#665 = VECTOR('',#666,1.);
#666 = DIRECTION('',(1.,0.));
#667 = ( GEOMETRIC_REPRESENTATION_CONTEXT(2) 
PARAMETRIC_REPRESENTATION_CONTEXT() REPRESENTATION_CONTEXT('2D SPACE',''
  ) );
#668 = ORIENTED_EDGE('',*,*,#669,.F.);
#669 = EDGE_CURVE('',#641,#639,#670,.T.);
#670 = SURFACE_CURVE('',#671,(#676,#683),.PCURVE_S1.);
#671 = CIRCLE('',#672,1.75);
#672 = AXIS2_PLACEMENT_3D('',#673,#674,#675);
#673 = CARTESIAN_POINT('',(-16.,5.263703565906E-11,-3.552713678801E-15)
  );
#674 = DIRECTION('',(0.,0.,1.));
#675 = DIRECTION('',(-1.,3.288780780401E-12,0.));
#676 = PCURVE('',#449,#677);
#677 = DEFINITIONAL_REPRESENTATION('',(#678),#682);
#678 = CIRCLE('',#679,1.75);
#679 = AXIS2_PLACEMENT_2D('',#680,#681);
#680 = CARTESIAN_POINT('',(3.89,19.890000000053));
#681 = DIRECTION('',(-1.,3.288780780401E-12));
#682 = ( GEOMETRIC_REPRESENTATION_CONTEXT(2) 
PARAMETRIC_REPRESENTATION_CONTEXT() REPRESENTATION_CONTEXT('2D SPACE',''
  ) );
#683 = PCURVE('',#684,#689);
#684 = CYLINDRICAL_SURFACE('',#685,1.75);
#685 = AXIS2_PLACEMENT_3D('',#686,#687,#688);
#686 = CARTESIAN_POINT('',(-16.,5.229594535194E-11,-6.5));
#687 = DIRECTION('',(0.,0.,1.));
#688 = DIRECTION('',(1.,0.,-0.));
#689 = DEFINITIONAL_REPRESENTATION('',(#690),#694);
#690 = LINE('',#691,#692);
#691 = CARTESIAN_POINT('',(3.141592653586,6.5));
#692 = VECTOR('',#693,1.);
#693 = DIRECTION('',(1.,0.));
#694 = ( GEOMETRIC_REPRESENTATION_CONTEXT(2) 
PARAMETRIC_REPRESENTATION_CONTEXT() REPRESENTATION_CONTEXT('2D SPACE',''
  ) );
#695 = FACE_BOUND('',#696,.T.);
#696 = EDGE_LOOP('',(#697,#728));
#697 = ORIENTED_EDGE('',*,*,#698,.F.);
#698 = EDGE_CURVE('',#699,#701,#703,.T.);
#699 = VERTEX_POINT('',#700);
#700 = CARTESIAN_POINT('',(-4.547473508865E-11,-14.24999999994,
    3.552713678801E-15));
#701 = VERTEX_POINT('',#702);
#702 = CARTESIAN_POINT('',(-5.684341886081E-11,-17.74999999994,
    7.105427357601E-15));
#703 = SURFACE_CURVE('',#704,(#709,#716),.PCURVE_S1.);
#704 = CIRCLE('',#705,1.75);
#705 = AXIS2_PLACEMENT_3D('',#706,#707,#708);
#706 = CARTESIAN_POINT('',(-5.104558994293E-11,-15.99999999994,
    3.552713678801E-15));
#707 = DIRECTION('',(0.,0.,1.));
#708 = DIRECTION('',(3.183345631017E-12,1.,-0.));
#709 = PCURVE('',#449,#710);
#710 = DEFINITIONAL_REPRESENTATION('',(#711),#715);
#711 = CIRCLE('',#712,1.75);
#712 = AXIS2_PLACEMENT_2D('',#713,#714);
#713 = CARTESIAN_POINT('',(19.889999999949,3.890000000051));
#714 = DIRECTION('',(3.183345631017E-12,1.));
#715 = ( GEOMETRIC_REPRESENTATION_CONTEXT(2) 
PARAMETRIC_REPRESENTATION_CONTEXT() REPRESENTATION_CONTEXT('2D SPACE',''
  ) );
#716 = PCURVE('',#717,#722);
#717 = CYLINDRICAL_SURFACE('',#718,1.75);
#718 = AXIS2_PLACEMENT_3D('',#719,#720,#721);
#719 = CARTESIAN_POINT('',(-5.127276381245E-11,-15.99999999994,-6.5));
#720 = DIRECTION('',(0.,0.,1.));
#721 = DIRECTION('',(1.,0.,-0.));
#722 = DEFINITIONAL_REPRESENTATION('',(#723),#727);
#723 = LINE('',#724,#725);
#724 = CARTESIAN_POINT('',(1.570796326792,6.5));
#725 = VECTOR('',#726,1.);
#726 = DIRECTION('',(1.,0.));
#727 = ( GEOMETRIC_REPRESENTATION_CONTEXT(2) 
PARAMETRIC_REPRESENTATION_CONTEXT() REPRESENTATION_CONTEXT('2D SPACE',''
  ) );
#728 = ORIENTED_EDGE('',*,*,#729,.F.);
#729 = EDGE_CURVE('',#701,#699,#730,.T.);
#730 = SURFACE_CURVE('',#731,(#736,#743),.PCURVE_S1.);
#731 = CIRCLE('',#732,1.75);
#732 = AXIS2_PLACEMENT_3D('',#733,#734,#735);
#733 = CARTESIAN_POINT('',(-5.104716649384E-11,-15.99999999994,
    3.552713678801E-15));
#734 = DIRECTION('',(0.,0.,1.));
#735 = DIRECTION('',(-3.312144209693E-12,-1.,0.));
#736 = PCURVE('',#449,#737);
#737 = DEFINITIONAL_REPRESENTATION('',(#738),#742);
#738 = CIRCLE('',#739,1.75);
#739 = AXIS2_PLACEMENT_2D('',#740,#741);
#740 = CARTESIAN_POINT('',(19.889999999949,3.890000000051));
#741 = DIRECTION('',(-3.312144209693E-12,-1.));
#742 = ( GEOMETRIC_REPRESENTATION_CONTEXT(2) 
PARAMETRIC_REPRESENTATION_CONTEXT() REPRESENTATION_CONTEXT('2D SPACE',''
  ) );
#743 = PCURVE('',#744,#749);
#744 = CYLINDRICAL_SURFACE('',#745,1.75);
#745 = AXIS2_PLACEMENT_3D('',#746,#747,#748);
#746 = CARTESIAN_POINT('',(-5.127276381245E-11,-15.99999999994,-6.5));
#747 = DIRECTION('',(0.,0.,1.));
#748 = DIRECTION('',(1.,0.,-0.));
#749 = DEFINITIONAL_REPRESENTATION('',(#750),#754);
#750 = LINE('',#751,#752);
#751 = CARTESIAN_POINT('',(4.712388980382,6.5));
#752 = VECTOR('',#753,1.);
#753 = DIRECTION('',(1.,0.));
#754 = ( GEOMETRIC_REPRESENTATION_CONTEXT(2) 
PARAMETRIC_REPRESENTATION_CONTEXT() REPRESENTATION_CONTEXT('2D SPACE',''
  ) );
#755 = ADVANCED_FACE('',(#756),#488,.T.);
#756 = FACE_BOUND('',#757,.T.);
#757 = EDGE_LOOP('',(#758,#780,#813,#833));
#758 = ORIENTED_EDGE('',*,*,#759,.T.);
#759 = EDGE_CURVE('',#440,#760,#762,.T.);
#760 = VERTEX_POINT('',#761);
#761 = CARTESIAN_POINT('',(-19.5,0.,-5.));
#762 = SURFACE_CURVE('',#763,(#766,#773),.PCURVE_S1.);
#763 = B_SPLINE_CURVE_WITH_KNOTS('',1,(#764,#765),.UNSPECIFIED.,.F.,.F.,
  (2,2),(0.,5.),.PIECEWISE_BEZIER_KNOTS.);
#764 = CARTESIAN_POINT('',(-19.5,0.,0.));
#765 = CARTESIAN_POINT('',(-19.5,0.,-5.));
#766 = PCURVE('',#488,#767);
#767 = DEFINITIONAL_REPRESENTATION('',(#768),#772);
#768 = LINE('',#769,#770);
#769 = CARTESIAN_POINT('',(6.28318530718,-2.5));
#770 = VECTOR('',#771,1.);
#771 = DIRECTION('',(0.,1.));
#772 = ( GEOMETRIC_REPRESENTATION_CONTEXT(2) 
PARAMETRIC_REPRESENTATION_CONTEXT() REPRESENTATION_CONTEXT('2D SPACE',''
  ) );
#773 = PCURVE('',#461,#774);
#774 = DEFINITIONAL_REPRESENTATION('',(#775),#779);
#775 = LINE('',#776,#777);
#776 = CARTESIAN_POINT('',(0.,-2.5));
#777 = VECTOR('',#778,1.);
#778 = DIRECTION('',(0.,1.));
#779 = ( GEOMETRIC_REPRESENTATION_CONTEXT(2) 
PARAMETRIC_REPRESENTATION_CONTEXT() REPRESENTATION_CONTEXT('2D SPACE',''
  ) );
#780 = ORIENTED_EDGE('',*,*,#781,.T.);
#781 = EDGE_CURVE('',#760,#782,#784,.T.);
#782 = VERTEX_POINT('',#783);
#783 = CARTESIAN_POINT('',(19.5,0.,-5.));
#784 = SURFACE_CURVE('',#785,(#790,#797),.PCURVE_S1.);
#785 = CIRCLE('',#786,19.5);
#786 = AXIS2_PLACEMENT_3D('',#787,#788,#789);
#787 = CARTESIAN_POINT('',(0.,0.,-5.));
#788 = DIRECTION('',(0.,0.,1.));
#789 = DIRECTION('',(-1.,0.,0.));
#790 = PCURVE('',#488,#791);
#791 = DEFINITIONAL_REPRESENTATION('',(#792),#796);
#792 = LINE('',#793,#794);
#793 = CARTESIAN_POINT('',(6.28318530718,2.5));
#794 = VECTOR('',#795,1.);
#795 = DIRECTION('',(-1.,0.));
#796 = ( GEOMETRIC_REPRESENTATION_CONTEXT(2) 
PARAMETRIC_REPRESENTATION_CONTEXT() REPRESENTATION_CONTEXT('2D SPACE',''
  ) );
#797 = PCURVE('',#798,#803);
#798 = PLANE('',#799);
#799 = AXIS2_PLACEMENT_3D('',#800,#801,#802);
#800 = CARTESIAN_POINT('',(-19.89,-19.89,-5.));
#801 = DIRECTION('',(0.,0.,-1.));
#802 = DIRECTION('',(-1.,0.,-0.));
#803 = DEFINITIONAL_REPRESENTATION('',(#804),#812);
#804 = ( BOUNDED_CURVE() B_SPLINE_CURVE(2,(#805,#806,#807,#808,#809,#810
,#811),.UNSPECIFIED.,.T.,.F.) B_SPLINE_CURVE_WITH_KNOTS((1,2,2,2,2,1),(
    -2.094395102393,0.,2.094395102393,4.188790204786,6.28318530718,
8.377580409573),.UNSPECIFIED.) CURVE() GEOMETRIC_REPRESENTATION_ITEM() 
RATIONAL_B_SPLINE_CURVE((1.,0.5,1.,0.5,1.,0.5,1.)) REPRESENTATION_ITEM(
  '') );
#805 = CARTESIAN_POINT('',(-0.39,19.89));
#806 = CARTESIAN_POINT('',(-0.39,-13.88499074759));
#807 = CARTESIAN_POINT('',(-29.64,3.002504626203));
#808 = CARTESIAN_POINT('',(-58.89,19.89));
#809 = CARTESIAN_POINT('',(-29.64,36.777495373797));
#810 = CARTESIAN_POINT('',(-0.39,53.664990747593));
#811 = CARTESIAN_POINT('',(-0.39,19.89));
#812 = ( GEOMETRIC_REPRESENTATION_CONTEXT(2) 
PARAMETRIC_REPRESENTATION_CONTEXT() REPRESENTATION_CONTEXT('2D SPACE',''
  ) );
#813 = ORIENTED_EDGE('',*,*,#814,.F.);
#814 = EDGE_CURVE('',#438,#782,#815,.T.);
#815 = SURFACE_CURVE('',#816,(#819,#826),.PCURVE_S1.);
#816 = B_SPLINE_CURVE_WITH_KNOTS('',1,(#817,#818),.UNSPECIFIED.,.F.,.F.,
  (2,2),(0.,5.),.PIECEWISE_BEZIER_KNOTS.);
#817 = CARTESIAN_POINT('',(19.5,0.,0.));
#818 = CARTESIAN_POINT('',(19.5,0.,-5.));
#819 = PCURVE('',#488,#820);
#820 = DEFINITIONAL_REPRESENTATION('',(#821),#825);
#821 = LINE('',#822,#823);
#822 = CARTESIAN_POINT('',(3.14159265359,-2.5));
#823 = VECTOR('',#824,1.);
#824 = DIRECTION('',(0.,1.));
#825 = ( GEOMETRIC_REPRESENTATION_CONTEXT(2) 
PARAMETRIC_REPRESENTATION_CONTEXT() REPRESENTATION_CONTEXT('2D SPACE',''
  ) );
#826 = PCURVE('',#461,#827);
#827 = DEFINITIONAL_REPRESENTATION('',(#828),#832);
#828 = LINE('',#829,#830);
#829 = CARTESIAN_POINT('',(3.14159265359,-2.5));
#830 = VECTOR('',#831,1.);
#831 = DIRECTION('',(0.,1.));
#832 = ( GEOMETRIC_REPRESENTATION_CONTEXT(2) 
PARAMETRIC_REPRESENTATION_CONTEXT() REPRESENTATION_CONTEXT('2D SPACE',''
  ) );
#833 = ORIENTED_EDGE('',*,*,#473,.F.);
#834 = ADVANCED_FACE('',(#835,#864,#914,#964,#1022),#798,.T.);
#835 = FACE_BOUND('',#836,.T.);
#836 = EDGE_LOOP('',(#837,#838));
#837 = ORIENTED_EDGE('',*,*,#781,.F.);
#838 = ORIENTED_EDGE('',*,*,#839,.F.);
#839 = EDGE_CURVE('',#782,#760,#840,.T.);
#840 = SURFACE_CURVE('',#841,(#846,#857),.PCURVE_S1.);
#841 = CIRCLE('',#842,19.5);
#842 = AXIS2_PLACEMENT_3D('',#843,#844,#845);
#843 = CARTESIAN_POINT('',(0.,0.,-5.));
#844 = DIRECTION('',(0.,0.,1.));
#845 = DIRECTION('',(1.,0.,-0.));
#846 = PCURVE('',#798,#847);
#847 = DEFINITIONAL_REPRESENTATION('',(#848),#856);
#848 = ( BOUNDED_CURVE() B_SPLINE_CURVE(2,(#849,#850,#851,#852,#853,#854
,#855),.UNSPECIFIED.,.T.,.F.) B_SPLINE_CURVE_WITH_KNOTS((1,2,2,2,2,1),(
    -2.094395102393,0.,2.094395102393,4.188790204786,6.28318530718,
8.377580409573),.UNSPECIFIED.) CURVE() GEOMETRIC_REPRESENTATION_ITEM() 
RATIONAL_B_SPLINE_CURVE((1.,0.5,1.,0.5,1.,0.5,1.)) REPRESENTATION_ITEM(
  '') );
#849 = CARTESIAN_POINT('',(-39.39,19.89));
#850 = CARTESIAN_POINT('',(-39.39,53.664990747593));
#851 = CARTESIAN_POINT('',(-10.14,36.777495373797));
#852 = CARTESIAN_POINT('',(19.11,19.89));
#853 = CARTESIAN_POINT('',(-10.14,3.002504626203));
#854 = CARTESIAN_POINT('',(-39.39,-13.88499074759));
#855 = CARTESIAN_POINT('',(-39.39,19.89));
#856 = ( GEOMETRIC_REPRESENTATION_CONTEXT(2) 
PARAMETRIC_REPRESENTATION_CONTEXT() REPRESENTATION_CONTEXT('2D SPACE',''
  ) );
#857 = PCURVE('',#461,#858);
#858 = DEFINITIONAL_REPRESENTATION('',(#859),#863);
#859 = LINE('',#860,#861);
#860 = CARTESIAN_POINT('',(3.14159265359,2.5));
#861 = VECTOR('',#862,1.);
#862 = DIRECTION('',(-1.,0.));
#863 = ( GEOMETRIC_REPRESENTATION_CONTEXT(2) 
PARAMETRIC_REPRESENTATION_CONTEXT() REPRESENTATION_CONTEXT('2D SPACE',''
  ) );
#864 = FACE_BOUND('',#865,.T.);
#865 = EDGE_LOOP('',(#866,#892));
#866 = ORIENTED_EDGE('',*,*,#867,.F.);
#867 = EDGE_CURVE('',#868,#870,#872,.T.);
#868 = VERTEX_POINT('',#869);
#869 = CARTESIAN_POINT('',(14.25,0.,-5.));
#870 = VERTEX_POINT('',#871);
#871 = CARTESIAN_POINT('',(17.75,0.,-5.));
#872 = SURFACE_CURVE('',#873,(#878,#885),.PCURVE_S1.);
#873 = CIRCLE('',#874,1.75);
#874 = AXIS2_PLACEMENT_3D('',#875,#876,#877);
#875 = CARTESIAN_POINT('',(16.,0.,-5.));
#876 = DIRECTION('',(0.,0.,-1.));
#877 = DIRECTION('',(-1.,0.,0.));
#878 = PCURVE('',#798,#879);
#879 = DEFINITIONAL_REPRESENTATION('',(#880),#884);
#880 = CIRCLE('',#881,1.75);
#881 = AXIS2_PLACEMENT_2D('',#882,#883);
#882 = CARTESIAN_POINT('',(-35.89,19.89));
#883 = DIRECTION('',(1.,0.));
#884 = ( GEOMETRIC_REPRESENTATION_CONTEXT(2) 
PARAMETRIC_REPRESENTATION_CONTEXT() REPRESENTATION_CONTEXT('2D SPACE',''
  ) );
#885 = PCURVE('',#556,#886);
#886 = DEFINITIONAL_REPRESENTATION('',(#887),#891);
#887 = LINE('',#888,#889);
#888 = CARTESIAN_POINT('',(0.,-1.5));
#889 = VECTOR('',#890,1.);
#890 = DIRECTION('',(1.,0.));
#891 = ( GEOMETRIC_REPRESENTATION_CONTEXT(2) 
PARAMETRIC_REPRESENTATION_CONTEXT() REPRESENTATION_CONTEXT('2D SPACE',''
  ) );
#892 = ORIENTED_EDGE('',*,*,#893,.F.);
#893 = EDGE_CURVE('',#870,#868,#894,.T.);
#894 = SURFACE_CURVE('',#895,(#900,#907),.PCURVE_S1.);
#895 = CIRCLE('',#896,1.75);
#896 = AXIS2_PLACEMENT_3D('',#897,#898,#899);
#897 = CARTESIAN_POINT('',(16.,0.,-5.));
#898 = DIRECTION('',(0.,0.,-1.));
#899 = DIRECTION('',(1.,0.,0.));
#900 = PCURVE('',#798,#901);
#901 = DEFINITIONAL_REPRESENTATION('',(#902),#906);
#902 = CIRCLE('',#903,1.75);
#903 = AXIS2_PLACEMENT_2D('',#904,#905);
#904 = CARTESIAN_POINT('',(-35.89,19.89));
#905 = DIRECTION('',(-1.,0.));
#906 = ( GEOMETRIC_REPRESENTATION_CONTEXT(2) 
PARAMETRIC_REPRESENTATION_CONTEXT() REPRESENTATION_CONTEXT('2D SPACE',''
  ) );
#907 = PCURVE('',#525,#908);
#908 = DEFINITIONAL_REPRESENTATION('',(#909),#913);
#909 = LINE('',#910,#911);
#910 = CARTESIAN_POINT('',(3.14159265359,-1.5));
#911 = VECTOR('',#912,1.);
#912 = DIRECTION('',(1.,0.));
#913 = ( GEOMETRIC_REPRESENTATION_CONTEXT(2) 
PARAMETRIC_REPRESENTATION_CONTEXT() REPRESENTATION_CONTEXT('2D SPACE',''
  ) );
#914 = FACE_BOUND('',#915,.T.);
#915 = EDGE_LOOP('',(#916,#942));
#916 = ORIENTED_EDGE('',*,*,#917,.F.);
#917 = EDGE_CURVE('',#918,#920,#922,.T.);
#918 = VERTEX_POINT('',#919);
#919 = CARTESIAN_POINT('',(1.591615728103E-12,14.250000000051,-5.));
#920 = VERTEX_POINT('',#921);
#921 = CARTESIAN_POINT('',(1.477928890381E-12,17.750000000051,-5.));
#922 = SURFACE_CURVE('',#923,(#928,#935),.PCURVE_S1.);
#923 = CIRCLE('',#924,1.75);
#924 = AXIS2_PLACEMENT_3D('',#925,#926,#927);
#925 = CARTESIAN_POINT('',(1.595213938023E-12,16.000000000051,-5.));
#926 = DIRECTION('',(0.,0.,-1.));
#927 = DIRECTION('',(-2.05611995434E-15,-1.,-0.));
#928 = PCURVE('',#798,#929);
#929 = DEFINITIONAL_REPRESENTATION('',(#930),#934);
#930 = CIRCLE('',#931,1.75);
#931 = AXIS2_PLACEMENT_2D('',#932,#933);
#932 = CARTESIAN_POINT('',(-19.89,35.890000000051));
#933 = DIRECTION('',(2.05611995434E-15,-1.));
#934 = ( GEOMETRIC_REPRESENTATION_CONTEXT(2) 
PARAMETRIC_REPRESENTATION_CONTEXT() REPRESENTATION_CONTEXT('2D SPACE',''
  ) );
#935 = PCURVE('',#624,#936);
#936 = DEFINITIONAL_REPRESENTATION('',(#937),#941);
#937 = LINE('',#938,#939);
#938 = CARTESIAN_POINT('',(-1.570796326795,-1.5));
#939 = VECTOR('',#940,1.);
#940 = DIRECTION('',(1.,0.));
#941 = ( GEOMETRIC_REPRESENTATION_CONTEXT(2) 
PARAMETRIC_REPRESENTATION_CONTEXT() REPRESENTATION_CONTEXT('2D SPACE',''
  ) );
#942 = ORIENTED_EDGE('',*,*,#943,.F.);
#943 = EDGE_CURVE('',#920,#918,#944,.T.);
#944 = SURFACE_CURVE('',#945,(#950,#957),.PCURVE_S1.);
#945 = CIRCLE('',#946,1.75);
#946 = AXIS2_PLACEMENT_3D('',#947,#948,#949);
#947 = CARTESIAN_POINT('',(1.587677494221E-12,16.000000000051,-5.));
#948 = DIRECTION('',(0.,0.,-1.));
#949 = DIRECTION('',(2.250419360907E-15,1.,0.));
#950 = PCURVE('',#798,#951);
#951 = DEFINITIONAL_REPRESENTATION('',(#952),#956);
#952 = CIRCLE('',#953,1.75);
#953 = AXIS2_PLACEMENT_2D('',#954,#955);
#954 = CARTESIAN_POINT('',(-19.89,35.890000000051));
#955 = DIRECTION('',(-2.250419360907E-15,1.));
#956 = ( GEOMETRIC_REPRESENTATION_CONTEXT(2) 
PARAMETRIC_REPRESENTATION_CONTEXT() REPRESENTATION_CONTEXT('2D SPACE',''
  ) );
#957 = PCURVE('',#593,#958);
#958 = DEFINITIONAL_REPRESENTATION('',(#959),#963);
#959 = LINE('',#960,#961);
#960 = CARTESIAN_POINT('',(1.570796326795,-1.5));
#961 = VECTOR('',#962,1.);
#962 = DIRECTION('',(1.,0.));
#963 = ( GEOMETRIC_REPRESENTATION_CONTEXT(2) 
PARAMETRIC_REPRESENTATION_CONTEXT() REPRESENTATION_CONTEXT('2D SPACE',''
  ) );
#964 = FACE_BOUND('',#965,.T.);
#965 = EDGE_LOOP('',(#966,#996));
#966 = ORIENTED_EDGE('',*,*,#967,.T.);
#967 = EDGE_CURVE('',#968,#970,#972,.T.);
#968 = VERTEX_POINT('',#969);
#969 = CARTESIAN_POINT('',(-17.75,5.843503458891E-11,-5.));
#970 = VERTEX_POINT('',#971);
#971 = CARTESIAN_POINT('',(-14.25,4.654054919229E-11,-5.));
#972 = SURFACE_CURVE('',#973,(#978,#989),.PCURVE_S1.);
#973 = CIRCLE('',#974,1.75);
#974 = AXIS2_PLACEMENT_3D('',#975,#976,#977);
#975 = CARTESIAN_POINT('',(-16.,5.263703565906E-11,-5.));
#976 = DIRECTION('',(0.,0.,1.));
#977 = DIRECTION('',(-1.,3.288780780401E-12,0.));
#978 = PCURVE('',#798,#979);
#979 = DEFINITIONAL_REPRESENTATION('',(#980),#988);
#980 = ( BOUNDED_CURVE() B_SPLINE_CURVE(2,(#981,#982,#983,#984,#985,#986
,#987),.UNSPECIFIED.,.T.,.F.) B_SPLINE_CURVE_WITH_KNOTS((1,2,2,2,2,1),(
    -2.094395102393,0.,2.094395102393,4.188790204786,6.28318530718,
8.377580409573),.UNSPECIFIED.) CURVE() GEOMETRIC_REPRESENTATION_ITEM() 
RATIONAL_B_SPLINE_CURVE((1.,0.5,1.,0.5,1.,0.5,1.)) REPRESENTATION_ITEM(
  '') );
#981 = CARTESIAN_POINT('',(-2.14,19.890000000058));
#982 = CARTESIAN_POINT('',(-2.13999999999,16.858911086813));
#983 = CARTESIAN_POINT('',(-4.764999999995,18.374455543427));
#984 = CARTESIAN_POINT('',(-7.39,19.890000000041));
#985 = CARTESIAN_POINT('',(-4.765000000005,21.405544456673));
#986 = CARTESIAN_POINT('',(-2.14000000001,22.921088913304));
#987 = CARTESIAN_POINT('',(-2.14,19.890000000058));
#988 = ( GEOMETRIC_REPRESENTATION_CONTEXT(2) 
PARAMETRIC_REPRESENTATION_CONTEXT() REPRESENTATION_CONTEXT('2D SPACE',''
  ) );
#989 = PCURVE('',#684,#990);
#990 = DEFINITIONAL_REPRESENTATION('',(#991),#995);
#991 = LINE('',#992,#993);
#992 = CARTESIAN_POINT('',(3.141592653586,1.5));
#993 = VECTOR('',#994,1.);
#994 = DIRECTION('',(1.,0.));
#995 = ( GEOMETRIC_REPRESENTATION_CONTEXT(2) 
PARAMETRIC_REPRESENTATION_CONTEXT() REPRESENTATION_CONTEXT('2D SPACE',''
  ) );
#996 = ORIENTED_EDGE('',*,*,#997,.T.);
#997 = EDGE_CURVE('',#970,#968,#998,.T.);
#998 = SURFACE_CURVE('',#999,(#1004,#1015),.PCURVE_S1.);
#999 = CIRCLE('',#1000,1.75);
#1000 = AXIS2_PLACEMENT_3D('',#1001,#1002,#1003);
#1001 = CARTESIAN_POINT('',(-16.,5.263700586511E-11,-5.));
#1002 = DIRECTION('',(0.,0.,1.));
#1003 = DIRECTION('',(1.,-3.483689527327E-12,0.));
#1004 = PCURVE('',#798,#1005);
#1005 = DEFINITIONAL_REPRESENTATION('',(#1006),#1014);
#1006 = ( BOUNDED_CURVE() B_SPLINE_CURVE(2,(#1007,#1008,#1009,#1010,
#1011,#1012,#1013),.UNSPECIFIED.,.T.,.F.) B_SPLINE_CURVE_WITH_KNOTS((1,2
    ,2,2,2,1),(-2.094395102393,0.,2.094395102393,4.188790204786,
6.28318530718,8.377580409573),.UNSPECIFIED.) CURVE() 
GEOMETRIC_REPRESENTATION_ITEM() RATIONAL_B_SPLINE_CURVE((1.,0.5,1.,0.5,
1.,0.5,1.)) REPRESENTATION_ITEM('') );
#1007 = CARTESIAN_POINT('',(-5.64,19.890000000047));
#1008 = CARTESIAN_POINT('',(-5.640000000011,22.921088913292));
#1009 = CARTESIAN_POINT('',(-3.015000000005,21.405544456678));
#1010 = CARTESIAN_POINT('',(-0.39,19.890000000065));
#1011 = CARTESIAN_POINT('',(-3.014999999995,18.374455543433));
#1012 = CARTESIAN_POINT('',(-5.639999999989,16.858911086801));
#1013 = CARTESIAN_POINT('',(-5.64,19.890000000047));
#1014 = ( GEOMETRIC_REPRESENTATION_CONTEXT(2) 
PARAMETRIC_REPRESENTATION_CONTEXT() REPRESENTATION_CONTEXT('2D SPACE',''
  ) );
#1015 = PCURVE('',#657,#1016);
#1016 = DEFINITIONAL_REPRESENTATION('',(#1017),#1021);
#1017 = LINE('',#1018,#1019);
#1018 = CARTESIAN_POINT('',(0.,1.5));
#1019 = VECTOR('',#1020,1.);
#1020 = DIRECTION('',(1.,0.));
#1021 = ( GEOMETRIC_REPRESENTATION_CONTEXT(2) 
PARAMETRIC_REPRESENTATION_CONTEXT() REPRESENTATION_CONTEXT('2D SPACE',''
  ) );
#1022 = FACE_BOUND('',#1023,.T.);
#1023 = EDGE_LOOP('',(#1024,#1054));
#1024 = ORIENTED_EDGE('',*,*,#1025,.T.);
#1025 = EDGE_CURVE('',#1026,#1028,#1030,.T.);
#1026 = VERTEX_POINT('',#1027);
#1027 = CARTESIAN_POINT('',(-5.684341886081E-11,-17.74999999994,-5.));
#1028 = VERTEX_POINT('',#1029);
#1029 = CARTESIAN_POINT('',(-4.547473508865E-11,-14.24999999994,-5.));
#1030 = SURFACE_CURVE('',#1031,(#1036,#1047),.PCURVE_S1.);
#1031 = CIRCLE('',#1032,1.75);
#1032 = AXIS2_PLACEMENT_3D('',#1033,#1034,#1035);
#1033 = CARTESIAN_POINT('',(-5.104716649384E-11,-15.99999999994,-5.));
#1034 = DIRECTION('',(0.,0.,1.));
#1035 = DIRECTION('',(-3.312144209693E-12,-1.,0.));
#1036 = PCURVE('',#798,#1037);
#1037 = DEFINITIONAL_REPRESENTATION('',(#1038),#1046);
#1038 = ( BOUNDED_CURVE() B_SPLINE_CURVE(2,(#1039,#1040,#1041,#1042,
#1043,#1044,#1045),.UNSPECIFIED.,.T.,.F.) B_SPLINE_CURVE_WITH_KNOTS((1,2
    ,2,2,2,1),(-2.094395102393,0.,2.094395102393,4.188790204786,
6.28318530718,8.377580409573),.UNSPECIFIED.) CURVE() 
GEOMETRIC_REPRESENTATION_ITEM() RATIONAL_B_SPLINE_CURVE((1.,0.5,1.,0.5,
1.,0.5,1.)) REPRESENTATION_ITEM('') );
#1039 = CARTESIAN_POINT('',(-19.88999999994,2.140000000051));
#1040 = CARTESIAN_POINT('',(-22.92108891318,2.140000000041));
#1041 = CARTESIAN_POINT('',(-21.40554445657,4.765000000046));
#1042 = CARTESIAN_POINT('',(-19.88999999996,7.390000000051));
#1043 = CARTESIAN_POINT('',(-18.37445554332,4.765000000056));
#1044 = CARTESIAN_POINT('',(-16.85891108669,2.140000000061));
#1045 = CARTESIAN_POINT('',(-19.88999999994,2.140000000051));
#1046 = ( GEOMETRIC_REPRESENTATION_CONTEXT(2) 
PARAMETRIC_REPRESENTATION_CONTEXT() REPRESENTATION_CONTEXT('2D SPACE',''
  ) );
#1047 = PCURVE('',#744,#1048);
#1048 = DEFINITIONAL_REPRESENTATION('',(#1049),#1053);
#1049 = LINE('',#1050,#1051);
#1050 = CARTESIAN_POINT('',(4.712388980382,1.5));
#1051 = VECTOR('',#1052,1.);
#1052 = DIRECTION('',(1.,0.));
#1053 = ( GEOMETRIC_REPRESENTATION_CONTEXT(2) 
PARAMETRIC_REPRESENTATION_CONTEXT() REPRESENTATION_CONTEXT('2D SPACE',''
  ) );
#1054 = ORIENTED_EDGE('',*,*,#1055,.T.);
#1055 = EDGE_CURVE('',#1028,#1026,#1056,.T.);
#1056 = SURFACE_CURVE('',#1057,(#1062,#1073),.PCURVE_S1.);
#1057 = CIRCLE('',#1058,1.75);
#1058 = AXIS2_PLACEMENT_3D('',#1059,#1060,#1061);
#1059 = CARTESIAN_POINT('',(-5.104558994293E-11,-15.99999999994,-5.));
#1060 = DIRECTION('',(0.,0.,1.));
#1061 = DIRECTION('',(3.183345631017E-12,1.,-0.));
#1062 = PCURVE('',#798,#1063);
#1063 = DEFINITIONAL_REPRESENTATION('',(#1064),#1072);
#1064 = ( BOUNDED_CURVE() B_SPLINE_CURVE(2,(#1065,#1066,#1067,#1068,
#1069,#1070,#1071),.UNSPECIFIED.,.T.,.F.) B_SPLINE_CURVE_WITH_KNOTS((1,2
    ,2,2,2,1),(-2.094395102393,0.,2.094395102393,4.188790204786,
6.28318530718,8.377580409573),.UNSPECIFIED.) CURVE() 
GEOMETRIC_REPRESENTATION_ITEM() RATIONAL_B_SPLINE_CURVE((1.,0.5,1.,0.5,
1.,0.5,1.)) REPRESENTATION_ITEM('') );
#1065 = CARTESIAN_POINT('',(-19.88999999995,5.640000000051));
#1066 = CARTESIAN_POINT('',(-16.8589110867,5.640000000061));
#1067 = CARTESIAN_POINT('',(-18.37445554332,3.015000000056));
#1068 = CARTESIAN_POINT('',(-19.88999999993,0.390000000051));
#1069 = CARTESIAN_POINT('',(-21.40554445656,3.015000000046));
#1070 = CARTESIAN_POINT('',(-22.9210889132,5.640000000042));
#1071 = CARTESIAN_POINT('',(-19.88999999995,5.640000000051));
#1072 = ( GEOMETRIC_REPRESENTATION_CONTEXT(2) 
PARAMETRIC_REPRESENTATION_CONTEXT() REPRESENTATION_CONTEXT('2D SPACE',''
  ) );
#1073 = PCURVE('',#717,#1074);
#1074 = DEFINITIONAL_REPRESENTATION('',(#1075),#1079);
#1075 = LINE('',#1076,#1077);
#1076 = CARTESIAN_POINT('',(1.570796326792,1.5));
#1077 = VECTOR('',#1078,1.);
#1078 = DIRECTION('',(1.,0.));
#1079 = ( GEOMETRIC_REPRESENTATION_CONTEXT(2) 
PARAMETRIC_REPRESENTATION_CONTEXT() REPRESENTATION_CONTEXT('2D SPACE',''
  ) );
#1080 = ADVANCED_FACE('',(#1081),#525,.F.);
#1081 = FACE_BOUND('',#1082,.F.);
#1082 = EDGE_LOOP('',(#1083,#1103,#1104,#1124));
#1083 = ORIENTED_EDGE('',*,*,#1084,.T.);
#1084 = EDGE_CURVE('',#505,#868,#1085,.T.);
#1085 = SURFACE_CURVE('',#1086,(#1089,#1096),.PCURVE_S1.);
#1086 = B_SPLINE_CURVE_WITH_KNOTS('',1,(#1087,#1088),.UNSPECIFIED.,.F.,
  .F.,(2,2),(4.,9.),.PIECEWISE_BEZIER_KNOTS.);
#1087 = CARTESIAN_POINT('',(14.25,0.,0.));
#1088 = CARTESIAN_POINT('',(14.25,0.,-5.));
#1089 = PCURVE('',#525,#1090);
#1090 = DEFINITIONAL_REPRESENTATION('',(#1091),#1095);
#1091 = LINE('',#1092,#1093);
#1092 = CARTESIAN_POINT('',(6.28318530718,-10.5));
#1093 = VECTOR('',#1094,1.);
#1094 = DIRECTION('',(0.,1.));
#1095 = ( GEOMETRIC_REPRESENTATION_CONTEXT(2) 
PARAMETRIC_REPRESENTATION_CONTEXT() REPRESENTATION_CONTEXT('2D SPACE',''
  ) );
#1096 = PCURVE('',#556,#1097);
#1097 = DEFINITIONAL_REPRESENTATION('',(#1098),#1102);
#1098 = LINE('',#1099,#1100);
#1099 = CARTESIAN_POINT('',(0.,-10.5));
#1100 = VECTOR('',#1101,1.);
#1101 = DIRECTION('',(0.,1.));
#1102 = ( GEOMETRIC_REPRESENTATION_CONTEXT(2) 
PARAMETRIC_REPRESENTATION_CONTEXT() REPRESENTATION_CONTEXT('2D SPACE',''
  ) );
#1103 = ORIENTED_EDGE('',*,*,#893,.F.);
#1104 = ORIENTED_EDGE('',*,*,#1105,.F.);
#1105 = EDGE_CURVE('',#503,#870,#1106,.T.);
#1106 = SURFACE_CURVE('',#1107,(#1110,#1117),.PCURVE_S1.);
#1107 = B_SPLINE_CURVE_WITH_KNOTS('',1,(#1108,#1109),.UNSPECIFIED.,.F.,
  .F.,(2,2),(4.,9.),.PIECEWISE_BEZIER_KNOTS.);
#1108 = CARTESIAN_POINT('',(17.75,0.,0.));
#1109 = CARTESIAN_POINT('',(17.75,0.,-5.));
#1110 = PCURVE('',#525,#1111);
#1111 = DEFINITIONAL_REPRESENTATION('',(#1112),#1116);
#1112 = LINE('',#1113,#1114);
#1113 = CARTESIAN_POINT('',(3.14159265359,-10.5));
#1114 = VECTOR('',#1115,1.);
#1115 = DIRECTION('',(0.,1.));
#1116 = ( GEOMETRIC_REPRESENTATION_CONTEXT(2) 
PARAMETRIC_REPRESENTATION_CONTEXT() REPRESENTATION_CONTEXT('2D SPACE',''
  ) );
#1117 = PCURVE('',#556,#1118);
#1118 = DEFINITIONAL_REPRESENTATION('',(#1119),#1123);
#1119 = LINE('',#1120,#1121);
#1120 = CARTESIAN_POINT('',(3.14159265359,-10.5));
#1121 = VECTOR('',#1122,1.);
#1122 = DIRECTION('',(0.,1.));
#1123 = ( GEOMETRIC_REPRESENTATION_CONTEXT(2) 
PARAMETRIC_REPRESENTATION_CONTEXT() REPRESENTATION_CONTEXT('2D SPACE',''
  ) );
#1124 = ORIENTED_EDGE('',*,*,#502,.T.);
#1125 = ADVANCED_FACE('',(#1126),#593,.F.);
#1126 = FACE_BOUND('',#1127,.F.);
#1127 = EDGE_LOOP('',(#1128,#1148,#1149,#1169));
#1128 = ORIENTED_EDGE('',*,*,#1129,.T.);
#1129 = EDGE_CURVE('',#573,#918,#1130,.T.);
#1130 = SURFACE_CURVE('',#1131,(#1134,#1141),.PCURVE_S1.);
#1131 = B_SPLINE_CURVE_WITH_KNOTS('',1,(#1132,#1133),.UNSPECIFIED.,.F.,
  .F.,(2,2),(4.,9.),.PIECEWISE_BEZIER_KNOTS.);
#1132 = CARTESIAN_POINT('',(1.591615728103E-12,14.250000000051,0.));
#1133 = CARTESIAN_POINT('',(1.591615728103E-12,14.250000000051,-5.));
#1134 = PCURVE('',#593,#1135);
#1135 = DEFINITIONAL_REPRESENTATION('',(#1136),#1140);
#1136 = LINE('',#1137,#1138);
#1137 = CARTESIAN_POINT('',(4.712388980385,-10.5));
#1138 = VECTOR('',#1139,1.);
#1139 = DIRECTION('',(0.,1.));
#1140 = ( GEOMETRIC_REPRESENTATION_CONTEXT(2) 
PARAMETRIC_REPRESENTATION_CONTEXT() REPRESENTATION_CONTEXT('2D SPACE',''
  ) );
#1141 = PCURVE('',#624,#1142);
#1142 = DEFINITIONAL_REPRESENTATION('',(#1143),#1147);
#1143 = LINE('',#1144,#1145);
#1144 = CARTESIAN_POINT('',(-1.570796326795,-10.5));
#1145 = VECTOR('',#1146,1.);
#1146 = DIRECTION('',(0.,1.));
#1147 = ( GEOMETRIC_REPRESENTATION_CONTEXT(2) 
PARAMETRIC_REPRESENTATION_CONTEXT() REPRESENTATION_CONTEXT('2D SPACE',''
  ) );
#1148 = ORIENTED_EDGE('',*,*,#943,.F.);
#1149 = ORIENTED_EDGE('',*,*,#1150,.F.);
#1150 = EDGE_CURVE('',#571,#920,#1151,.T.);
#1151 = SURFACE_CURVE('',#1152,(#1155,#1162),.PCURVE_S1.);
#1152 = B_SPLINE_CURVE_WITH_KNOTS('',1,(#1153,#1154),.UNSPECIFIED.,.F.,
  .F.,(2,2),(4.,9.),.PIECEWISE_BEZIER_KNOTS.);
#1153 = CARTESIAN_POINT('',(1.591615728103E-12,17.750000000051,0.));
#1154 = CARTESIAN_POINT('',(1.477928890381E-12,17.750000000051,-5.));
#1155 = PCURVE('',#593,#1156);
#1156 = DEFINITIONAL_REPRESENTATION('',(#1157),#1161);
#1157 = LINE('',#1158,#1159);
#1158 = CARTESIAN_POINT('',(1.570796326795,-10.5));
#1159 = VECTOR('',#1160,1.);
#1160 = DIRECTION('',(-1.296740492762E-14,1.));
#1161 = ( GEOMETRIC_REPRESENTATION_CONTEXT(2) 
PARAMETRIC_REPRESENTATION_CONTEXT() REPRESENTATION_CONTEXT('2D SPACE',''
  ) );
#1162 = PCURVE('',#624,#1163);
#1163 = DEFINITIONAL_REPRESENTATION('',(#1164),#1168);
#1164 = LINE('',#1165,#1166);
#1165 = CARTESIAN_POINT('',(1.570796326795,-10.5));
#1166 = VECTOR('',#1167,1.);
#1167 = DIRECTION('',(-1.314504061156E-14,1.));
#1168 = ( GEOMETRIC_REPRESENTATION_CONTEXT(2) 
PARAMETRIC_REPRESENTATION_CONTEXT() REPRESENTATION_CONTEXT('2D SPACE',''
  ) );
#1169 = ORIENTED_EDGE('',*,*,#570,.T.);
#1170 = ADVANCED_FACE('',(#1171),#684,.F.);
#1171 = FACE_BOUND('',#1172,.F.);
#1172 = EDGE_LOOP('',(#1173,#1174,#1194,#1195));
#1173 = ORIENTED_EDGE('',*,*,#669,.F.);
#1174 = ORIENTED_EDGE('',*,*,#1175,.T.);
#1175 = EDGE_CURVE('',#641,#968,#1176,.T.);
#1176 = SURFACE_CURVE('',#1177,(#1180,#1187),.PCURVE_S1.);
#1177 = B_SPLINE_CURVE_WITH_KNOTS('',1,(#1178,#1179),.UNSPECIFIED.,.F.,
  .F.,(2,2),(4.,9.),.PIECEWISE_BEZIER_KNOTS.);
#1178 = CARTESIAN_POINT('',(-17.75,5.843503458891E-11,
    -7.105427357601E-15));
#1179 = CARTESIAN_POINT('',(-17.75,5.843503458891E-11,-5.));
#1180 = PCURVE('',#684,#1181);
#1181 = DEFINITIONAL_REPRESENTATION('',(#1182),#1186);
#1182 = LINE('',#1183,#1184);
#1183 = CARTESIAN_POINT('',(3.141592653586,10.5));
#1184 = VECTOR('',#1185,1.);
#1185 = DIRECTION('',(0.,-1.));
#1186 = ( GEOMETRIC_REPRESENTATION_CONTEXT(2) 
PARAMETRIC_REPRESENTATION_CONTEXT() REPRESENTATION_CONTEXT('2D SPACE',''
  ) );
#1187 = PCURVE('',#657,#1188);
#1188 = DEFINITIONAL_REPRESENTATION('',(#1189),#1193);
#1189 = LINE('',#1190,#1191);
#1190 = CARTESIAN_POINT('',(3.141592653586,10.5));
#1191 = VECTOR('',#1192,1.);
#1192 = DIRECTION('',(0.,-1.));
#1193 = ( GEOMETRIC_REPRESENTATION_CONTEXT(2) 
PARAMETRIC_REPRESENTATION_CONTEXT() REPRESENTATION_CONTEXT('2D SPACE',''
  ) );
#1194 = ORIENTED_EDGE('',*,*,#967,.T.);
#1195 = ORIENTED_EDGE('',*,*,#1196,.F.);
#1196 = EDGE_CURVE('',#639,#970,#1197,.T.);
#1197 = SURFACE_CURVE('',#1198,(#1201,#1208),.PCURVE_S1.);
#1198 = B_SPLINE_CURVE_WITH_KNOTS('',1,(#1199,#1200),.UNSPECIFIED.,.F.,
  .F.,(2,2),(4.,9.),.PIECEWISE_BEZIER_KNOTS.);
#1199 = CARTESIAN_POINT('',(-14.25,4.654054919229E-11,-1.50990331349E-14
    ));
#1200 = CARTESIAN_POINT('',(-14.25,4.654054919229E-11,-5.));
#1201 = PCURVE('',#684,#1202);
#1202 = DEFINITIONAL_REPRESENTATION('',(#1203),#1207);
#1203 = LINE('',#1204,#1205);
#1204 = CARTESIAN_POINT('',(6.28318530718,10.5));
#1205 = VECTOR('',#1206,1.);
#1206 = DIRECTION('',(0.,-1.));
#1207 = ( GEOMETRIC_REPRESENTATION_CONTEXT(2) 
PARAMETRIC_REPRESENTATION_CONTEXT() REPRESENTATION_CONTEXT('2D SPACE',''
  ) );
#1208 = PCURVE('',#657,#1209);
#1209 = DEFINITIONAL_REPRESENTATION('',(#1210),#1214);
#1210 = LINE('',#1211,#1212);
#1211 = CARTESIAN_POINT('',(0.,10.5));
#1212 = VECTOR('',#1213,1.);
#1213 = DIRECTION('',(0.,-1.));
#1214 = ( GEOMETRIC_REPRESENTATION_CONTEXT(2) 
PARAMETRIC_REPRESENTATION_CONTEXT() REPRESENTATION_CONTEXT('2D SPACE',''
  ) );
#1215 = ADVANCED_FACE('',(#1216),#744,.F.);
#1216 = FACE_BOUND('',#1217,.F.);
#1217 = EDGE_LOOP('',(#1218,#1219,#1239,#1240));
#1218 = ORIENTED_EDGE('',*,*,#729,.F.);
#1219 = ORIENTED_EDGE('',*,*,#1220,.T.);
#1220 = EDGE_CURVE('',#701,#1026,#1221,.T.);
#1221 = SURFACE_CURVE('',#1222,(#1225,#1232),.PCURVE_S1.);
#1222 = B_SPLINE_CURVE_WITH_KNOTS('',1,(#1223,#1224),.UNSPECIFIED.,.F.,
  .F.,(2,2),(4.,9.),.PIECEWISE_BEZIER_KNOTS.);
#1223 = CARTESIAN_POINT('',(-5.684341886081E-11,-17.74999999994,
    7.105427357601E-15));
#1224 = CARTESIAN_POINT('',(-5.684341886081E-11,-17.74999999994,-5.));
#1225 = PCURVE('',#744,#1226);
#1226 = DEFINITIONAL_REPRESENTATION('',(#1227),#1231);
#1227 = LINE('',#1228,#1229);
#1228 = CARTESIAN_POINT('',(4.712388980382,10.5));
#1229 = VECTOR('',#1230,1.);
#1230 = DIRECTION('',(0.,-1.));
#1231 = ( GEOMETRIC_REPRESENTATION_CONTEXT(2) 
PARAMETRIC_REPRESENTATION_CONTEXT() REPRESENTATION_CONTEXT('2D SPACE',''
  ) );
#1232 = PCURVE('',#717,#1233);
#1233 = DEFINITIONAL_REPRESENTATION('',(#1234),#1238);
#1234 = LINE('',#1235,#1236);
#1235 = CARTESIAN_POINT('',(4.712388980382,10.5));
#1236 = VECTOR('',#1237,1.);
#1237 = DIRECTION('',(0.,-1.));
#1238 = ( GEOMETRIC_REPRESENTATION_CONTEXT(2) 
PARAMETRIC_REPRESENTATION_CONTEXT() REPRESENTATION_CONTEXT('2D SPACE',''
  ) );
#1239 = ORIENTED_EDGE('',*,*,#1025,.T.);
#1240 = ORIENTED_EDGE('',*,*,#1241,.F.);
#1241 = EDGE_CURVE('',#699,#1028,#1242,.T.);
#1242 = SURFACE_CURVE('',#1243,(#1246,#1253),.PCURVE_S1.);
#1243 = B_SPLINE_CURVE_WITH_KNOTS('',1,(#1244,#1245),.UNSPECIFIED.,.F.,
  .F.,(2,2),(4.,9.),.PIECEWISE_BEZIER_KNOTS.);
#1244 = CARTESIAN_POINT('',(-4.547473508865E-11,-14.24999999994,
    1.59872115546E-14));
#1245 = CARTESIAN_POINT('',(-4.547473508865E-11,-14.24999999994,-5.));
#1246 = PCURVE('',#744,#1247);
#1247 = DEFINITIONAL_REPRESENTATION('',(#1248),#1252);
#1248 = LINE('',#1249,#1250);
#1249 = CARTESIAN_POINT('',(7.853981633971,10.5));
#1250 = VECTOR('',#1251,1.);
#1251 = DIRECTION('',(0.,-1.));
#1252 = ( GEOMETRIC_REPRESENTATION_CONTEXT(2) 
PARAMETRIC_REPRESENTATION_CONTEXT() REPRESENTATION_CONTEXT('2D SPACE',''
  ) );
#1253 = PCURVE('',#717,#1254);
#1254 = DEFINITIONAL_REPRESENTATION('',(#1255),#1259);
#1255 = LINE('',#1256,#1257);
#1256 = CARTESIAN_POINT('',(1.570796326792,10.5));
#1257 = VECTOR('',#1258,1.);
#1258 = DIRECTION('',(0.,-1.));
#1259 = ( GEOMETRIC_REPRESENTATION_CONTEXT(2) 
PARAMETRIC_REPRESENTATION_CONTEXT() REPRESENTATION_CONTEXT('2D SPACE',''
  ) );
#1260 = ADVANCED_FACE('',(#1261),#461,.T.);
#1261 = FACE_BOUND('',#1262,.T.);
#1262 = EDGE_LOOP('',(#1263,#1264,#1265,#1266));
#1263 = ORIENTED_EDGE('',*,*,#437,.F.);
#1264 = ORIENTED_EDGE('',*,*,#814,.T.);
#1265 = ORIENTED_EDGE('',*,*,#839,.T.);
#1266 = ORIENTED_EDGE('',*,*,#759,.F.);
#1267 = ADVANCED_FACE('',(#1268),#556,.F.);
#1268 = FACE_BOUND('',#1269,.F.);
#1269 = EDGE_LOOP('',(#1270,#1271,#1272,#1273));
#1270 = ORIENTED_EDGE('',*,*,#537,.T.);
#1271 = ORIENTED_EDGE('',*,*,#1105,.T.);
#1272 = ORIENTED_EDGE('',*,*,#867,.F.);
#1273 = ORIENTED_EDGE('',*,*,#1084,.F.);
#1274 = ADVANCED_FACE('',(#1275),#624,.F.);
#1275 = FACE_BOUND('',#1276,.F.);
#1276 = EDGE_LOOP('',(#1277,#1278,#1279,#1280));
#1277 = ORIENTED_EDGE('',*,*,#605,.T.);
#1278 = ORIENTED_EDGE('',*,*,#1150,.T.);
#1279 = ORIENTED_EDGE('',*,*,#917,.F.);
#1280 = ORIENTED_EDGE('',*,*,#1129,.F.);
#1281 = ADVANCED_FACE('',(#1282),#657,.F.);
#1282 = FACE_BOUND('',#1283,.F.);
#1283 = EDGE_LOOP('',(#1284,#1285,#1286,#1287));
#1284 = ORIENTED_EDGE('',*,*,#1196,.T.);
#1285 = ORIENTED_EDGE('',*,*,#997,.T.);
#1286 = ORIENTED_EDGE('',*,*,#1175,.F.);
#1287 = ORIENTED_EDGE('',*,*,#638,.F.);
#1288 = ADVANCED_FACE('',(#1289),#717,.F.);
#1289 = FACE_BOUND('',#1290,.F.);
#1290 = EDGE_LOOP('',(#1291,#1292,#1293,#1294));
#1291 = ORIENTED_EDGE('',*,*,#1241,.T.);
#1292 = ORIENTED_EDGE('',*,*,#1055,.T.);
#1293 = ORIENTED_EDGE('',*,*,#1220,.F.);
#1294 = ORIENTED_EDGE('',*,*,#698,.F.);
#1295 = ( GEOMETRIC_REPRESENTATION_CONTEXT(3) 
GLOBAL_UNCERTAINTY_ASSIGNED_CONTEXT((#1299)) 
GLOBAL_UNIT_ASSIGNED_CONTEXT((#1296,#1297,#1298)) REPRESENTATION_CONTEXT
('Context #1','3D Context with UNIT and UNCERTAINTY') );
#1296 = ( LENGTH_UNIT() NAMED_UNIT(*) SI_UNIT(.MILLI.,.METRE.) );
#1297 = ( NAMED_UNIT(*) PLANE_ANGLE_UNIT() SI_UNIT($,.RADIAN.) );
#1298 = ( NAMED_UNIT(*) SI_UNIT($,.STERADIAN.) SOLID_ANGLE_UNIT() );
#1299 = UNCERTAINTY_MEASURE_WITH_UNIT(LENGTH_MEASURE(1.E-07),#1296,
  'distance_accuracy_value','confusion accuracy');
#1300 = CONTEXT_DEPENDENT_SHAPE_REPRESENTATION(#1301,#1303);
#1301 = ( REPRESENTATION_RELATIONSHIP('','',#76,#10) 
REPRESENTATION_RELATIONSHIP_WITH_TRANSFORMATION(#1302) 
SHAPE_REPRESENTATION_RELATIONSHIP() );
#1302 = ITEM_DEFINED_TRANSFORMATION('','',#11,#15);
#1303 = PRODUCT_DEFINITION_SHAPE('Placement','Placement of an item',
  #1304);
#1304 = NEXT_ASSEMBLY_USAGE_OCCURRENCE('1','base_L','',#5,#71,$);
#1305 = PRODUCT_RELATED_PRODUCT_CATEGORY('part',$,(#73));
#1306 = SHAPE_DEFINITION_REPRESENTATION(#1307,#1313);
#1307 = PRODUCT_DEFINITION_SHAPE('','',#1308);
#1308 = PRODUCT_DEFINITION('design','',#1309,#1312);
#1309 = PRODUCT_DEFINITION_FORMATION('','',#1310);
#1310 = PRODUCT('mid_L','mid_L','',(#1311));
#1311 = PRODUCT_CONTEXT('',#2,'mechanical');
#1312 = PRODUCT_DEFINITION_CONTEXT('part definition',#2,'design');
#1313 = ADVANCED_BREP_SHAPE_REPRESENTATION('',(#11,#1314),#3509);
#1314 = MANIFOLD_SOLID_BREP('',#1315);
#1315 = CLOSED_SHELL('',(#1316,#1424,#1522,#1620,#1747,#1874,#1979,#2084
    ,#2175,#2266,#2414,#2505,#2664,#2675,#2746,#2970,#2996,#3165,#3206,
    #3213,#3220,#3227,#3234,#3495,#3502));
#1316 = ADVANCED_FACE('',(#1317),#1330,.T.);
#1317 = FACE_BOUND('',#1318,.T.);
#1318 = EDGE_LOOP('',(#1319,#1351,#1376,#1401));
#1319 = ORIENTED_EDGE('',*,*,#1320,.T.);
#1320 = EDGE_CURVE('',#1321,#1323,#1325,.T.);
#1321 = VERTEX_POINT('',#1322);
#1322 = CARTESIAN_POINT('',(11.999999999974,-6.,0.5));
#1323 = VERTEX_POINT('',#1324);
#1324 = CARTESIAN_POINT('',(11.999999999974,6.,0.5));
#1325 = SURFACE_CURVE('',#1326,(#1329,#1340),.PCURVE_S1.);
#1326 = B_SPLINE_CURVE_WITH_KNOTS('',1,(#1327,#1328),.UNSPECIFIED.,.F.,
  .F.,(2,2),(3.,15.),.PIECEWISE_BEZIER_KNOTS.);
#1327 = CARTESIAN_POINT('',(11.999999999974,-6.,0.5));
#1328 = CARTESIAN_POINT('',(11.999999999974,6.,0.5));
#1329 = PCURVE('',#1330,#1335);
#1330 = PLANE('',#1331);
#1331 = AXIS2_PLACEMENT_3D('',#1332,#1333,#1334);
#1332 = CARTESIAN_POINT('',(11.999999999974,6.,-6.));
#1333 = DIRECTION('',(1.,0.,0.));
#1334 = DIRECTION('',(-0.,0.,1.));
#1335 = DEFINITIONAL_REPRESENTATION('',(#1336),#1339);
#1336 = B_SPLINE_CURVE_WITH_KNOTS('',1,(#1337,#1338),.UNSPECIFIED.,.F.,
  .F.,(2,2),(3.,15.),.PIECEWISE_BEZIER_KNOTS.);
#1337 = CARTESIAN_POINT('',(6.5,12.));
#1338 = CARTESIAN_POINT('',(6.5,0.));
#1339 = ( GEOMETRIC_REPRESENTATION_CONTEXT(2) 
PARAMETRIC_REPRESENTATION_CONTEXT() REPRESENTATION_CONTEXT('2D SPACE',''
  ) );
#1340 = PCURVE('',#1341,#1346);
#1341 = PLANE('',#1342);
#1342 = AXIS2_PLACEMENT_3D('',#1343,#1344,#1345);
#1343 = CARTESIAN_POINT('',(34.999999999974,-9.,0.5));
#1344 = DIRECTION('',(0.,0.,-1.));
#1345 = DIRECTION('',(-1.,0.,-0.));
#1346 = DEFINITIONAL_REPRESENTATION('',(#1347),#1350);
#1347 = B_SPLINE_CURVE_WITH_KNOTS('',1,(#1348,#1349),.UNSPECIFIED.,.F.,
  .F.,(2,2),(3.,15.),.PIECEWISE_BEZIER_KNOTS.);
#1348 = CARTESIAN_POINT('',(23.,3.));
#1349 = CARTESIAN_POINT('',(23.,15.));
#1350 = ( GEOMETRIC_REPRESENTATION_CONTEXT(2) 
PARAMETRIC_REPRESENTATION_CONTEXT() REPRESENTATION_CONTEXT('2D SPACE',''
  ) );
#1351 = ORIENTED_EDGE('',*,*,#1352,.F.);
#1352 = EDGE_CURVE('',#1353,#1323,#1355,.T.);
#1353 = VERTEX_POINT('',#1354);
#1354 = CARTESIAN_POINT('',(11.999999999974,6.,6.));
#1355 = SURFACE_CURVE('',#1356,(#1359,#1365),.PCURVE_S1.);
#1356 = B_SPLINE_CURVE_WITH_KNOTS('',1,(#1357,#1358),.UNSPECIFIED.,.F.,
  .F.,(2,2),(-12.,-6.5),.PIECEWISE_BEZIER_KNOTS.);
#1357 = CARTESIAN_POINT('',(11.999999999974,6.,6.));
#1358 = CARTESIAN_POINT('',(11.999999999974,6.,0.5));
#1359 = PCURVE('',#1330,#1360);
#1360 = DEFINITIONAL_REPRESENTATION('',(#1361),#1364);
#1361 = B_SPLINE_CURVE_WITH_KNOTS('',1,(#1362,#1363),.UNSPECIFIED.,.F.,
  .F.,(2,2),(-12.,-6.5),.PIECEWISE_BEZIER_KNOTS.);
#1362 = CARTESIAN_POINT('',(12.,0.));
#1363 = CARTESIAN_POINT('',(6.5,0.));
#1364 = ( GEOMETRIC_REPRESENTATION_CONTEXT(2) 
PARAMETRIC_REPRESENTATION_CONTEXT() REPRESENTATION_CONTEXT('2D SPACE',''
  ) );
#1365 = PCURVE('',#1366,#1371);
#1366 = PLANE('',#1367);
#1367 = AXIS2_PLACEMENT_3D('',#1368,#1369,#1370);
#1368 = CARTESIAN_POINT('',(-22.00000000002,6.,-6.));
#1369 = DIRECTION('',(0.,1.,0.));
#1370 = DIRECTION('',(0.,-0.,1.));
#1371 = DEFINITIONAL_REPRESENTATION('',(#1372),#1375);
#1372 = B_SPLINE_CURVE_WITH_KNOTS('',1,(#1373,#1374),.UNSPECIFIED.,.F.,
  .F.,(2,2),(-12.,-6.5),.PIECEWISE_BEZIER_KNOTS.);
#1373 = CARTESIAN_POINT('',(12.,34.));
#1374 = CARTESIAN_POINT('',(6.5,34.));
#1375 = ( GEOMETRIC_REPRESENTATION_CONTEXT(2) 
PARAMETRIC_REPRESENTATION_CONTEXT() REPRESENTATION_CONTEXT('2D SPACE',''
  ) );
#1376 = ORIENTED_EDGE('',*,*,#1377,.F.);
#1377 = EDGE_CURVE('',#1378,#1353,#1380,.T.);
#1378 = VERTEX_POINT('',#1379);
#1379 = CARTESIAN_POINT('',(11.999999999974,-6.,6.));
#1380 = SURFACE_CURVE('',#1381,(#1384,#1390),.PCURVE_S1.);
#1381 = B_SPLINE_CURVE_WITH_KNOTS('',1,(#1382,#1383),.UNSPECIFIED.,.F.,
  .F.,(2,2),(0.,12.),.PIECEWISE_BEZIER_KNOTS.);
#1382 = CARTESIAN_POINT('',(11.999999999974,-6.,6.));
#1383 = CARTESIAN_POINT('',(11.999999999974,6.,6.));
#1384 = PCURVE('',#1330,#1385);
#1385 = DEFINITIONAL_REPRESENTATION('',(#1386),#1389);
#1386 = B_SPLINE_CURVE_WITH_KNOTS('',1,(#1387,#1388),.UNSPECIFIED.,.F.,
  .F.,(2,2),(0.,12.),.PIECEWISE_BEZIER_KNOTS.);
#1387 = CARTESIAN_POINT('',(12.,12.));
#1388 = CARTESIAN_POINT('',(12.,0.));
#1389 = ( GEOMETRIC_REPRESENTATION_CONTEXT(2) 
PARAMETRIC_REPRESENTATION_CONTEXT() REPRESENTATION_CONTEXT('2D SPACE',''
  ) );
#1390 = PCURVE('',#1391,#1396);
#1391 = PLANE('',#1392);
#1392 = AXIS2_PLACEMENT_3D('',#1393,#1394,#1395);
#1393 = CARTESIAN_POINT('',(-22.00000000002,-6.,6.));
#1394 = DIRECTION('',(0.,0.,1.));
#1395 = DIRECTION('',(1.,0.,-0.));
#1396 = DEFINITIONAL_REPRESENTATION('',(#1397),#1400);
#1397 = B_SPLINE_CURVE_WITH_KNOTS('',1,(#1398,#1399),.UNSPECIFIED.,.F.,
  .F.,(2,2),(0.,12.),.PIECEWISE_BEZIER_KNOTS.);
#1398 = CARTESIAN_POINT('',(34.,0.));
#1399 = CARTESIAN_POINT('',(34.,12.));
#1400 = ( GEOMETRIC_REPRESENTATION_CONTEXT(2) 
PARAMETRIC_REPRESENTATION_CONTEXT() REPRESENTATION_CONTEXT('2D SPACE',''
  ) );
#1401 = ORIENTED_EDGE('',*,*,#1402,.T.);
#1402 = EDGE_CURVE('',#1378,#1321,#1403,.T.);
#1403 = SURFACE_CURVE('',#1404,(#1407,#1413),.PCURVE_S1.);
#1404 = B_SPLINE_CURVE_WITH_KNOTS('',1,(#1405,#1406),.UNSPECIFIED.,.F.,
  .F.,(2,2),(-12.,-6.5),.PIECEWISE_BEZIER_KNOTS.);
#1405 = CARTESIAN_POINT('',(11.999999999974,-6.,6.));
#1406 = CARTESIAN_POINT('',(11.999999999974,-6.,0.5));
#1407 = PCURVE('',#1330,#1408);
#1408 = DEFINITIONAL_REPRESENTATION('',(#1409),#1412);
#1409 = B_SPLINE_CURVE_WITH_KNOTS('',1,(#1410,#1411),.UNSPECIFIED.,.F.,
  .F.,(2,2),(-12.,-6.5),.PIECEWISE_BEZIER_KNOTS.);
#1410 = CARTESIAN_POINT('',(12.,12.));
#1411 = CARTESIAN_POINT('',(6.5,12.));
#1412 = ( GEOMETRIC_REPRESENTATION_CONTEXT(2) 
PARAMETRIC_REPRESENTATION_CONTEXT() REPRESENTATION_CONTEXT('2D SPACE',''
  ) );
#1413 = PCURVE('',#1414,#1419);
#1414 = PLANE('',#1415);
#1415 = AXIS2_PLACEMENT_3D('',#1416,#1417,#1418);
#1416 = CARTESIAN_POINT('',(11.999999999974,-6.,-6.));
#1417 = DIRECTION('',(0.,-1.,0.));
#1418 = DIRECTION('',(0.,-0.,-1.));
#1419 = DEFINITIONAL_REPRESENTATION('',(#1420),#1423);
#1420 = B_SPLINE_CURVE_WITH_KNOTS('',1,(#1421,#1422),.UNSPECIFIED.,.F.,
  .F.,(2,2),(-12.,-6.5),.PIECEWISE_BEZIER_KNOTS.);
#1421 = CARTESIAN_POINT('',(-12.,0.));
#1422 = CARTESIAN_POINT('',(-6.5,0.));
#1423 = ( GEOMETRIC_REPRESENTATION_CONTEXT(2) 
PARAMETRIC_REPRESENTATION_CONTEXT() REPRESENTATION_CONTEXT('2D SPACE',''
  ) );
#1424 = ADVANCED_FACE('',(#1425),#1438,.T.);
#1425 = FACE_BOUND('',#1426,.T.);
#1426 = EDGE_LOOP('',(#1427,#1459,#1479,#1504));
#1427 = ORIENTED_EDGE('',*,*,#1428,.T.);
#1428 = EDGE_CURVE('',#1429,#1431,#1433,.T.);
#1429 = VERTEX_POINT('',#1430);
#1430 = CARTESIAN_POINT('',(11.999999999974,6.,-0.5));
#1431 = VERTEX_POINT('',#1432);
#1432 = CARTESIAN_POINT('',(11.999999999974,-6.,-0.5));
#1433 = SURFACE_CURVE('',#1434,(#1437,#1448),.PCURVE_S1.);
#1434 = B_SPLINE_CURVE_WITH_KNOTS('',1,(#1435,#1436),.UNSPECIFIED.,.F.,
  .F.,(2,2),(-12.,0.),.PIECEWISE_BEZIER_KNOTS.);
#1435 = CARTESIAN_POINT('',(11.999999999974,6.,-0.5));
#1436 = CARTESIAN_POINT('',(11.999999999974,-6.,-0.5));
#1437 = PCURVE('',#1438,#1443);
#1438 = PLANE('',#1439);
#1439 = AXIS2_PLACEMENT_3D('',#1440,#1441,#1442);
#1440 = CARTESIAN_POINT('',(11.999999999974,6.,-6.));
#1441 = DIRECTION('',(1.,0.,0.));
#1442 = DIRECTION('',(-0.,0.,1.));
#1443 = DEFINITIONAL_REPRESENTATION('',(#1444),#1447);
#1444 = B_SPLINE_CURVE_WITH_KNOTS('',1,(#1445,#1446),.UNSPECIFIED.,.F.,
  .F.,(2,2),(-12.,0.),.PIECEWISE_BEZIER_KNOTS.);
#1445 = CARTESIAN_POINT('',(5.5,0.));
#1446 = CARTESIAN_POINT('',(5.5,12.));
#1447 = ( GEOMETRIC_REPRESENTATION_CONTEXT(2) 
PARAMETRIC_REPRESENTATION_CONTEXT() REPRESENTATION_CONTEXT('2D SPACE',''
  ) );
#1448 = PCURVE('',#1449,#1454);
#1449 = PLANE('',#1450);
#1450 = AXIS2_PLACEMENT_3D('',#1451,#1452,#1453);
#1451 = CARTESIAN_POINT('',(1.999999999974,-9.,-0.5));
#1452 = DIRECTION('',(0.,0.,1.));
#1453 = DIRECTION('',(1.,0.,-0.));
#1454 = DEFINITIONAL_REPRESENTATION('',(#1455),#1458);
#1455 = B_SPLINE_CURVE_WITH_KNOTS('',1,(#1456,#1457),.UNSPECIFIED.,.F.,
  .F.,(2,2),(-12.,0.),.PIECEWISE_BEZIER_KNOTS.);
#1456 = CARTESIAN_POINT('',(10.,15.));
#1457 = CARTESIAN_POINT('',(10.,3.));
#1458 = ( GEOMETRIC_REPRESENTATION_CONTEXT(2) 
PARAMETRIC_REPRESENTATION_CONTEXT() REPRESENTATION_CONTEXT('2D SPACE',''
  ) );
#1459 = ORIENTED_EDGE('',*,*,#1460,.T.);
#1460 = EDGE_CURVE('',#1431,#1461,#1463,.T.);
#1461 = VERTEX_POINT('',#1462);
#1462 = CARTESIAN_POINT('',(11.999999999974,-6.,-6.));
#1463 = SURFACE_CURVE('',#1464,(#1467,#1473),.PCURVE_S1.);
#1464 = B_SPLINE_CURVE_WITH_KNOTS('',1,(#1465,#1466),.UNSPECIFIED.,.F.,
  .F.,(2,2),(-5.5,0.),.PIECEWISE_BEZIER_KNOTS.);
#1465 = CARTESIAN_POINT('',(11.999999999974,-6.,-0.5));
#1466 = CARTESIAN_POINT('',(11.999999999974,-6.,-6.));
#1467 = PCURVE('',#1438,#1468);
#1468 = DEFINITIONAL_REPRESENTATION('',(#1469),#1472);
#1469 = B_SPLINE_CURVE_WITH_KNOTS('',1,(#1470,#1471),.UNSPECIFIED.,.F.,
  .F.,(2,2),(-5.5,0.),.PIECEWISE_BEZIER_KNOTS.);
#1470 = CARTESIAN_POINT('',(5.5,12.));
#1471 = CARTESIAN_POINT('',(0.,12.));
#1472 = ( GEOMETRIC_REPRESENTATION_CONTEXT(2) 
PARAMETRIC_REPRESENTATION_CONTEXT() REPRESENTATION_CONTEXT('2D SPACE',''
  ) );
#1473 = PCURVE('',#1414,#1474);
#1474 = DEFINITIONAL_REPRESENTATION('',(#1475),#1478);
#1475 = B_SPLINE_CURVE_WITH_KNOTS('',1,(#1476,#1477),.UNSPECIFIED.,.F.,
  .F.,(2,2),(-5.5,0.),.PIECEWISE_BEZIER_KNOTS.);
#1476 = CARTESIAN_POINT('',(-5.5,0.));
#1477 = CARTESIAN_POINT('',(0.,0.));
#1478 = ( GEOMETRIC_REPRESENTATION_CONTEXT(2) 
PARAMETRIC_REPRESENTATION_CONTEXT() REPRESENTATION_CONTEXT('2D SPACE',''
  ) );
#1479 = ORIENTED_EDGE('',*,*,#1480,.T.);
#1480 = EDGE_CURVE('',#1461,#1481,#1483,.T.);
#1481 = VERTEX_POINT('',#1482);
#1482 = CARTESIAN_POINT('',(11.999999999974,6.,-6.));
#1483 = SURFACE_CURVE('',#1484,(#1487,#1493),.PCURVE_S1.);
#1484 = B_SPLINE_CURVE_WITH_KNOTS('',1,(#1485,#1486),.UNSPECIFIED.,.F.,
  .F.,(2,2),(0.,12.),.PIECEWISE_BEZIER_KNOTS.);
#1485 = CARTESIAN_POINT('',(11.999999999974,-6.,-6.));
#1486 = CARTESIAN_POINT('',(11.999999999974,6.,-6.));
#1487 = PCURVE('',#1438,#1488);
#1488 = DEFINITIONAL_REPRESENTATION('',(#1489),#1492);
#1489 = B_SPLINE_CURVE_WITH_KNOTS('',1,(#1490,#1491),.UNSPECIFIED.,.F.,
  .F.,(2,2),(0.,12.),.PIECEWISE_BEZIER_KNOTS.);
#1490 = CARTESIAN_POINT('',(0.,12.));
#1491 = CARTESIAN_POINT('',(0.,0.));
#1492 = ( GEOMETRIC_REPRESENTATION_CONTEXT(2) 
PARAMETRIC_REPRESENTATION_CONTEXT() REPRESENTATION_CONTEXT('2D SPACE',''
  ) );
#1493 = PCURVE('',#1494,#1499);
#1494 = PLANE('',#1495);
#1495 = AXIS2_PLACEMENT_3D('',#1496,#1497,#1498);
#1496 = CARTESIAN_POINT('',(-22.00000000002,-6.,-6.));
#1497 = DIRECTION('',(0.,0.,-1.));
#1498 = DIRECTION('',(-1.,0.,-0.));
#1499 = DEFINITIONAL_REPRESENTATION('',(#1500),#1503);
#1500 = B_SPLINE_CURVE_WITH_KNOTS('',1,(#1501,#1502),.UNSPECIFIED.,.F.,
  .F.,(2,2),(0.,12.),.PIECEWISE_BEZIER_KNOTS.);
#1501 = CARTESIAN_POINT('',(-34.,0.));
#1502 = CARTESIAN_POINT('',(-34.,12.));
#1503 = ( GEOMETRIC_REPRESENTATION_CONTEXT(2) 
PARAMETRIC_REPRESENTATION_CONTEXT() REPRESENTATION_CONTEXT('2D SPACE',''
  ) );
#1504 = ORIENTED_EDGE('',*,*,#1505,.F.);
#1505 = EDGE_CURVE('',#1429,#1481,#1506,.T.);
#1506 = SURFACE_CURVE('',#1507,(#1510,#1516),.PCURVE_S1.);
#1507 = B_SPLINE_CURVE_WITH_KNOTS('',1,(#1508,#1509),.UNSPECIFIED.,.F.,
  .F.,(2,2),(-5.5,0.),.PIECEWISE_BEZIER_KNOTS.);
#1508 = CARTESIAN_POINT('',(11.999999999974,6.,-0.5));
#1509 = CARTESIAN_POINT('',(11.999999999974,6.,-6.));
#1510 = PCURVE('',#1438,#1511);
#1511 = DEFINITIONAL_REPRESENTATION('',(#1512),#1515);
#1512 = B_SPLINE_CURVE_WITH_KNOTS('',1,(#1513,#1514),.UNSPECIFIED.,.F.,
  .F.,(2,2),(-5.5,0.),.PIECEWISE_BEZIER_KNOTS.);
#1513 = CARTESIAN_POINT('',(5.5,0.));
#1514 = CARTESIAN_POINT('',(0.,0.));
#1515 = ( GEOMETRIC_REPRESENTATION_CONTEXT(2) 
PARAMETRIC_REPRESENTATION_CONTEXT() REPRESENTATION_CONTEXT('2D SPACE',''
  ) );
#1516 = PCURVE('',#1366,#1517);
#1517 = DEFINITIONAL_REPRESENTATION('',(#1518),#1521);
#1518 = B_SPLINE_CURVE_WITH_KNOTS('',1,(#1519,#1520),.UNSPECIFIED.,.F.,
  .F.,(2,2),(-5.5,0.),.PIECEWISE_BEZIER_KNOTS.);
#1519 = CARTESIAN_POINT('',(5.5,34.));
#1520 = CARTESIAN_POINT('',(0.,34.));
#1521 = ( GEOMETRIC_REPRESENTATION_CONTEXT(2) 
PARAMETRIC_REPRESENTATION_CONTEXT() REPRESENTATION_CONTEXT('2D SPACE',''
  ) );
#1522 = ADVANCED_FACE('',(#1523),#1538,.F.);
#1523 = FACE_BOUND('',#1524,.F.);
#1524 = EDGE_LOOP('',(#1525,#1556,#1577,#1601));
#1525 = ORIENTED_EDGE('',*,*,#1526,.F.);
#1526 = EDGE_CURVE('',#1527,#1529,#1531,.T.);
#1527 = VERTEX_POINT('',#1528);
#1528 = CARTESIAN_POINT('',(2.958039891551,6.,-0.5));
#1529 = VERTEX_POINT('',#1530);
#1530 = CARTESIAN_POINT('',(2.958039891551,6.,0.5));
#1531 = SURFACE_CURVE('',#1532,(#1537,#1549),.PCURVE_S1.);
#1532 = CIRCLE('',#1533,3.000000000001);
#1533 = AXIS2_PLACEMENT_3D('',#1534,#1535,#1536);
#1534 = CARTESIAN_POINT('',(5.424398993139E-14,6.,-3.413593938699E-13));
#1535 = DIRECTION('',(0.,1.,0.));
#1536 = DIRECTION('',(0.986013297183,0.,-0.166666666667));
#1537 = PCURVE('',#1538,#1543);
#1538 = CYLINDRICAL_SURFACE('',#1539,3.);
#1539 = AXIS2_PLACEMENT_3D('',#1540,#1541,#1542);
#1540 = CARTESIAN_POINT('',(1.023072246078E-12,14.5,-1.749082998974E-13)
  );
#1541 = DIRECTION('',(0.,1.,0.));
#1542 = DIRECTION('',(0.,-0.,1.));
#1543 = DEFINITIONAL_REPRESENTATION('',(#1544),#1548);
#1544 = LINE('',#1545,#1546);
#1545 = CARTESIAN_POINT('',(1.738244406015,-8.5));
#1546 = VECTOR('',#1547,1.);
#1547 = DIRECTION('',(1.,0.));
#1548 = ( GEOMETRIC_REPRESENTATION_CONTEXT(2) 
PARAMETRIC_REPRESENTATION_CONTEXT() REPRESENTATION_CONTEXT('2D SPACE',''
  ) );
#1549 = PCURVE('',#1366,#1550);
#1550 = DEFINITIONAL_REPRESENTATION('',(#1551),#1555);
#1551 = CIRCLE('',#1552,3.000000000001);
#1552 = AXIS2_PLACEMENT_2D('',#1553,#1554);
#1553 = CARTESIAN_POINT('',(6.,22.000000000026));
#1554 = DIRECTION('',(-0.166666666667,0.986013297183));
#1555 = ( GEOMETRIC_REPRESENTATION_CONTEXT(2) 
PARAMETRIC_REPRESENTATION_CONTEXT() REPRESENTATION_CONTEXT('2D SPACE',''
  ) );
#1556 = ORIENTED_EDGE('',*,*,#1557,.F.);
#1557 = EDGE_CURVE('',#1558,#1527,#1560,.T.);
#1558 = VERTEX_POINT('',#1559);
#1559 = CARTESIAN_POINT('',(2.958039891551,-6.,-0.5));
#1560 = SURFACE_CURVE('',#1561,(#1564,#1571),.PCURVE_S1.);
#1561 = B_SPLINE_CURVE_WITH_KNOTS('',1,(#1562,#1563),.UNSPECIFIED.,.F.,
  .F.,(2,2),(3.,15.),.PIECEWISE_BEZIER_KNOTS.);
#1562 = CARTESIAN_POINT('',(2.958039891551,-6.,-0.5));
#1563 = CARTESIAN_POINT('',(2.958039891551,6.,-0.5));
#1564 = PCURVE('',#1538,#1565);
#1565 = DEFINITIONAL_REPRESENTATION('',(#1566),#1570);
#1566 = LINE('',#1567,#1568);
#1567 = CARTESIAN_POINT('',(1.738244406015,-23.5));
#1568 = VECTOR('',#1569,1.);
#1569 = DIRECTION('',(9.251858538543E-17,1.));
#1570 = ( GEOMETRIC_REPRESENTATION_CONTEXT(2) 
PARAMETRIC_REPRESENTATION_CONTEXT() REPRESENTATION_CONTEXT('2D SPACE',''
  ) );
#1571 = PCURVE('',#1449,#1572);
#1572 = DEFINITIONAL_REPRESENTATION('',(#1573),#1576);
#1573 = B_SPLINE_CURVE_WITH_KNOTS('',1,(#1574,#1575),.UNSPECIFIED.,.F.,
  .F.,(2,2),(3.,15.),.PIECEWISE_BEZIER_KNOTS.);
#1574 = CARTESIAN_POINT('',(0.958039891577,3.));
#1575 = CARTESIAN_POINT('',(0.958039891577,15.));
#1576 = ( GEOMETRIC_REPRESENTATION_CONTEXT(2) 
PARAMETRIC_REPRESENTATION_CONTEXT() REPRESENTATION_CONTEXT('2D SPACE',''
  ) );
#1577 = ORIENTED_EDGE('',*,*,#1578,.F.);
#1578 = EDGE_CURVE('',#1579,#1558,#1581,.T.);
#1579 = VERTEX_POINT('',#1580);
#1580 = CARTESIAN_POINT('',(2.958039891551,-6.,0.5));
#1581 = SURFACE_CURVE('',#1582,(#1587,#1594),.PCURVE_S1.);
#1582 = CIRCLE('',#1583,3.000000000001);
#1583 = AXIS2_PLACEMENT_3D('',#1584,#1585,#1586);
#1584 = CARTESIAN_POINT('',(-3.403305530033E-15,-6.,-1.866938833755E-16)
  );
#1585 = DIRECTION('',(0.,-1.,0.));
#1586 = DIRECTION('',(0.986013297183,0.,0.166666666667));
#1587 = PCURVE('',#1538,#1588);
#1588 = DEFINITIONAL_REPRESENTATION('',(#1589),#1593);
#1589 = LINE('',#1590,#1591);
#1590 = CARTESIAN_POINT('',(7.686533554755,-20.5));
#1591 = VECTOR('',#1592,1.);
#1592 = DIRECTION('',(-1.,0.));
#1593 = ( GEOMETRIC_REPRESENTATION_CONTEXT(2) 
PARAMETRIC_REPRESENTATION_CONTEXT() REPRESENTATION_CONTEXT('2D SPACE',''
  ) );
#1594 = PCURVE('',#1414,#1595);
#1595 = DEFINITIONAL_REPRESENTATION('',(#1596),#1600);
#1596 = CIRCLE('',#1597,3.000000000001);
#1597 = AXIS2_PLACEMENT_2D('',#1598,#1599);
#1598 = CARTESIAN_POINT('',(-6.,-11.99999999997));
#1599 = DIRECTION('',(-0.166666666667,0.986013297183));
#1600 = ( GEOMETRIC_REPRESENTATION_CONTEXT(2) 
PARAMETRIC_REPRESENTATION_CONTEXT() REPRESENTATION_CONTEXT('2D SPACE',''
  ) );
#1601 = ORIENTED_EDGE('',*,*,#1602,.F.);
#1602 = EDGE_CURVE('',#1529,#1579,#1603,.T.);
#1603 = SURFACE_CURVE('',#1604,(#1607,#1614),.PCURVE_S1.);
#1604 = B_SPLINE_CURVE_WITH_KNOTS('',1,(#1605,#1606),.UNSPECIFIED.,.F.,
  .F.,(2,2),(-12.,0.),.PIECEWISE_BEZIER_KNOTS.);
#1605 = CARTESIAN_POINT('',(2.958039891551,6.,0.5));
#1606 = CARTESIAN_POINT('',(2.958039891551,-6.,0.5));
#1607 = PCURVE('',#1538,#1608);
#1608 = DEFINITIONAL_REPRESENTATION('',(#1609),#1613);
#1609 = LINE('',#1610,#1611);
#1610 = CARTESIAN_POINT('',(7.686533554755,-20.5));
#1611 = VECTOR('',#1612,1.);
#1612 = DIRECTION('',(5.181040781584E-16,-1.));
#1613 = ( GEOMETRIC_REPRESENTATION_CONTEXT(2) 
PARAMETRIC_REPRESENTATION_CONTEXT() REPRESENTATION_CONTEXT('2D SPACE',''
  ) );
#1614 = PCURVE('',#1341,#1615);
#1615 = DEFINITIONAL_REPRESENTATION('',(#1616),#1619);
#1616 = B_SPLINE_CURVE_WITH_KNOTS('',1,(#1617,#1618),.UNSPECIFIED.,.F.,
  .F.,(2,2),(-12.,0.),.PIECEWISE_BEZIER_KNOTS.);
#1617 = CARTESIAN_POINT('',(32.041960108423,15.));
#1618 = CARTESIAN_POINT('',(32.041960108423,3.));
#1619 = ( GEOMETRIC_REPRESENTATION_CONTEXT(2) 
PARAMETRIC_REPRESENTATION_CONTEXT() REPRESENTATION_CONTEXT('2D SPACE',''
  ) );
#1620 = ADVANCED_FACE('',(#1621),#1634,.F.);
#1621 = FACE_BOUND('',#1622,.F.);
#1622 = EDGE_LOOP('',(#1623,#1679,#1703,#1725));
#1623 = ORIENTED_EDGE('',*,*,#1624,.T.);
#1624 = EDGE_CURVE('',#1625,#1627,#1629,.T.);
#1625 = VERTEX_POINT('',#1626);
#1626 = CARTESIAN_POINT('',(5.499999999974,-2.5,6.));
#1627 = VERTEX_POINT('',#1628);
#1628 = CARTESIAN_POINT('',(5.499999999974,-2.5,0.5));
#1629 = SURFACE_CURVE('',#1630,(#1633,#1667),.PCURVE_S1.);
#1630 = B_SPLINE_CURVE_WITH_KNOTS('',1,(#1631,#1632),.UNSPECIFIED.,.F.,
  .F.,(2,2),(0.,5.5),.PIECEWISE_BEZIER_KNOTS.);
#1631 = CARTESIAN_POINT('',(5.499999999974,-2.5,6.));
#1632 = CARTESIAN_POINT('',(5.499999999974,-2.5,0.5));
#1633 = PCURVE('',#1634,#1639);
#1634 = CYLINDRICAL_SURFACE('',#1635,1.5);
#1635 = AXIS2_PLACEMENT_3D('',#1636,#1637,#1638);
#1636 = CARTESIAN_POINT('',(6.999999999974,-2.5,-4.5));
#1637 = DIRECTION('',(0.,0.,-1.));
#1638 = DIRECTION('',(-1.,0.,-0.));
#1639 = DEFINITIONAL_REPRESENTATION('',(#1640),#1666);
#1640 = B_SPLINE_CURVE_WITH_KNOTS('',3,(#1641,#1642,#1643,#1644,#1645,
    #1646,#1647,#1648,#1649,#1650,#1651,#1652,#1653,#1654,#1655,#1656,
    #1657,#1658,#1659,#1660,#1661,#1662,#1663,#1664,#1665),
  .UNSPECIFIED.,.F.,.F.,(4,1,1,1,1,1,1,1,1,1,1,1,1,1,1,1,1,1,1,1,1,1,4),
  (0.,0.25,0.5,0.75,1.,1.25,1.5,1.75,2.,2.25,2.5,2.75,3.,3.25,3.5,3.75,
    4.,4.25,4.5,4.75,5.,5.25,5.5),.QUASI_UNIFORM_KNOTS.);
#1641 = CARTESIAN_POINT('',(6.28318530718,-10.5));
#1642 = CARTESIAN_POINT('',(6.28318530718,-10.41666666666));
#1643 = CARTESIAN_POINT('',(6.28318530718,-10.25));
#1644 = CARTESIAN_POINT('',(6.28318530718,-10.));
#1645 = CARTESIAN_POINT('',(6.28318530718,-9.75));
#1646 = CARTESIAN_POINT('',(6.28318530718,-9.5));
#1647 = CARTESIAN_POINT('',(6.28318530718,-9.25));
#1648 = CARTESIAN_POINT('',(6.28318530718,-9.));
#1649 = CARTESIAN_POINT('',(6.28318530718,-8.75));
#1650 = CARTESIAN_POINT('',(6.28318530718,-8.5));
#1651 = CARTESIAN_POINT('',(6.28318530718,-8.25));
#1652 = CARTESIAN_POINT('',(6.28318530718,-8.));
#1653 = CARTESIAN_POINT('',(6.28318530718,-7.75));
#1654 = CARTESIAN_POINT('',(6.28318530718,-7.5));
#1655 = CARTESIAN_POINT('',(6.28318530718,-7.25));
#1656 = CARTESIAN_POINT('',(6.28318530718,-7.));
#1657 = CARTESIAN_POINT('',(6.28318530718,-6.75));
#1658 = CARTESIAN_POINT('',(6.28318530718,-6.5));
#1659 = CARTESIAN_POINT('',(6.28318530718,-6.25));
#1660 = CARTESIAN_POINT('',(6.28318530718,-6.));
#1661 = CARTESIAN_POINT('',(6.28318530718,-5.75));
#1662 = CARTESIAN_POINT('',(6.28318530718,-5.5));
#1663 = CARTESIAN_POINT('',(6.28318530718,-5.25));
#1664 = CARTESIAN_POINT('',(6.28318530718,-5.083333333333));
#1665 = CARTESIAN_POINT('',(6.28318530718,-5.));
#1666 = ( GEOMETRIC_REPRESENTATION_CONTEXT(2) 
PARAMETRIC_REPRESENTATION_CONTEXT() REPRESENTATION_CONTEXT('2D SPACE',''
  ) );
#1667 = PCURVE('',#1668,#1673);
#1668 = CYLINDRICAL_SURFACE('',#1669,1.5);
#1669 = AXIS2_PLACEMENT_3D('',#1670,#1671,#1672);
#1670 = CARTESIAN_POINT('',(6.999999999974,-2.5,-4.5));
#1671 = DIRECTION('',(0.,0.,-1.));
#1672 = DIRECTION('',(-1.,0.,-0.));
#1673 = DEFINITIONAL_REPRESENTATION('',(#1674),#1678);
#1674 = LINE('',#1675,#1676);
#1675 = CARTESIAN_POINT('',(0.,-10.5));
#1676 = VECTOR('',#1677,1.);
#1677 = DIRECTION('',(0.,1.));
#1678 = ( GEOMETRIC_REPRESENTATION_CONTEXT(2) 
PARAMETRIC_REPRESENTATION_CONTEXT() REPRESENTATION_CONTEXT('2D SPACE',''
  ) );
#1679 = ORIENTED_EDGE('',*,*,#1680,.F.);
#1680 = EDGE_CURVE('',#1681,#1627,#1683,.T.);
#1681 = VERTEX_POINT('',#1682);
#1682 = CARTESIAN_POINT('',(8.499999999974,-2.5,0.5));
#1683 = SURFACE_CURVE('',#1684,(#1689,#1696),.PCURVE_S1.);
#1684 = CIRCLE('',#1685,1.5);
#1685 = AXIS2_PLACEMENT_3D('',#1686,#1687,#1688);
#1686 = CARTESIAN_POINT('',(6.999999999974,-2.5,0.5));
#1687 = DIRECTION('',(0.,0.,-1.));
#1688 = DIRECTION('',(1.,5.921189464668E-16,0.));
#1689 = PCURVE('',#1634,#1690);
#1690 = DEFINITIONAL_REPRESENTATION('',(#1691),#1695);
#1691 = LINE('',#1692,#1693);
#1692 = CARTESIAN_POINT('',(3.14159265359,-5.));
#1693 = VECTOR('',#1694,1.);
#1694 = DIRECTION('',(1.,0.));
#1695 = ( GEOMETRIC_REPRESENTATION_CONTEXT(2) 
PARAMETRIC_REPRESENTATION_CONTEXT() REPRESENTATION_CONTEXT('2D SPACE',''
  ) );
#1696 = PCURVE('',#1341,#1697);
#1697 = DEFINITIONAL_REPRESENTATION('',(#1698),#1702);
#1698 = CIRCLE('',#1699,1.5);
#1699 = AXIS2_PLACEMENT_2D('',#1700,#1701);
#1700 = CARTESIAN_POINT('',(28.,6.5));
#1701 = DIRECTION('',(-1.,5.921189464668E-16));
#1702 = ( GEOMETRIC_REPRESENTATION_CONTEXT(2) 
PARAMETRIC_REPRESENTATION_CONTEXT() REPRESENTATION_CONTEXT('2D SPACE',''
  ) );
#1703 = ORIENTED_EDGE('',*,*,#1704,.F.);
#1704 = EDGE_CURVE('',#1705,#1681,#1707,.T.);
#1705 = VERTEX_POINT('',#1706);
#1706 = CARTESIAN_POINT('',(8.499999999974,-2.5,6.));
#1707 = SURFACE_CURVE('',#1708,(#1711,#1718),.PCURVE_S1.);
#1708 = B_SPLINE_CURVE_WITH_KNOTS('',1,(#1709,#1710),.UNSPECIFIED.,.F.,
  .F.,(2,2),(0.,5.5),.PIECEWISE_BEZIER_KNOTS.);
#1709 = CARTESIAN_POINT('',(8.499999999974,-2.5,6.));
#1710 = CARTESIAN_POINT('',(8.499999999974,-2.5,0.5));
#1711 = PCURVE('',#1634,#1712);
#1712 = DEFINITIONAL_REPRESENTATION('',(#1713),#1717);
#1713 = LINE('',#1714,#1715);
#1714 = CARTESIAN_POINT('',(3.14159265359,-10.5));
#1715 = VECTOR('',#1716,1.);
#1716 = DIRECTION('',(0.,1.));
#1717 = ( GEOMETRIC_REPRESENTATION_CONTEXT(2) 
PARAMETRIC_REPRESENTATION_CONTEXT() REPRESENTATION_CONTEXT('2D SPACE',''
  ) );
#1718 = PCURVE('',#1668,#1719);
#1719 = DEFINITIONAL_REPRESENTATION('',(#1720),#1724);
#1720 = LINE('',#1721,#1722);
#1721 = CARTESIAN_POINT('',(3.14159265359,-10.5));
#1722 = VECTOR('',#1723,1.);
#1723 = DIRECTION('',(0.,1.));
#1724 = ( GEOMETRIC_REPRESENTATION_CONTEXT(2) 
PARAMETRIC_REPRESENTATION_CONTEXT() REPRESENTATION_CONTEXT('2D SPACE',''
  ) );
#1725 = ORIENTED_EDGE('',*,*,#1726,.F.);
#1726 = EDGE_CURVE('',#1625,#1705,#1727,.T.);
#1727 = SURFACE_CURVE('',#1728,(#1733,#1740),.PCURVE_S1.);
#1728 = CIRCLE('',#1729,1.5);
#1729 = AXIS2_PLACEMENT_3D('',#1730,#1731,#1732);
#1730 = CARTESIAN_POINT('',(6.999999999974,-2.5,6.));
#1731 = DIRECTION('',(0.,0.,1.));
#1732 = DIRECTION('',(-1.,0.,0.));
#1733 = PCURVE('',#1634,#1734);
#1734 = DEFINITIONAL_REPRESENTATION('',(#1735),#1739);
#1735 = LINE('',#1736,#1737);
#1736 = CARTESIAN_POINT('',(6.28318530718,-10.5));
#1737 = VECTOR('',#1738,1.);
#1738 = DIRECTION('',(-1.,0.));
#1739 = ( GEOMETRIC_REPRESENTATION_CONTEXT(2) 
PARAMETRIC_REPRESENTATION_CONTEXT() REPRESENTATION_CONTEXT('2D SPACE',''
  ) );
#1740 = PCURVE('',#1391,#1741);
#1741 = DEFINITIONAL_REPRESENTATION('',(#1742),#1746);
#1742 = CIRCLE('',#1743,1.5);
#1743 = AXIS2_PLACEMENT_2D('',#1744,#1745);
#1744 = CARTESIAN_POINT('',(29.,3.5));
#1745 = DIRECTION('',(-1.,0.));
#1746 = ( GEOMETRIC_REPRESENTATION_CONTEXT(2) 
PARAMETRIC_REPRESENTATION_CONTEXT() REPRESENTATION_CONTEXT('2D SPACE',''
  ) );
#1747 = ADVANCED_FACE('',(#1748),#1761,.F.);
#1748 = FACE_BOUND('',#1749,.F.);
#1749 = EDGE_LOOP('',(#1750,#1806,#1830,#1852));
#1750 = ORIENTED_EDGE('',*,*,#1751,.T.);
#1751 = EDGE_CURVE('',#1752,#1754,#1756,.T.);
#1752 = VERTEX_POINT('',#1753);
#1753 = CARTESIAN_POINT('',(5.499999999974,-2.5,-0.5));
#1754 = VERTEX_POINT('',#1755);
#1755 = CARTESIAN_POINT('',(5.499999999974,-2.5,-6.));
#1756 = SURFACE_CURVE('',#1757,(#1760,#1794),.PCURVE_S1.);
#1757 = B_SPLINE_CURVE_WITH_KNOTS('',1,(#1758,#1759),.UNSPECIFIED.,.F.,
  .F.,(2,2),(6.5,12.),.PIECEWISE_BEZIER_KNOTS.);
#1758 = CARTESIAN_POINT('',(5.499999999974,-2.5,-0.5));
#1759 = CARTESIAN_POINT('',(5.499999999974,-2.5,-6.));
#1760 = PCURVE('',#1761,#1766);
#1761 = CYLINDRICAL_SURFACE('',#1762,1.5);
#1762 = AXIS2_PLACEMENT_3D('',#1763,#1764,#1765);
#1763 = CARTESIAN_POINT('',(6.999999999974,-2.5,-4.5));
#1764 = DIRECTION('',(0.,0.,-1.));
#1765 = DIRECTION('',(-1.,0.,-0.));
#1766 = DEFINITIONAL_REPRESENTATION('',(#1767),#1793);
#1767 = B_SPLINE_CURVE_WITH_KNOTS('',3,(#1768,#1769,#1770,#1771,#1772,
    #1773,#1774,#1775,#1776,#1777,#1778,#1779,#1780,#1781,#1782,#1783,
    #1784,#1785,#1786,#1787,#1788,#1789,#1790,#1791,#1792),
  .UNSPECIFIED.,.F.,.F.,(4,1,1,1,1,1,1,1,1,1,1,1,1,1,1,1,1,1,1,1,1,1,4),
  (6.5,6.75,7.,7.25,7.5,7.75,8.,8.25,8.5,8.75,9.,9.25,9.5,9.75,10.,10.25
    ,10.5,10.75,11.,11.25,11.5,11.75,12.),.QUASI_UNIFORM_KNOTS.);
#1768 = CARTESIAN_POINT('',(6.28318530718,-4.));
#1769 = CARTESIAN_POINT('',(6.28318530718,-3.916666666667));
#1770 = CARTESIAN_POINT('',(6.28318530718,-3.75));
#1771 = CARTESIAN_POINT('',(6.28318530718,-3.5));
#1772 = CARTESIAN_POINT('',(6.28318530718,-3.25));
#1773 = CARTESIAN_POINT('',(6.28318530718,-3.));
#1774 = CARTESIAN_POINT('',(6.28318530718,-2.75));
#1775 = CARTESIAN_POINT('',(6.28318530718,-2.5));
#1776 = CARTESIAN_POINT('',(6.28318530718,-2.25));
#1777 = CARTESIAN_POINT('',(6.28318530718,-2.));
#1778 = CARTESIAN_POINT('',(6.28318530718,-1.75));
#1779 = CARTESIAN_POINT('',(6.28318530718,-1.5));
#1780 = CARTESIAN_POINT('',(6.28318530718,-1.25));
#1781 = CARTESIAN_POINT('',(6.28318530718,-1.));
#1782 = CARTESIAN_POINT('',(6.28318530718,-0.75));
#1783 = CARTESIAN_POINT('',(6.28318530718,-0.5));
#1784 = CARTESIAN_POINT('',(6.28318530718,-0.25));
#1785 = CARTESIAN_POINT('',(6.28318530718,5.912481836977E-16));
#1786 = CARTESIAN_POINT('',(6.28318530718,0.25));
#1787 = CARTESIAN_POINT('',(6.28318530718,0.5));
#1788 = CARTESIAN_POINT('',(6.28318530718,0.75));
#1789 = CARTESIAN_POINT('',(6.28318530718,1.));
#1790 = CARTESIAN_POINT('',(6.28318530718,1.25));
#1791 = CARTESIAN_POINT('',(6.28318530718,1.416666666667));
#1792 = CARTESIAN_POINT('',(6.28318530718,1.5));
#1793 = ( GEOMETRIC_REPRESENTATION_CONTEXT(2) 
PARAMETRIC_REPRESENTATION_CONTEXT() REPRESENTATION_CONTEXT('2D SPACE',''
  ) );
#1794 = PCURVE('',#1795,#1800);
#1795 = CYLINDRICAL_SURFACE('',#1796,1.5);
#1796 = AXIS2_PLACEMENT_3D('',#1797,#1798,#1799);
#1797 = CARTESIAN_POINT('',(6.999999999974,-2.5,-4.5));
#1798 = DIRECTION('',(0.,0.,-1.));
#1799 = DIRECTION('',(-1.,0.,-0.));
#1800 = DEFINITIONAL_REPRESENTATION('',(#1801),#1805);
#1801 = LINE('',#1802,#1803);
#1802 = CARTESIAN_POINT('',(0.,-10.5));
#1803 = VECTOR('',#1804,1.);
#1804 = DIRECTION('',(0.,1.));
#1805 = ( GEOMETRIC_REPRESENTATION_CONTEXT(2) 
PARAMETRIC_REPRESENTATION_CONTEXT() REPRESENTATION_CONTEXT('2D SPACE',''
  ) );
#1806 = ORIENTED_EDGE('',*,*,#1807,.F.);
#1807 = EDGE_CURVE('',#1808,#1754,#1810,.T.);
#1808 = VERTEX_POINT('',#1809);
#1809 = CARTESIAN_POINT('',(8.499999999974,-2.5,-6.));
#1810 = SURFACE_CURVE('',#1811,(#1816,#1823),.PCURVE_S1.);
#1811 = CIRCLE('',#1812,1.5);
#1812 = AXIS2_PLACEMENT_3D('',#1813,#1814,#1815);
#1813 = CARTESIAN_POINT('',(6.999999999974,-2.5,-6.));
#1814 = DIRECTION('',(0.,0.,-1.));
#1815 = DIRECTION('',(1.,5.921189464668E-16,0.));
#1816 = PCURVE('',#1761,#1817);
#1817 = DEFINITIONAL_REPRESENTATION('',(#1818),#1822);
#1818 = LINE('',#1819,#1820);
#1819 = CARTESIAN_POINT('',(3.14159265359,1.5));
#1820 = VECTOR('',#1821,1.);
#1821 = DIRECTION('',(1.,0.));
#1822 = ( GEOMETRIC_REPRESENTATION_CONTEXT(2) 
PARAMETRIC_REPRESENTATION_CONTEXT() REPRESENTATION_CONTEXT('2D SPACE',''
  ) );
#1823 = PCURVE('',#1494,#1824);
#1824 = DEFINITIONAL_REPRESENTATION('',(#1825),#1829);
#1825 = CIRCLE('',#1826,1.5);
#1826 = AXIS2_PLACEMENT_2D('',#1827,#1828);
#1827 = CARTESIAN_POINT('',(-29.,3.5));
#1828 = DIRECTION('',(-1.,5.921189464668E-16));
#1829 = ( GEOMETRIC_REPRESENTATION_CONTEXT(2) 
PARAMETRIC_REPRESENTATION_CONTEXT() REPRESENTATION_CONTEXT('2D SPACE',''
  ) );
#1830 = ORIENTED_EDGE('',*,*,#1831,.F.);
#1831 = EDGE_CURVE('',#1832,#1808,#1834,.T.);
#1832 = VERTEX_POINT('',#1833);
#1833 = CARTESIAN_POINT('',(8.499999999974,-2.5,-0.5));
#1834 = SURFACE_CURVE('',#1835,(#1838,#1845),.PCURVE_S1.);
#1835 = B_SPLINE_CURVE_WITH_KNOTS('',1,(#1836,#1837),.UNSPECIFIED.,.F.,
  .F.,(2,2),(6.5,12.),.PIECEWISE_BEZIER_KNOTS.);
#1836 = CARTESIAN_POINT('',(8.499999999974,-2.5,-0.5));
#1837 = CARTESIAN_POINT('',(8.499999999974,-2.5,-6.));
#1838 = PCURVE('',#1761,#1839);
#1839 = DEFINITIONAL_REPRESENTATION('',(#1840),#1844);
#1840 = LINE('',#1841,#1842);
#1841 = CARTESIAN_POINT('',(3.14159265359,-10.5));
#1842 = VECTOR('',#1843,1.);
#1843 = DIRECTION('',(0.,1.));
#1844 = ( GEOMETRIC_REPRESENTATION_CONTEXT(2) 
PARAMETRIC_REPRESENTATION_CONTEXT() REPRESENTATION_CONTEXT('2D SPACE',''
  ) );
#1845 = PCURVE('',#1795,#1846);
#1846 = DEFINITIONAL_REPRESENTATION('',(#1847),#1851);
#1847 = LINE('',#1848,#1849);
#1848 = CARTESIAN_POINT('',(3.14159265359,-10.5));
#1849 = VECTOR('',#1850,1.);
#1850 = DIRECTION('',(0.,1.));
#1851 = ( GEOMETRIC_REPRESENTATION_CONTEXT(2) 
PARAMETRIC_REPRESENTATION_CONTEXT() REPRESENTATION_CONTEXT('2D SPACE',''
  ) );
#1852 = ORIENTED_EDGE('',*,*,#1853,.F.);
#1853 = EDGE_CURVE('',#1752,#1832,#1854,.T.);
#1854 = SURFACE_CURVE('',#1855,(#1860,#1867),.PCURVE_S1.);
#1855 = CIRCLE('',#1856,1.5);
#1856 = AXIS2_PLACEMENT_3D('',#1857,#1858,#1859);
#1857 = CARTESIAN_POINT('',(6.999999999974,-2.5,-0.5));
#1858 = DIRECTION('',(0.,0.,1.));
#1859 = DIRECTION('',(-1.,0.,0.));
#1860 = PCURVE('',#1761,#1861);
#1861 = DEFINITIONAL_REPRESENTATION('',(#1862),#1866);
#1862 = LINE('',#1863,#1864);
#1863 = CARTESIAN_POINT('',(6.28318530718,-4.));
#1864 = VECTOR('',#1865,1.);
#1865 = DIRECTION('',(-1.,0.));
#1866 = ( GEOMETRIC_REPRESENTATION_CONTEXT(2) 
PARAMETRIC_REPRESENTATION_CONTEXT() REPRESENTATION_CONTEXT('2D SPACE',''
  ) );
#1867 = PCURVE('',#1449,#1868);
#1868 = DEFINITIONAL_REPRESENTATION('',(#1869),#1873);
#1869 = CIRCLE('',#1870,1.5);
#1870 = AXIS2_PLACEMENT_2D('',#1871,#1872);
#1871 = CARTESIAN_POINT('',(5.,6.5));
#1872 = DIRECTION('',(-1.,0.));
#1873 = ( GEOMETRIC_REPRESENTATION_CONTEXT(2) 
PARAMETRIC_REPRESENTATION_CONTEXT() REPRESENTATION_CONTEXT('2D SPACE',''
  ) );
#1874 = ADVANCED_FACE('',(#1875),#1888,.F.);
#1875 = FACE_BOUND('',#1876,.F.);
#1876 = EDGE_LOOP('',(#1877,#1911,#1935,#1957));
#1877 = ORIENTED_EDGE('',*,*,#1878,.T.);
#1878 = EDGE_CURVE('',#1879,#1881,#1883,.T.);
#1879 = VERTEX_POINT('',#1880);
#1880 = CARTESIAN_POINT('',(5.499999999974,2.5,6.));
#1881 = VERTEX_POINT('',#1882);
#1882 = CARTESIAN_POINT('',(5.499999999974,2.5,0.5));
#1883 = SURFACE_CURVE('',#1884,(#1887,#1899),.PCURVE_S1.);
#1884 = B_SPLINE_CURVE_WITH_KNOTS('',1,(#1885,#1886),.UNSPECIFIED.,.F.,
  .F.,(2,2),(0.,5.5),.PIECEWISE_BEZIER_KNOTS.);
#1885 = CARTESIAN_POINT('',(5.499999999974,2.5,6.));
#1886 = CARTESIAN_POINT('',(5.499999999974,2.5,0.5));
#1887 = PCURVE('',#1888,#1893);
#1888 = CYLINDRICAL_SURFACE('',#1889,1.5);
#1889 = AXIS2_PLACEMENT_3D('',#1890,#1891,#1892);
#1890 = CARTESIAN_POINT('',(6.999999999974,2.5,-4.5));
#1891 = DIRECTION('',(0.,0.,-1.));
#1892 = DIRECTION('',(-1.,0.,-0.));
#1893 = DEFINITIONAL_REPRESENTATION('',(#1894),#1898);
#1894 = LINE('',#1895,#1896);
#1895 = CARTESIAN_POINT('',(6.28318530718,-10.5));
#1896 = VECTOR('',#1897,1.);
#1897 = DIRECTION('',(0.,1.));
#1898 = ( GEOMETRIC_REPRESENTATION_CONTEXT(2) 
PARAMETRIC_REPRESENTATION_CONTEXT() REPRESENTATION_CONTEXT('2D SPACE',''
  ) );
#1899 = PCURVE('',#1900,#1905);
#1900 = CYLINDRICAL_SURFACE('',#1901,1.5);
#1901 = AXIS2_PLACEMENT_3D('',#1902,#1903,#1904);
#1902 = CARTESIAN_POINT('',(6.999999999974,2.5,-4.5));
#1903 = DIRECTION('',(0.,0.,-1.));
#1904 = DIRECTION('',(-1.,0.,-0.));
#1905 = DEFINITIONAL_REPRESENTATION('',(#1906),#1910);
#1906 = LINE('',#1907,#1908);
#1907 = CARTESIAN_POINT('',(0.,-10.5));
#1908 = VECTOR('',#1909,1.);
#1909 = DIRECTION('',(0.,1.));
#1910 = ( GEOMETRIC_REPRESENTATION_CONTEXT(2) 
PARAMETRIC_REPRESENTATION_CONTEXT() REPRESENTATION_CONTEXT('2D SPACE',''
  ) );
#1911 = ORIENTED_EDGE('',*,*,#1912,.F.);
#1912 = EDGE_CURVE('',#1913,#1881,#1915,.T.);
#1913 = VERTEX_POINT('',#1914);
#1914 = CARTESIAN_POINT('',(8.499999999974,2.5,0.5));
#1915 = SURFACE_CURVE('',#1916,(#1921,#1928),.PCURVE_S1.);
#1916 = CIRCLE('',#1917,1.5);
#1917 = AXIS2_PLACEMENT_3D('',#1918,#1919,#1920);
#1918 = CARTESIAN_POINT('',(6.999999999974,2.5,0.5));
#1919 = DIRECTION('',(0.,0.,-1.));
#1920 = DIRECTION('',(1.,5.921189464668E-16,0.));
#1921 = PCURVE('',#1888,#1922);
#1922 = DEFINITIONAL_REPRESENTATION('',(#1923),#1927);
#1923 = LINE('',#1924,#1925);
#1924 = CARTESIAN_POINT('',(3.14159265359,-5.));
#1925 = VECTOR('',#1926,1.);
#1926 = DIRECTION('',(1.,0.));
#1927 = ( GEOMETRIC_REPRESENTATION_CONTEXT(2) 
PARAMETRIC_REPRESENTATION_CONTEXT() REPRESENTATION_CONTEXT('2D SPACE',''
  ) );
#1928 = PCURVE('',#1341,#1929);
#1929 = DEFINITIONAL_REPRESENTATION('',(#1930),#1934);
#1930 = CIRCLE('',#1931,1.5);
#1931 = AXIS2_PLACEMENT_2D('',#1932,#1933);
#1932 = CARTESIAN_POINT('',(28.,11.5));
#1933 = DIRECTION('',(-1.,5.921189464668E-16));
#1934 = ( GEOMETRIC_REPRESENTATION_CONTEXT(2) 
PARAMETRIC_REPRESENTATION_CONTEXT() REPRESENTATION_CONTEXT('2D SPACE',''
  ) );
#1935 = ORIENTED_EDGE('',*,*,#1936,.F.);
#1936 = EDGE_CURVE('',#1937,#1913,#1939,.T.);
#1937 = VERTEX_POINT('',#1938);
#1938 = CARTESIAN_POINT('',(8.499999999974,2.5,6.));
#1939 = SURFACE_CURVE('',#1940,(#1943,#1950),.PCURVE_S1.);
#1940 = B_SPLINE_CURVE_WITH_KNOTS('',1,(#1941,#1942),.UNSPECIFIED.,.F.,
  .F.,(2,2),(0.,5.5),.PIECEWISE_BEZIER_KNOTS.);
#1941 = CARTESIAN_POINT('',(8.499999999974,2.5,6.));
#1942 = CARTESIAN_POINT('',(8.499999999974,2.5,0.5));
#1943 = PCURVE('',#1888,#1944);
#1944 = DEFINITIONAL_REPRESENTATION('',(#1945),#1949);
#1945 = LINE('',#1946,#1947);
#1946 = CARTESIAN_POINT('',(3.14159265359,-10.5));
#1947 = VECTOR('',#1948,1.);
#1948 = DIRECTION('',(0.,1.));
#1949 = ( GEOMETRIC_REPRESENTATION_CONTEXT(2) 
PARAMETRIC_REPRESENTATION_CONTEXT() REPRESENTATION_CONTEXT('2D SPACE',''
  ) );
#1950 = PCURVE('',#1900,#1951);
#1951 = DEFINITIONAL_REPRESENTATION('',(#1952),#1956);
#1952 = LINE('',#1953,#1954);
#1953 = CARTESIAN_POINT('',(3.14159265359,-10.5));
#1954 = VECTOR('',#1955,1.);
#1955 = DIRECTION('',(0.,1.));
#1956 = ( GEOMETRIC_REPRESENTATION_CONTEXT(2) 
PARAMETRIC_REPRESENTATION_CONTEXT() REPRESENTATION_CONTEXT('2D SPACE',''
  ) );
#1957 = ORIENTED_EDGE('',*,*,#1958,.F.);
#1958 = EDGE_CURVE('',#1879,#1937,#1959,.T.);
#1959 = SURFACE_CURVE('',#1960,(#1965,#1972),.PCURVE_S1.);
#1960 = CIRCLE('',#1961,1.5);
#1961 = AXIS2_PLACEMENT_3D('',#1962,#1963,#1964);
#1962 = CARTESIAN_POINT('',(6.999999999974,2.5,6.));
#1963 = DIRECTION('',(0.,0.,1.));
#1964 = DIRECTION('',(-1.,0.,0.));
#1965 = PCURVE('',#1888,#1966);
#1966 = DEFINITIONAL_REPRESENTATION('',(#1967),#1971);
#1967 = LINE('',#1968,#1969);
#1968 = CARTESIAN_POINT('',(6.28318530718,-10.5));
#1969 = VECTOR('',#1970,1.);
#1970 = DIRECTION('',(-1.,0.));
#1971 = ( GEOMETRIC_REPRESENTATION_CONTEXT(2) 
PARAMETRIC_REPRESENTATION_CONTEXT() REPRESENTATION_CONTEXT('2D SPACE',''
  ) );
#1972 = PCURVE('',#1391,#1973);
#1973 = DEFINITIONAL_REPRESENTATION('',(#1974),#1978);
#1974 = CIRCLE('',#1975,1.5);
#1975 = AXIS2_PLACEMENT_2D('',#1976,#1977);
#1976 = CARTESIAN_POINT('',(29.,8.5));
#1977 = DIRECTION('',(-1.,0.));
#1978 = ( GEOMETRIC_REPRESENTATION_CONTEXT(2) 
PARAMETRIC_REPRESENTATION_CONTEXT() REPRESENTATION_CONTEXT('2D SPACE',''
  ) );
#1979 = ADVANCED_FACE('',(#1980),#1993,.F.);
#1980 = FACE_BOUND('',#1981,.F.);
#1981 = EDGE_LOOP('',(#1982,#2016,#2040,#2062));
#1982 = ORIENTED_EDGE('',*,*,#1983,.T.);
#1983 = EDGE_CURVE('',#1984,#1986,#1988,.T.);
#1984 = VERTEX_POINT('',#1985);
#1985 = CARTESIAN_POINT('',(5.499999999974,2.5,-0.5));
#1986 = VERTEX_POINT('',#1987);
#1987 = CARTESIAN_POINT('',(5.499999999974,2.5,-6.));
#1988 = SURFACE_CURVE('',#1989,(#1992,#2004),.PCURVE_S1.);
#1989 = B_SPLINE_CURVE_WITH_KNOTS('',1,(#1990,#1991),.UNSPECIFIED.,.F.,
  .F.,(2,2),(6.5,12.),.PIECEWISE_BEZIER_KNOTS.);
#1990 = CARTESIAN_POINT('',(5.499999999974,2.5,-0.5));
#1991 = CARTESIAN_POINT('',(5.499999999974,2.5,-6.));
#1992 = PCURVE('',#1993,#1998);
#1993 = CYLINDRICAL_SURFACE('',#1994,1.5);
#1994 = AXIS2_PLACEMENT_3D('',#1995,#1996,#1997);
#1995 = CARTESIAN_POINT('',(6.999999999974,2.5,-4.5));
#1996 = DIRECTION('',(0.,0.,-1.));
#1997 = DIRECTION('',(-1.,0.,-0.));
#1998 = DEFINITIONAL_REPRESENTATION('',(#1999),#2003);
#1999 = LINE('',#2000,#2001);
#2000 = CARTESIAN_POINT('',(6.28318530718,-10.5));
#2001 = VECTOR('',#2002,1.);
#2002 = DIRECTION('',(0.,1.));
#2003 = ( GEOMETRIC_REPRESENTATION_CONTEXT(2) 
PARAMETRIC_REPRESENTATION_CONTEXT() REPRESENTATION_CONTEXT('2D SPACE',''
  ) );
#2004 = PCURVE('',#2005,#2010);
#2005 = CYLINDRICAL_SURFACE('',#2006,1.5);
#2006 = AXIS2_PLACEMENT_3D('',#2007,#2008,#2009);
#2007 = CARTESIAN_POINT('',(6.999999999974,2.5,-4.5));
#2008 = DIRECTION('',(0.,0.,-1.));
#2009 = DIRECTION('',(-1.,0.,-0.));
#2010 = DEFINITIONAL_REPRESENTATION('',(#2011),#2015);
#2011 = LINE('',#2012,#2013);
#2012 = CARTESIAN_POINT('',(0.,-10.5));
#2013 = VECTOR('',#2014,1.);
#2014 = DIRECTION('',(0.,1.));
#2015 = ( GEOMETRIC_REPRESENTATION_CONTEXT(2) 
PARAMETRIC_REPRESENTATION_CONTEXT() REPRESENTATION_CONTEXT('2D SPACE',''
  ) );
#2016 = ORIENTED_EDGE('',*,*,#2017,.F.);
#2017 = EDGE_CURVE('',#2018,#1986,#2020,.T.);
#2018 = VERTEX_POINT('',#2019);
#2019 = CARTESIAN_POINT('',(8.499999999974,2.5,-6.));
#2020 = SURFACE_CURVE('',#2021,(#2026,#2033),.PCURVE_S1.);
#2021 = CIRCLE('',#2022,1.5);
#2022 = AXIS2_PLACEMENT_3D('',#2023,#2024,#2025);
#2023 = CARTESIAN_POINT('',(6.999999999974,2.5,-6.));
#2024 = DIRECTION('',(0.,0.,-1.));
#2025 = DIRECTION('',(1.,5.921189464668E-16,0.));
#2026 = PCURVE('',#1993,#2027);
#2027 = DEFINITIONAL_REPRESENTATION('',(#2028),#2032);
#2028 = LINE('',#2029,#2030);
#2029 = CARTESIAN_POINT('',(3.14159265359,1.5));
#2030 = VECTOR('',#2031,1.);
#2031 = DIRECTION('',(1.,0.));
#2032 = ( GEOMETRIC_REPRESENTATION_CONTEXT(2) 
PARAMETRIC_REPRESENTATION_CONTEXT() REPRESENTATION_CONTEXT('2D SPACE',''
  ) );
#2033 = PCURVE('',#1494,#2034);
#2034 = DEFINITIONAL_REPRESENTATION('',(#2035),#2039);
#2035 = CIRCLE('',#2036,1.5);
#2036 = AXIS2_PLACEMENT_2D('',#2037,#2038);
#2037 = CARTESIAN_POINT('',(-29.,8.5));
#2038 = DIRECTION('',(-1.,5.921189464668E-16));
#2039 = ( GEOMETRIC_REPRESENTATION_CONTEXT(2) 
PARAMETRIC_REPRESENTATION_CONTEXT() REPRESENTATION_CONTEXT('2D SPACE',''
  ) );
#2040 = ORIENTED_EDGE('',*,*,#2041,.F.);
#2041 = EDGE_CURVE('',#2042,#2018,#2044,.T.);
#2042 = VERTEX_POINT('',#2043);
#2043 = CARTESIAN_POINT('',(8.499999999974,2.5,-0.5));
#2044 = SURFACE_CURVE('',#2045,(#2048,#2055),.PCURVE_S1.);
#2045 = B_SPLINE_CURVE_WITH_KNOTS('',1,(#2046,#2047),.UNSPECIFIED.,.F.,
  .F.,(2,2),(6.5,12.),.PIECEWISE_BEZIER_KNOTS.);
#2046 = CARTESIAN_POINT('',(8.499999999974,2.5,-0.5));
#2047 = CARTESIAN_POINT('',(8.499999999974,2.5,-6.));
#2048 = PCURVE('',#1993,#2049);
#2049 = DEFINITIONAL_REPRESENTATION('',(#2050),#2054);
#2050 = LINE('',#2051,#2052);
#2051 = CARTESIAN_POINT('',(3.14159265359,-10.5));
#2052 = VECTOR('',#2053,1.);
#2053 = DIRECTION('',(0.,1.));
#2054 = ( GEOMETRIC_REPRESENTATION_CONTEXT(2) 
PARAMETRIC_REPRESENTATION_CONTEXT() REPRESENTATION_CONTEXT('2D SPACE',''
  ) );
#2055 = PCURVE('',#2005,#2056);
#2056 = DEFINITIONAL_REPRESENTATION('',(#2057),#2061);
#2057 = LINE('',#2058,#2059);
#2058 = CARTESIAN_POINT('',(3.14159265359,-10.5));
#2059 = VECTOR('',#2060,1.);
#2060 = DIRECTION('',(0.,1.));
#2061 = ( GEOMETRIC_REPRESENTATION_CONTEXT(2) 
PARAMETRIC_REPRESENTATION_CONTEXT() REPRESENTATION_CONTEXT('2D SPACE',''
  ) );
#2062 = ORIENTED_EDGE('',*,*,#2063,.F.);
#2063 = EDGE_CURVE('',#1984,#2042,#2064,.T.);
#2064 = SURFACE_CURVE('',#2065,(#2070,#2077),.PCURVE_S1.);
#2065 = CIRCLE('',#2066,1.5);
#2066 = AXIS2_PLACEMENT_3D('',#2067,#2068,#2069);
#2067 = CARTESIAN_POINT('',(6.999999999974,2.5,-0.5));
#2068 = DIRECTION('',(0.,0.,1.));
#2069 = DIRECTION('',(-1.,0.,0.));
#2070 = PCURVE('',#1993,#2071);
#2071 = DEFINITIONAL_REPRESENTATION('',(#2072),#2076);
#2072 = LINE('',#2073,#2074);
#2073 = CARTESIAN_POINT('',(6.28318530718,-4.));
#2074 = VECTOR('',#2075,1.);
#2075 = DIRECTION('',(-1.,0.));
#2076 = ( GEOMETRIC_REPRESENTATION_CONTEXT(2) 
PARAMETRIC_REPRESENTATION_CONTEXT() REPRESENTATION_CONTEXT('2D SPACE',''
  ) );
#2077 = PCURVE('',#1449,#2078);
#2078 = DEFINITIONAL_REPRESENTATION('',(#2079),#2083);
#2079 = CIRCLE('',#2080,1.5);
#2080 = AXIS2_PLACEMENT_2D('',#2081,#2082);
#2081 = CARTESIAN_POINT('',(5.,11.5));
#2082 = DIRECTION('',(-1.,0.));
#2083 = ( GEOMETRIC_REPRESENTATION_CONTEXT(2) 
PARAMETRIC_REPRESENTATION_CONTEXT() REPRESENTATION_CONTEXT('2D SPACE',''
  ) );
#2084 = ADVANCED_FACE('',(#2085,#2125,#2150),#1449,.T.);
#2085 = FACE_BOUND('',#2086,.T.);
#2086 = EDGE_LOOP('',(#2087,#2105,#2106,#2124));
#2087 = ORIENTED_EDGE('',*,*,#2088,.F.);
#2088 = EDGE_CURVE('',#1431,#1558,#2089,.T.);
#2089 = SURFACE_CURVE('',#2090,(#2093,#2099),.PCURVE_S1.);
#2090 = B_SPLINE_CURVE_WITH_KNOTS('',1,(#2091,#2092),.UNSPECIFIED.,.F.,
  .F.,(2,2),(6.272727272727,8.738716393206),.PIECEWISE_BEZIER_KNOTS.);
#2091 = CARTESIAN_POINT('',(11.999999999974,-6.,-0.5));
#2092 = CARTESIAN_POINT('',(2.958039891551,-6.,-0.5));
#2093 = PCURVE('',#1449,#2094);
#2094 = DEFINITIONAL_REPRESENTATION('',(#2095),#2098);
#2095 = B_SPLINE_CURVE_WITH_KNOTS('',1,(#2096,#2097),.UNSPECIFIED.,.F.,
  .F.,(2,2),(6.272727272727,8.738716393206),.PIECEWISE_BEZIER_KNOTS.);
#2096 = CARTESIAN_POINT('',(10.,3.));
#2097 = CARTESIAN_POINT('',(0.958039891577,3.));
#2098 = ( GEOMETRIC_REPRESENTATION_CONTEXT(2) 
PARAMETRIC_REPRESENTATION_CONTEXT() REPRESENTATION_CONTEXT('2D SPACE',''
  ) );
#2099 = PCURVE('',#1414,#2100);
#2100 = DEFINITIONAL_REPRESENTATION('',(#2101),#2104);
#2101 = B_SPLINE_CURVE_WITH_KNOTS('',1,(#2102,#2103),.UNSPECIFIED.,.F.,
  .F.,(2,2),(6.272727272727,8.738716393206),.PIECEWISE_BEZIER_KNOTS.);
#2102 = CARTESIAN_POINT('',(-5.5,0.));
#2103 = CARTESIAN_POINT('',(-5.5,-9.041960108423));
#2104 = ( GEOMETRIC_REPRESENTATION_CONTEXT(2) 
PARAMETRIC_REPRESENTATION_CONTEXT() REPRESENTATION_CONTEXT('2D SPACE',''
  ) );
#2105 = ORIENTED_EDGE('',*,*,#1428,.F.);
#2106 = ORIENTED_EDGE('',*,*,#2107,.F.);
#2107 = EDGE_CURVE('',#1527,#1429,#2108,.T.);
#2108 = SURFACE_CURVE('',#2109,(#2112,#2118),.PCURVE_S1.);
#2109 = B_SPLINE_CURVE_WITH_KNOTS('',1,(#2110,#2111),.UNSPECIFIED.,.F.,
  .F.,(2,2),(-9.041960108423,0.),.PIECEWISE_BEZIER_KNOTS.);
#2110 = CARTESIAN_POINT('',(2.958039891551,6.,-0.5));
#2111 = CARTESIAN_POINT('',(11.999999999974,6.,-0.5));
#2112 = PCURVE('',#1449,#2113);
#2113 = DEFINITIONAL_REPRESENTATION('',(#2114),#2117);
#2114 = B_SPLINE_CURVE_WITH_KNOTS('',1,(#2115,#2116),.UNSPECIFIED.,.F.,
  .F.,(2,2),(-9.041960108423,0.),.PIECEWISE_BEZIER_KNOTS.);
#2115 = CARTESIAN_POINT('',(0.958039891577,15.));
#2116 = CARTESIAN_POINT('',(10.,15.));
#2117 = ( GEOMETRIC_REPRESENTATION_CONTEXT(2) 
PARAMETRIC_REPRESENTATION_CONTEXT() REPRESENTATION_CONTEXT('2D SPACE',''
  ) );
#2118 = PCURVE('',#1366,#2119);
#2119 = DEFINITIONAL_REPRESENTATION('',(#2120),#2123);
#2120 = B_SPLINE_CURVE_WITH_KNOTS('',1,(#2121,#2122),.UNSPECIFIED.,.F.,
  .F.,(2,2),(-9.041960108423,0.),.PIECEWISE_BEZIER_KNOTS.);
#2121 = CARTESIAN_POINT('',(5.5,24.958039891577));
#2122 = CARTESIAN_POINT('',(5.5,34.));
#2123 = ( GEOMETRIC_REPRESENTATION_CONTEXT(2) 
PARAMETRIC_REPRESENTATION_CONTEXT() REPRESENTATION_CONTEXT('2D SPACE',''
  ) );
#2124 = ORIENTED_EDGE('',*,*,#1557,.F.);
#2125 = FACE_BOUND('',#2126,.T.);
#2126 = EDGE_LOOP('',(#2127,#2128));
#2127 = ORIENTED_EDGE('',*,*,#2063,.F.);
#2128 = ORIENTED_EDGE('',*,*,#2129,.F.);
#2129 = EDGE_CURVE('',#2042,#1984,#2130,.T.);
#2130 = SURFACE_CURVE('',#2131,(#2136,#2143),.PCURVE_S1.);
#2131 = CIRCLE('',#2132,1.5);
#2132 = AXIS2_PLACEMENT_3D('',#2133,#2134,#2135);
#2133 = CARTESIAN_POINT('',(6.999999999974,2.5,-0.5));
#2134 = DIRECTION('',(0.,0.,1.));
#2135 = DIRECTION('',(1.,-5.921189464668E-16,0.));
#2136 = PCURVE('',#1449,#2137);
#2137 = DEFINITIONAL_REPRESENTATION('',(#2138),#2142);
#2138 = CIRCLE('',#2139,1.5);
#2139 = AXIS2_PLACEMENT_2D('',#2140,#2141);
#2140 = CARTESIAN_POINT('',(5.,11.5));
#2141 = DIRECTION('',(1.,-5.921189464668E-16));
#2142 = ( GEOMETRIC_REPRESENTATION_CONTEXT(2) 
PARAMETRIC_REPRESENTATION_CONTEXT() REPRESENTATION_CONTEXT('2D SPACE',''
  ) );
#2143 = PCURVE('',#2005,#2144);
#2144 = DEFINITIONAL_REPRESENTATION('',(#2145),#2149);
#2145 = LINE('',#2146,#2147);
#2146 = CARTESIAN_POINT('',(3.14159265359,-4.));
#2147 = VECTOR('',#2148,1.);
#2148 = DIRECTION('',(-1.,0.));
#2149 = ( GEOMETRIC_REPRESENTATION_CONTEXT(2) 
PARAMETRIC_REPRESENTATION_CONTEXT() REPRESENTATION_CONTEXT('2D SPACE',''
  ) );
#2150 = FACE_BOUND('',#2151,.T.);
#2151 = EDGE_LOOP('',(#2152,#2153));
#2152 = ORIENTED_EDGE('',*,*,#1853,.F.);
#2153 = ORIENTED_EDGE('',*,*,#2154,.F.);
#2154 = EDGE_CURVE('',#1832,#1752,#2155,.T.);
#2155 = SURFACE_CURVE('',#2156,(#2161,#2168),.PCURVE_S1.);
#2156 = CIRCLE('',#2157,1.5);
#2157 = AXIS2_PLACEMENT_3D('',#2158,#2159,#2160);
#2158 = CARTESIAN_POINT('',(6.999999999974,-2.5,-0.5));
#2159 = DIRECTION('',(0.,0.,1.));
#2160 = DIRECTION('',(1.,-5.921189464668E-16,0.));
#2161 = PCURVE('',#1449,#2162);
#2162 = DEFINITIONAL_REPRESENTATION('',(#2163),#2167);
#2163 = CIRCLE('',#2164,1.5);
#2164 = AXIS2_PLACEMENT_2D('',#2165,#2166);
#2165 = CARTESIAN_POINT('',(5.,6.5));
#2166 = DIRECTION('',(1.,-5.921189464668E-16));
#2167 = ( GEOMETRIC_REPRESENTATION_CONTEXT(2) 
PARAMETRIC_REPRESENTATION_CONTEXT() REPRESENTATION_CONTEXT('2D SPACE',''
  ) );
#2168 = PCURVE('',#1795,#2169);
#2169 = DEFINITIONAL_REPRESENTATION('',(#2170),#2174);
#2170 = LINE('',#2171,#2172);
#2171 = CARTESIAN_POINT('',(3.14159265359,-4.));
#2172 = VECTOR('',#2173,1.);
#2173 = DIRECTION('',(-1.,0.));
#2174 = ( GEOMETRIC_REPRESENTATION_CONTEXT(2) 
PARAMETRIC_REPRESENTATION_CONTEXT() REPRESENTATION_CONTEXT('2D SPACE',''
  ) );
#2175 = ADVANCED_FACE('',(#2176,#2216,#2241),#1341,.T.);
#2176 = FACE_BOUND('',#2177,.T.);
#2177 = EDGE_LOOP('',(#2178,#2179,#2197,#2198));
#2178 = ORIENTED_EDGE('',*,*,#1602,.F.);
#2179 = ORIENTED_EDGE('',*,*,#2180,.F.);
#2180 = EDGE_CURVE('',#1323,#1529,#2181,.T.);
#2181 = SURFACE_CURVE('',#2182,(#2185,#2191),.PCURVE_S1.);
#2182 = B_SPLINE_CURVE_WITH_KNOTS('',1,(#2183,#2184),.UNSPECIFIED.,.F.,
  .F.,(2,2),(0.,9.041960108423),.PIECEWISE_BEZIER_KNOTS.);
#2183 = CARTESIAN_POINT('',(11.999999999974,6.,0.5));
#2184 = CARTESIAN_POINT('',(2.958039891551,6.,0.5));
#2185 = PCURVE('',#1341,#2186);
#2186 = DEFINITIONAL_REPRESENTATION('',(#2187),#2190);
#2187 = B_SPLINE_CURVE_WITH_KNOTS('',1,(#2188,#2189),.UNSPECIFIED.,.F.,
  .F.,(2,2),(0.,9.041960108423),.PIECEWISE_BEZIER_KNOTS.);
#2188 = CARTESIAN_POINT('',(23.,15.));
#2189 = CARTESIAN_POINT('',(32.041960108423,15.));
#2190 = ( GEOMETRIC_REPRESENTATION_CONTEXT(2) 
PARAMETRIC_REPRESENTATION_CONTEXT() REPRESENTATION_CONTEXT('2D SPACE',''
  ) );
#2191 = PCURVE('',#1366,#2192);
#2192 = DEFINITIONAL_REPRESENTATION('',(#2193),#2196);
#2193 = B_SPLINE_CURVE_WITH_KNOTS('',1,(#2194,#2195),.UNSPECIFIED.,.F.,
  .F.,(2,2),(0.,9.041960108423),.PIECEWISE_BEZIER_KNOTS.);
#2194 = CARTESIAN_POINT('',(6.5,34.));
#2195 = CARTESIAN_POINT('',(6.5,24.958039891577));
#2196 = ( GEOMETRIC_REPRESENTATION_CONTEXT(2) 
PARAMETRIC_REPRESENTATION_CONTEXT() REPRESENTATION_CONTEXT('2D SPACE',''
  ) );
#2197 = ORIENTED_EDGE('',*,*,#1320,.F.);
#2198 = ORIENTED_EDGE('',*,*,#2199,.F.);
#2199 = EDGE_CURVE('',#1579,#1321,#2200,.T.);
#2200 = SURFACE_CURVE('',#2201,(#2204,#2210),.PCURVE_S1.);
#2201 = B_SPLINE_CURVE_WITH_KNOTS('',1,(#2202,#2203),.UNSPECIFIED.,.F.,
  .F.,(2,2),(-8.738716393206,-6.272727272727),.PIECEWISE_BEZIER_KNOTS.);
#2202 = CARTESIAN_POINT('',(2.958039891551,-6.,0.5));
#2203 = CARTESIAN_POINT('',(11.999999999974,-6.,0.5));
#2204 = PCURVE('',#1341,#2205);
#2205 = DEFINITIONAL_REPRESENTATION('',(#2206),#2209);
#2206 = B_SPLINE_CURVE_WITH_KNOTS('',1,(#2207,#2208),.UNSPECIFIED.,.F.,
  .F.,(2,2),(-8.738716393206,-6.272727272727),.PIECEWISE_BEZIER_KNOTS.);
#2207 = CARTESIAN_POINT('',(32.041960108423,3.));
#2208 = CARTESIAN_POINT('',(23.,3.));
#2209 = ( GEOMETRIC_REPRESENTATION_CONTEXT(2) 
PARAMETRIC_REPRESENTATION_CONTEXT() REPRESENTATION_CONTEXT('2D SPACE',''
  ) );
#2210 = PCURVE('',#1414,#2211);
#2211 = DEFINITIONAL_REPRESENTATION('',(#2212),#2215);
#2212 = B_SPLINE_CURVE_WITH_KNOTS('',1,(#2213,#2214),.UNSPECIFIED.,.F.,
  .F.,(2,2),(-8.738716393206,-6.272727272727),.PIECEWISE_BEZIER_KNOTS.);
#2213 = CARTESIAN_POINT('',(-6.5,-9.041960108423));
#2214 = CARTESIAN_POINT('',(-6.5,0.));
#2215 = ( GEOMETRIC_REPRESENTATION_CONTEXT(2) 
PARAMETRIC_REPRESENTATION_CONTEXT() REPRESENTATION_CONTEXT('2D SPACE',''
  ) );
#2216 = FACE_BOUND('',#2217,.T.);
#2217 = EDGE_LOOP('',(#2218,#2240));
#2218 = ORIENTED_EDGE('',*,*,#2219,.F.);
#2219 = EDGE_CURVE('',#1881,#1913,#2220,.T.);
#2220 = SURFACE_CURVE('',#2221,(#2226,#2233),.PCURVE_S1.);
#2221 = CIRCLE('',#2222,1.5);
#2222 = AXIS2_PLACEMENT_3D('',#2223,#2224,#2225);
#2223 = CARTESIAN_POINT('',(6.999999999974,2.5,0.5));
#2224 = DIRECTION('',(0.,0.,-1.));
#2225 = DIRECTION('',(-1.,0.,0.));
#2226 = PCURVE('',#1341,#2227);
#2227 = DEFINITIONAL_REPRESENTATION('',(#2228),#2232);
#2228 = CIRCLE('',#2229,1.5);
#2229 = AXIS2_PLACEMENT_2D('',#2230,#2231);
#2230 = CARTESIAN_POINT('',(28.,11.5));
#2231 = DIRECTION('',(1.,0.));
#2232 = ( GEOMETRIC_REPRESENTATION_CONTEXT(2) 
PARAMETRIC_REPRESENTATION_CONTEXT() REPRESENTATION_CONTEXT('2D SPACE',''
  ) );
#2233 = PCURVE('',#1900,#2234);
#2234 = DEFINITIONAL_REPRESENTATION('',(#2235),#2239);
#2235 = LINE('',#2236,#2237);
#2236 = CARTESIAN_POINT('',(0.,-5.));
#2237 = VECTOR('',#2238,1.);
#2238 = DIRECTION('',(1.,0.));
#2239 = ( GEOMETRIC_REPRESENTATION_CONTEXT(2) 
PARAMETRIC_REPRESENTATION_CONTEXT() REPRESENTATION_CONTEXT('2D SPACE',''
  ) );
#2240 = ORIENTED_EDGE('',*,*,#1912,.F.);
#2241 = FACE_BOUND('',#2242,.T.);
#2242 = EDGE_LOOP('',(#2243,#2265));
#2243 = ORIENTED_EDGE('',*,*,#2244,.F.);
#2244 = EDGE_CURVE('',#1627,#1681,#2245,.T.);
#2245 = SURFACE_CURVE('',#2246,(#2251,#2258),.PCURVE_S1.);
#2246 = CIRCLE('',#2247,1.5);
#2247 = AXIS2_PLACEMENT_3D('',#2248,#2249,#2250);
#2248 = CARTESIAN_POINT('',(6.999999999974,-2.5,0.5));
#2249 = DIRECTION('',(0.,0.,-1.));
#2250 = DIRECTION('',(-1.,0.,0.));
#2251 = PCURVE('',#1341,#2252);
#2252 = DEFINITIONAL_REPRESENTATION('',(#2253),#2257);
#2253 = CIRCLE('',#2254,1.5);
#2254 = AXIS2_PLACEMENT_2D('',#2255,#2256);
#2255 = CARTESIAN_POINT('',(28.,6.5));
#2256 = DIRECTION('',(1.,0.));
#2257 = ( GEOMETRIC_REPRESENTATION_CONTEXT(2) 
PARAMETRIC_REPRESENTATION_CONTEXT() REPRESENTATION_CONTEXT('2D SPACE',''
  ) );
#2258 = PCURVE('',#1668,#2259);
#2259 = DEFINITIONAL_REPRESENTATION('',(#2260),#2264);
#2260 = LINE('',#2261,#2262);
#2261 = CARTESIAN_POINT('',(0.,-5.));
#2262 = VECTOR('',#2263,1.);
#2263 = DIRECTION('',(1.,0.));
#2264 = ( GEOMETRIC_REPRESENTATION_CONTEXT(2) 
PARAMETRIC_REPRESENTATION_CONTEXT() REPRESENTATION_CONTEXT('2D SPACE',''
  ) );
#2265 = ORIENTED_EDGE('',*,*,#1680,.F.);
#2266 = ADVANCED_FACE('',(#2267,#2354),#2280,.T.);
#2267 = FACE_BOUND('',#2268,.T.);
#2268 = EDGE_LOOP('',(#2269,#2296,#2316,#2336));
#2269 = ORIENTED_EDGE('',*,*,#2270,.F.);
#2270 = EDGE_CURVE('',#2271,#2273,#2275,.T.);
#2271 = VERTEX_POINT('',#2272);
#2272 = CARTESIAN_POINT('',(-22.00000000002,6.,6.));
#2273 = VERTEX_POINT('',#2274);
#2274 = CARTESIAN_POINT('',(-22.00000000002,-6.,6.));
#2275 = SURFACE_CURVE('',#2276,(#2279,#2290),.PCURVE_S1.);
#2276 = B_SPLINE_CURVE_WITH_KNOTS('',1,(#2277,#2278),.UNSPECIFIED.,.F.,
  .F.,(2,2),(-12.,0.),.PIECEWISE_BEZIER_KNOTS.);
#2277 = CARTESIAN_POINT('',(-22.00000000002,6.,6.));
#2278 = CARTESIAN_POINT('',(-22.00000000002,-6.,6.));
#2279 = PCURVE('',#2280,#2285);
#2280 = PLANE('',#2281);
#2281 = AXIS2_PLACEMENT_3D('',#2282,#2283,#2284);
#2282 = CARTESIAN_POINT('',(-22.00000000002,-6.,6.));
#2283 = DIRECTION('',(-1.,0.,0.));
#2284 = DIRECTION('',(0.,0.,-1.));
#2285 = DEFINITIONAL_REPRESENTATION('',(#2286),#2289);
#2286 = B_SPLINE_CURVE_WITH_KNOTS('',1,(#2287,#2288),.UNSPECIFIED.,.F.,
  .F.,(2,2),(-12.,0.),.PIECEWISE_BEZIER_KNOTS.);
#2287 = CARTESIAN_POINT('',(0.,-12.));
#2288 = CARTESIAN_POINT('',(0.,0.));
#2289 = ( GEOMETRIC_REPRESENTATION_CONTEXT(2) 
PARAMETRIC_REPRESENTATION_CONTEXT() REPRESENTATION_CONTEXT('2D SPACE',''
  ) );
#2290 = PCURVE('',#1391,#2291);
#2291 = DEFINITIONAL_REPRESENTATION('',(#2292),#2295);
#2292 = B_SPLINE_CURVE_WITH_KNOTS('',1,(#2293,#2294),.UNSPECIFIED.,.F.,
  .F.,(2,2),(-12.,0.),.PIECEWISE_BEZIER_KNOTS.);
#2293 = CARTESIAN_POINT('',(0.,12.));
#2294 = CARTESIAN_POINT('',(0.,0.));
#2295 = ( GEOMETRIC_REPRESENTATION_CONTEXT(2) 
PARAMETRIC_REPRESENTATION_CONTEXT() REPRESENTATION_CONTEXT('2D SPACE',''
  ) );
#2296 = ORIENTED_EDGE('',*,*,#2297,.F.);
#2297 = EDGE_CURVE('',#2298,#2271,#2300,.T.);
#2298 = VERTEX_POINT('',#2299);
#2299 = CARTESIAN_POINT('',(-22.00000000002,6.,-6.));
#2300 = SURFACE_CURVE('',#2301,(#2304,#2310),.PCURVE_S1.);
#2301 = B_SPLINE_CURVE_WITH_KNOTS('',1,(#2302,#2303),.UNSPECIFIED.,.F.,
  .F.,(2,2),(-12.,0.),.PIECEWISE_BEZIER_KNOTS.);
#2302 = CARTESIAN_POINT('',(-22.00000000002,6.,-6.));
#2303 = CARTESIAN_POINT('',(-22.00000000002,6.,6.));
#2304 = PCURVE('',#2280,#2305);
#2305 = DEFINITIONAL_REPRESENTATION('',(#2306),#2309);
#2306 = B_SPLINE_CURVE_WITH_KNOTS('',1,(#2307,#2308),.UNSPECIFIED.,.F.,
  .F.,(2,2),(-12.,0.),.PIECEWISE_BEZIER_KNOTS.);
#2307 = CARTESIAN_POINT('',(12.,-12.));
#2308 = CARTESIAN_POINT('',(0.,-12.));
#2309 = ( GEOMETRIC_REPRESENTATION_CONTEXT(2) 
PARAMETRIC_REPRESENTATION_CONTEXT() REPRESENTATION_CONTEXT('2D SPACE',''
  ) );
#2310 = PCURVE('',#1366,#2311);
#2311 = DEFINITIONAL_REPRESENTATION('',(#2312),#2315);
#2312 = B_SPLINE_CURVE_WITH_KNOTS('',1,(#2313,#2314),.UNSPECIFIED.,.F.,
  .F.,(2,2),(-12.,0.),.PIECEWISE_BEZIER_KNOTS.);
#2313 = CARTESIAN_POINT('',(0.,0.));
#2314 = CARTESIAN_POINT('',(12.,0.));
#2315 = ( GEOMETRIC_REPRESENTATION_CONTEXT(2) 
PARAMETRIC_REPRESENTATION_CONTEXT() REPRESENTATION_CONTEXT('2D SPACE',''
  ) );
#2316 = ORIENTED_EDGE('',*,*,#2317,.T.);
#2317 = EDGE_CURVE('',#2298,#2318,#2320,.T.);
#2318 = VERTEX_POINT('',#2319);
#2319 = CARTESIAN_POINT('',(-22.00000000002,-6.,-6.));
#2320 = SURFACE_CURVE('',#2321,(#2324,#2330),.PCURVE_S1.);
#2321 = B_SPLINE_CURVE_WITH_KNOTS('',1,(#2322,#2323),.UNSPECIFIED.,.F.,
  .F.,(2,2),(-12.,0.),.PIECEWISE_BEZIER_KNOTS.);
#2322 = CARTESIAN_POINT('',(-22.00000000002,6.,-6.));
#2323 = CARTESIAN_POINT('',(-22.00000000002,-6.,-6.));
#2324 = PCURVE('',#2280,#2325);
#2325 = DEFINITIONAL_REPRESENTATION('',(#2326),#2329);
#2326 = B_SPLINE_CURVE_WITH_KNOTS('',1,(#2327,#2328),.UNSPECIFIED.,.F.,
  .F.,(2,2),(-12.,0.),.PIECEWISE_BEZIER_KNOTS.);
#2327 = CARTESIAN_POINT('',(12.,-12.));
#2328 = CARTESIAN_POINT('',(12.,0.));
#2329 = ( GEOMETRIC_REPRESENTATION_CONTEXT(2) 
PARAMETRIC_REPRESENTATION_CONTEXT() REPRESENTATION_CONTEXT('2D SPACE',''
  ) );
#2330 = PCURVE('',#1494,#2331);
#2331 = DEFINITIONAL_REPRESENTATION('',(#2332),#2335);
#2332 = B_SPLINE_CURVE_WITH_KNOTS('',1,(#2333,#2334),.UNSPECIFIED.,.F.,
  .F.,(2,2),(-12.,0.),.PIECEWISE_BEZIER_KNOTS.);
#2333 = CARTESIAN_POINT('',(0.,12.));
#2334 = CARTESIAN_POINT('',(0.,0.));
#2335 = ( GEOMETRIC_REPRESENTATION_CONTEXT(2) 
PARAMETRIC_REPRESENTATION_CONTEXT() REPRESENTATION_CONTEXT('2D SPACE',''
  ) );
#2336 = ORIENTED_EDGE('',*,*,#2337,.F.);
#2337 = EDGE_CURVE('',#2273,#2318,#2338,.T.);
#2338 = SURFACE_CURVE('',#2339,(#2342,#2348),.PCURVE_S1.);
#2339 = B_SPLINE_CURVE_WITH_KNOTS('',1,(#2340,#2341),.UNSPECIFIED.,.F.,
  .F.,(2,2),(0.,12.),.PIECEWISE_BEZIER_KNOTS.);
#2340 = CARTESIAN_POINT('',(-22.00000000002,-6.,6.));
#2341 = CARTESIAN_POINT('',(-22.00000000002,-6.,-6.));
#2342 = PCURVE('',#2280,#2343);
#2343 = DEFINITIONAL_REPRESENTATION('',(#2344),#2347);
#2344 = B_SPLINE_CURVE_WITH_KNOTS('',1,(#2345,#2346),.UNSPECIFIED.,.F.,
  .F.,(2,2),(0.,12.),.PIECEWISE_BEZIER_KNOTS.);
#2345 = CARTESIAN_POINT('',(0.,0.));
#2346 = CARTESIAN_POINT('',(12.,0.));
#2347 = ( GEOMETRIC_REPRESENTATION_CONTEXT(2) 
PARAMETRIC_REPRESENTATION_CONTEXT() REPRESENTATION_CONTEXT('2D SPACE',''
  ) );
#2348 = PCURVE('',#1414,#2349);
#2349 = DEFINITIONAL_REPRESENTATION('',(#2350),#2353);
#2350 = B_SPLINE_CURVE_WITH_KNOTS('',1,(#2351,#2352),.UNSPECIFIED.,.F.,
  .F.,(2,2),(0.,12.),.PIECEWISE_BEZIER_KNOTS.);
#2351 = CARTESIAN_POINT('',(-12.,-34.));
#2352 = CARTESIAN_POINT('',(0.,-34.));
#2353 = ( GEOMETRIC_REPRESENTATION_CONTEXT(2) 
PARAMETRIC_REPRESENTATION_CONTEXT() REPRESENTATION_CONTEXT('2D SPACE',''
  ) );
#2354 = FACE_BOUND('',#2355,.T.);
#2355 = EDGE_LOOP('',(#2356,#2387));
#2356 = ORIENTED_EDGE('',*,*,#2357,.F.);
#2357 = EDGE_CURVE('',#2358,#2360,#2362,.T.);
#2358 = VERTEX_POINT('',#2359);
#2359 = CARTESIAN_POINT('',(-22.00000000002,-3.,-1.749711486809E-13));
#2360 = VERTEX_POINT('',#2361);
#2361 = CARTESIAN_POINT('',(-22.00000000002,3.,-1.749711486809E-13));
#2362 = SURFACE_CURVE('',#2363,(#2368,#2375),.PCURVE_S1.);
#2363 = CIRCLE('',#2364,3.);
#2364 = AXIS2_PLACEMENT_3D('',#2365,#2366,#2367);
#2365 = CARTESIAN_POINT('',(-22.00000000002,0.,-1.749082998974E-13));
#2366 = DIRECTION('',(-1.,0.,0.));
#2367 = DIRECTION('',(-0.,-1.,-2.094959451737E-17));
#2368 = PCURVE('',#2280,#2369);
#2369 = DEFINITIONAL_REPRESENTATION('',(#2370),#2374);
#2370 = CIRCLE('',#2371,3.);
#2371 = AXIS2_PLACEMENT_2D('',#2372,#2373);
#2372 = CARTESIAN_POINT('',(6.,-6.));
#2373 = DIRECTION('',(2.094959451737E-17,1.));
#2374 = ( GEOMETRIC_REPRESENTATION_CONTEXT(2) 
PARAMETRIC_REPRESENTATION_CONTEXT() REPRESENTATION_CONTEXT('2D SPACE',''
  ) );
#2375 = PCURVE('',#2376,#2381);
#2376 = CYLINDRICAL_SURFACE('',#2377,3.);
#2377 = AXIS2_PLACEMENT_3D('',#2378,#2379,#2380);
#2378 = CARTESIAN_POINT('',(-16.00000000002,0.,-1.749082998974E-13));
#2379 = DIRECTION('',(1.,0.,0.));
#2380 = DIRECTION('',(-0.,0.,1.));
#2381 = DEFINITIONAL_REPRESENTATION('',(#2382),#2386);
#2382 = LINE('',#2383,#2384);
#2383 = CARTESIAN_POINT('',(7.853981633974,-6.));
#2384 = VECTOR('',#2385,1.);
#2385 = DIRECTION('',(-1.,0.));
#2386 = ( GEOMETRIC_REPRESENTATION_CONTEXT(2) 
PARAMETRIC_REPRESENTATION_CONTEXT() REPRESENTATION_CONTEXT('2D SPACE',''
  ) );
#2387 = ORIENTED_EDGE('',*,*,#2388,.F.);
#2388 = EDGE_CURVE('',#2360,#2358,#2389,.T.);
#2389 = SURFACE_CURVE('',#2390,(#2395,#2402),.PCURVE_S1.);
#2390 = CIRCLE('',#2391,3.);
#2391 = AXIS2_PLACEMENT_3D('',#2392,#2393,#2394);
#2392 = CARTESIAN_POINT('',(-22.00000000002,0.,-1.749082998974E-13));
#2393 = DIRECTION('',(-1.,0.,0.));
#2394 = DIRECTION('',(0.,1.,-2.094959451737E-17));
#2395 = PCURVE('',#2280,#2396);
#2396 = DEFINITIONAL_REPRESENTATION('',(#2397),#2401);
#2397 = CIRCLE('',#2398,3.);
#2398 = AXIS2_PLACEMENT_2D('',#2399,#2400);
#2399 = CARTESIAN_POINT('',(6.,-6.));
#2400 = DIRECTION('',(2.094959451737E-17,-1.));
#2401 = ( GEOMETRIC_REPRESENTATION_CONTEXT(2) 
PARAMETRIC_REPRESENTATION_CONTEXT() REPRESENTATION_CONTEXT('2D SPACE',''
  ) );
#2402 = PCURVE('',#2403,#2408);
#2403 = CYLINDRICAL_SURFACE('',#2404,3.);
#2404 = AXIS2_PLACEMENT_3D('',#2405,#2406,#2407);
#2405 = CARTESIAN_POINT('',(-16.00000000002,0.,-1.749082998974E-13));
#2406 = DIRECTION('',(1.,0.,0.));
#2407 = DIRECTION('',(-0.,0.,1.));
#2408 = DEFINITIONAL_REPRESENTATION('',(#2409),#2413);
#2409 = LINE('',#2410,#2411);
#2410 = CARTESIAN_POINT('',(4.712388980385,-6.));
#2411 = VECTOR('',#2412,1.);
#2412 = DIRECTION('',(-1.,0.));
#2413 = ( GEOMETRIC_REPRESENTATION_CONTEXT(2) 
PARAMETRIC_REPRESENTATION_CONTEXT() REPRESENTATION_CONTEXT('2D SPACE',''
  ) );
#2414 = ADVANCED_FACE('',(#2415,#2455,#2480),#1391,.T.);
#2415 = FACE_BOUND('',#2416,.T.);
#2416 = EDGE_LOOP('',(#2417,#2435,#2436,#2454));
#2417 = ORIENTED_EDGE('',*,*,#2418,.T.);
#2418 = EDGE_CURVE('',#2273,#1378,#2419,.T.);
#2419 = SURFACE_CURVE('',#2420,(#2423,#2429),.PCURVE_S1.);
#2420 = B_SPLINE_CURVE_WITH_KNOTS('',1,(#2421,#2422),.UNSPECIFIED.,.F.,
  .F.,(2,2),(0.,34.),.PIECEWISE_BEZIER_KNOTS.);
#2421 = CARTESIAN_POINT('',(-22.00000000002,-6.,6.));
#2422 = CARTESIAN_POINT('',(11.999999999974,-6.,6.));
#2423 = PCURVE('',#1391,#2424);
#2424 = DEFINITIONAL_REPRESENTATION('',(#2425),#2428);
#2425 = B_SPLINE_CURVE_WITH_KNOTS('',1,(#2426,#2427),.UNSPECIFIED.,.F.,
  .F.,(2,2),(0.,34.),.PIECEWISE_BEZIER_KNOTS.);
#2426 = CARTESIAN_POINT('',(0.,0.));
#2427 = CARTESIAN_POINT('',(34.,0.));
#2428 = ( GEOMETRIC_REPRESENTATION_CONTEXT(2) 
PARAMETRIC_REPRESENTATION_CONTEXT() REPRESENTATION_CONTEXT('2D SPACE',''
  ) );
#2429 = PCURVE('',#1414,#2430);
#2430 = DEFINITIONAL_REPRESENTATION('',(#2431),#2434);
#2431 = B_SPLINE_CURVE_WITH_KNOTS('',1,(#2432,#2433),.UNSPECIFIED.,.F.,
  .F.,(2,2),(0.,34.),.PIECEWISE_BEZIER_KNOTS.);
#2432 = CARTESIAN_POINT('',(-12.,-34.));
#2433 = CARTESIAN_POINT('',(-12.,0.));
#2434 = ( GEOMETRIC_REPRESENTATION_CONTEXT(2) 
PARAMETRIC_REPRESENTATION_CONTEXT() REPRESENTATION_CONTEXT('2D SPACE',''
  ) );
#2435 = ORIENTED_EDGE('',*,*,#1377,.T.);
#2436 = ORIENTED_EDGE('',*,*,#2437,.T.);
#2437 = EDGE_CURVE('',#1353,#2271,#2438,.T.);
#2438 = SURFACE_CURVE('',#2439,(#2442,#2448),.PCURVE_S1.);
#2439 = B_SPLINE_CURVE_WITH_KNOTS('',1,(#2440,#2441),.UNSPECIFIED.,.F.,
  .F.,(2,2),(0.,34.),.PIECEWISE_BEZIER_KNOTS.);
#2440 = CARTESIAN_POINT('',(11.999999999974,6.,6.));
#2441 = CARTESIAN_POINT('',(-22.00000000002,6.,6.));
#2442 = PCURVE('',#1391,#2443);
#2443 = DEFINITIONAL_REPRESENTATION('',(#2444),#2447);
#2444 = B_SPLINE_CURVE_WITH_KNOTS('',1,(#2445,#2446),.UNSPECIFIED.,.F.,
  .F.,(2,2),(0.,34.),.PIECEWISE_BEZIER_KNOTS.);
#2445 = CARTESIAN_POINT('',(34.,12.));
#2446 = CARTESIAN_POINT('',(0.,12.));
#2447 = ( GEOMETRIC_REPRESENTATION_CONTEXT(2) 
PARAMETRIC_REPRESENTATION_CONTEXT() REPRESENTATION_CONTEXT('2D SPACE',''
  ) );
#2448 = PCURVE('',#1366,#2449);
#2449 = DEFINITIONAL_REPRESENTATION('',(#2450),#2453);
#2450 = B_SPLINE_CURVE_WITH_KNOTS('',1,(#2451,#2452),.UNSPECIFIED.,.F.,
  .F.,(2,2),(0.,34.),.PIECEWISE_BEZIER_KNOTS.);
#2451 = CARTESIAN_POINT('',(12.,34.));
#2452 = CARTESIAN_POINT('',(12.,0.));
#2453 = ( GEOMETRIC_REPRESENTATION_CONTEXT(2) 
PARAMETRIC_REPRESENTATION_CONTEXT() REPRESENTATION_CONTEXT('2D SPACE',''
  ) );
#2454 = ORIENTED_EDGE('',*,*,#2270,.T.);
#2455 = FACE_BOUND('',#2456,.T.);
#2456 = EDGE_LOOP('',(#2457,#2458));
#2457 = ORIENTED_EDGE('',*,*,#1726,.F.);
#2458 = ORIENTED_EDGE('',*,*,#2459,.F.);
#2459 = EDGE_CURVE('',#1705,#1625,#2460,.T.);
#2460 = SURFACE_CURVE('',#2461,(#2466,#2473),.PCURVE_S1.);
#2461 = CIRCLE('',#2462,1.5);
#2462 = AXIS2_PLACEMENT_3D('',#2463,#2464,#2465);
#2463 = CARTESIAN_POINT('',(6.999999999974,-2.5,6.));
#2464 = DIRECTION('',(0.,0.,1.));
#2465 = DIRECTION('',(1.,-5.921189464668E-16,0.));
#2466 = PCURVE('',#1391,#2467);
#2467 = DEFINITIONAL_REPRESENTATION('',(#2468),#2472);
#2468 = CIRCLE('',#2469,1.5);
#2469 = AXIS2_PLACEMENT_2D('',#2470,#2471);
#2470 = CARTESIAN_POINT('',(29.,3.5));
#2471 = DIRECTION('',(1.,-5.921189464668E-16));
#2472 = ( GEOMETRIC_REPRESENTATION_CONTEXT(2) 
PARAMETRIC_REPRESENTATION_CONTEXT() REPRESENTATION_CONTEXT('2D SPACE',''
  ) );
#2473 = PCURVE('',#1668,#2474);
#2474 = DEFINITIONAL_REPRESENTATION('',(#2475),#2479);
#2475 = LINE('',#2476,#2477);
#2476 = CARTESIAN_POINT('',(3.14159265359,-10.5));
#2477 = VECTOR('',#2478,1.);
#2478 = DIRECTION('',(-1.,0.));
#2479 = ( GEOMETRIC_REPRESENTATION_CONTEXT(2) 
PARAMETRIC_REPRESENTATION_CONTEXT() REPRESENTATION_CONTEXT('2D SPACE',''
  ) );
#2480 = FACE_BOUND('',#2481,.T.);
#2481 = EDGE_LOOP('',(#2482,#2483));
#2482 = ORIENTED_EDGE('',*,*,#1958,.F.);
#2483 = ORIENTED_EDGE('',*,*,#2484,.F.);
#2484 = EDGE_CURVE('',#1937,#1879,#2485,.T.);
#2485 = SURFACE_CURVE('',#2486,(#2491,#2498),.PCURVE_S1.);
#2486 = CIRCLE('',#2487,1.5);
#2487 = AXIS2_PLACEMENT_3D('',#2488,#2489,#2490);
#2488 = CARTESIAN_POINT('',(6.999999999974,2.5,6.));
#2489 = DIRECTION('',(0.,0.,1.));
#2490 = DIRECTION('',(1.,-5.921189464668E-16,0.));
#2491 = PCURVE('',#1391,#2492);
#2492 = DEFINITIONAL_REPRESENTATION('',(#2493),#2497);
#2493 = CIRCLE('',#2494,1.5);
#2494 = AXIS2_PLACEMENT_2D('',#2495,#2496);
#2495 = CARTESIAN_POINT('',(29.,8.5));
#2496 = DIRECTION('',(1.,-5.921189464668E-16));
#2497 = ( GEOMETRIC_REPRESENTATION_CONTEXT(2) 
PARAMETRIC_REPRESENTATION_CONTEXT() REPRESENTATION_CONTEXT('2D SPACE',''
  ) );
#2498 = PCURVE('',#1900,#2499);
#2499 = DEFINITIONAL_REPRESENTATION('',(#2500),#2504);
#2500 = LINE('',#2501,#2502);
#2501 = CARTESIAN_POINT('',(3.14159265359,-10.5));
#2502 = VECTOR('',#2503,1.);
#2503 = DIRECTION('',(-1.,0.));
#2504 = ( GEOMETRIC_REPRESENTATION_CONTEXT(2) 
PARAMETRIC_REPRESENTATION_CONTEXT() REPRESENTATION_CONTEXT('2D SPACE',''
  ) );
#2505 = ADVANCED_FACE('',(#2506,#2546,#2571,#2596),#1494,.T.);
#2506 = FACE_BOUND('',#2507,.T.);
#2507 = EDGE_LOOP('',(#2508,#2509,#2527,#2528));
#2508 = ORIENTED_EDGE('',*,*,#2317,.F.);
#2509 = ORIENTED_EDGE('',*,*,#2510,.F.);
#2510 = EDGE_CURVE('',#1481,#2298,#2511,.T.);
#2511 = SURFACE_CURVE('',#2512,(#2515,#2521),.PCURVE_S1.);
#2512 = B_SPLINE_CURVE_WITH_KNOTS('',1,(#2513,#2514),.UNSPECIFIED.,.F.,
  .F.,(2,2),(0.,34.),.PIECEWISE_BEZIER_KNOTS.);
#2513 = CARTESIAN_POINT('',(11.999999999974,6.,-6.));
#2514 = CARTESIAN_POINT('',(-22.00000000002,6.,-6.));
#2515 = PCURVE('',#1494,#2516);
#2516 = DEFINITIONAL_REPRESENTATION('',(#2517),#2520);
#2517 = B_SPLINE_CURVE_WITH_KNOTS('',1,(#2518,#2519),.UNSPECIFIED.,.F.,
  .F.,(2,2),(0.,34.),.PIECEWISE_BEZIER_KNOTS.);
#2518 = CARTESIAN_POINT('',(-34.,12.));
#2519 = CARTESIAN_POINT('',(0.,12.));
#2520 = ( GEOMETRIC_REPRESENTATION_CONTEXT(2) 
PARAMETRIC_REPRESENTATION_CONTEXT() REPRESENTATION_CONTEXT('2D SPACE',''
  ) );
#2521 = PCURVE('',#1366,#2522);
#2522 = DEFINITIONAL_REPRESENTATION('',(#2523),#2526);
#2523 = B_SPLINE_CURVE_WITH_KNOTS('',1,(#2524,#2525),.UNSPECIFIED.,.F.,
  .F.,(2,2),(0.,34.),.PIECEWISE_BEZIER_KNOTS.);
#2524 = CARTESIAN_POINT('',(0.,34.));
#2525 = CARTESIAN_POINT('',(0.,0.));
#2526 = ( GEOMETRIC_REPRESENTATION_CONTEXT(2) 
PARAMETRIC_REPRESENTATION_CONTEXT() REPRESENTATION_CONTEXT('2D SPACE',''
  ) );
#2527 = ORIENTED_EDGE('',*,*,#1480,.F.);
#2528 = ORIENTED_EDGE('',*,*,#2529,.F.);
#2529 = EDGE_CURVE('',#2318,#1461,#2530,.T.);
#2530 = SURFACE_CURVE('',#2531,(#2534,#2540),.PCURVE_S1.);
#2531 = B_SPLINE_CURVE_WITH_KNOTS('',1,(#2532,#2533),.UNSPECIFIED.,.F.,
  .F.,(2,2),(0.,34.),.PIECEWISE_BEZIER_KNOTS.);
#2532 = CARTESIAN_POINT('',(-22.00000000002,-6.,-6.));
#2533 = CARTESIAN_POINT('',(11.999999999974,-6.,-6.));
#2534 = PCURVE('',#1494,#2535);
#2535 = DEFINITIONAL_REPRESENTATION('',(#2536),#2539);
#2536 = B_SPLINE_CURVE_WITH_KNOTS('',1,(#2537,#2538),.UNSPECIFIED.,.F.,
  .F.,(2,2),(0.,34.),.PIECEWISE_BEZIER_KNOTS.);
#2537 = CARTESIAN_POINT('',(0.,0.));
#2538 = CARTESIAN_POINT('',(-34.,0.));
#2539 = ( GEOMETRIC_REPRESENTATION_CONTEXT(2) 
PARAMETRIC_REPRESENTATION_CONTEXT() REPRESENTATION_CONTEXT('2D SPACE',''
  ) );
#2540 = PCURVE('',#1414,#2541);
#2541 = DEFINITIONAL_REPRESENTATION('',(#2542),#2545);
#2542 = B_SPLINE_CURVE_WITH_KNOTS('',1,(#2543,#2544),.UNSPECIFIED.,.F.,
  .F.,(2,2),(0.,34.),.PIECEWISE_BEZIER_KNOTS.);
#2543 = CARTESIAN_POINT('',(0.,-34.));
#2544 = CARTESIAN_POINT('',(0.,0.));
#2545 = ( GEOMETRIC_REPRESENTATION_CONTEXT(2) 
PARAMETRIC_REPRESENTATION_CONTEXT() REPRESENTATION_CONTEXT('2D SPACE',''
  ) );
#2546 = FACE_BOUND('',#2547,.T.);
#2547 = EDGE_LOOP('',(#2548,#2570));
#2548 = ORIENTED_EDGE('',*,*,#2549,.F.);
#2549 = EDGE_CURVE('',#1754,#1808,#2550,.T.);
#2550 = SURFACE_CURVE('',#2551,(#2556,#2563),.PCURVE_S1.);
#2551 = CIRCLE('',#2552,1.5);
#2552 = AXIS2_PLACEMENT_3D('',#2553,#2554,#2555);
#2553 = CARTESIAN_POINT('',(6.999999999974,-2.5,-6.));
#2554 = DIRECTION('',(0.,0.,-1.));
#2555 = DIRECTION('',(-1.,0.,0.));
#2556 = PCURVE('',#1494,#2557);
#2557 = DEFINITIONAL_REPRESENTATION('',(#2558),#2562);
#2558 = CIRCLE('',#2559,1.5);
#2559 = AXIS2_PLACEMENT_2D('',#2560,#2561);
#2560 = CARTESIAN_POINT('',(-29.,3.5));
#2561 = DIRECTION('',(1.,0.));
#2562 = ( GEOMETRIC_REPRESENTATION_CONTEXT(2) 
PARAMETRIC_REPRESENTATION_CONTEXT() REPRESENTATION_CONTEXT('2D SPACE',''
  ) );
#2563 = PCURVE('',#1795,#2564);
#2564 = DEFINITIONAL_REPRESENTATION('',(#2565),#2569);
#2565 = LINE('',#2566,#2567);
#2566 = CARTESIAN_POINT('',(0.,1.5));
#2567 = VECTOR('',#2568,1.);
#2568 = DIRECTION('',(1.,0.));
#2569 = ( GEOMETRIC_REPRESENTATION_CONTEXT(2) 
PARAMETRIC_REPRESENTATION_CONTEXT() REPRESENTATION_CONTEXT('2D SPACE',''
  ) );
#2570 = ORIENTED_EDGE('',*,*,#1807,.F.);
#2571 = FACE_BOUND('',#2572,.T.);
#2572 = EDGE_LOOP('',(#2573,#2595));
#2573 = ORIENTED_EDGE('',*,*,#2574,.F.);
#2574 = EDGE_CURVE('',#1986,#2018,#2575,.T.);
#2575 = SURFACE_CURVE('',#2576,(#2581,#2588),.PCURVE_S1.);
#2576 = CIRCLE('',#2577,1.5);
#2577 = AXIS2_PLACEMENT_3D('',#2578,#2579,#2580);
#2578 = CARTESIAN_POINT('',(6.999999999974,2.5,-6.));
#2579 = DIRECTION('',(0.,0.,-1.));
#2580 = DIRECTION('',(-1.,0.,0.));
#2581 = PCURVE('',#1494,#2582);
#2582 = DEFINITIONAL_REPRESENTATION('',(#2583),#2587);
#2583 = CIRCLE('',#2584,1.5);
#2584 = AXIS2_PLACEMENT_2D('',#2585,#2586);
#2585 = CARTESIAN_POINT('',(-29.,8.5));
#2586 = DIRECTION('',(1.,0.));
#2587 = ( GEOMETRIC_REPRESENTATION_CONTEXT(2) 
PARAMETRIC_REPRESENTATION_CONTEXT() REPRESENTATION_CONTEXT('2D SPACE',''
  ) );
#2588 = PCURVE('',#2005,#2589);
#2589 = DEFINITIONAL_REPRESENTATION('',(#2590),#2594);
#2590 = LINE('',#2591,#2592);
#2591 = CARTESIAN_POINT('',(0.,1.5));
#2592 = VECTOR('',#2593,1.);
#2593 = DIRECTION('',(1.,0.));
#2594 = ( GEOMETRIC_REPRESENTATION_CONTEXT(2) 
PARAMETRIC_REPRESENTATION_CONTEXT() REPRESENTATION_CONTEXT('2D SPACE',''
  ) );
#2595 = ORIENTED_EDGE('',*,*,#2017,.F.);
#2596 = FACE_BOUND('',#2597,.T.);
#2597 = EDGE_LOOP('',(#2598,#2633));
#2598 = ORIENTED_EDGE('',*,*,#2599,.T.);
#2599 = EDGE_CURVE('',#2600,#2602,#2604,.T.);
#2600 = VERTEX_POINT('',#2601);
#2601 = CARTESIAN_POINT('',(-14.00000000002,0.,-6.));
#2602 = VERTEX_POINT('',#2603);
#2603 = CARTESIAN_POINT('',(-17.00000000002,0.,-6.));
#2604 = SURFACE_CURVE('',#2605,(#2610,#2621),.PCURVE_S1.);
#2605 = CIRCLE('',#2606,1.5);
#2606 = AXIS2_PLACEMENT_3D('',#2607,#2608,#2609);
#2607 = CARTESIAN_POINT('',(-15.50000000002,3.552713678801E-15,-6.));
#2608 = DIRECTION('',(0.,-2.064126647383E-12,1.));
#2609 = DIRECTION('',(1.,-2.368475785867E-15,-4.88883398329E-27));
#2610 = PCURVE('',#1494,#2611);
#2611 = DEFINITIONAL_REPRESENTATION('',(#2612),#2620);
#2612 = ( BOUNDED_CURVE() B_SPLINE_CURVE(2,(#2613,#2614,#2615,#2616,
#2617,#2618,#2619),.UNSPECIFIED.,.T.,.F.) B_SPLINE_CURVE_WITH_KNOTS((1,2
    ,2,2,2,1),(-2.094395102393,0.,2.094395102393,4.188790204786,
6.28318530718,8.377580409573),.UNSPECIFIED.) CURVE() 
GEOMETRIC_REPRESENTATION_ITEM() RATIONAL_B_SPLINE_CURVE((1.,0.5,1.,0.5,
1.,0.5,1.)) REPRESENTATION_ITEM('') );
#2613 = CARTESIAN_POINT('',(-8.,6.));
#2614 = CARTESIAN_POINT('',(-8.,8.598076211353));
#2615 = CARTESIAN_POINT('',(-5.75,7.299038105677));
#2616 = CARTESIAN_POINT('',(-3.5,6.));
#2617 = CARTESIAN_POINT('',(-5.75,4.700961894323));
#2618 = CARTESIAN_POINT('',(-8.,3.401923788647));
#2619 = CARTESIAN_POINT('',(-8.,6.));
#2620 = ( GEOMETRIC_REPRESENTATION_CONTEXT(2) 
PARAMETRIC_REPRESENTATION_CONTEXT() REPRESENTATION_CONTEXT('2D SPACE',''
  ) );
#2621 = PCURVE('',#2622,#2627);
#2622 = CYLINDRICAL_SURFACE('',#2623,1.5);
#2623 = AXIS2_PLACEMENT_3D('',#2624,#2625,#2626);
#2624 = CARTESIAN_POINT('',(-15.50000000002,1.23847598843E-11,-3.));
#2625 = DIRECTION('',(0.,2.064422706856E-12,-1.));
#2626 = DIRECTION('',(0.,-1.,-2.064422706856E-12));
#2627 = DEFINITIONAL_REPRESENTATION('',(#2628),#2632);
#2628 = LINE('',#2629,#2630);
#2629 = CARTESIAN_POINT('',(4.712388980397,3.));
#2630 = VECTOR('',#2631,1.);
#2631 = DIRECTION('',(-1.,0.));
#2632 = ( GEOMETRIC_REPRESENTATION_CONTEXT(2) 
PARAMETRIC_REPRESENTATION_CONTEXT() REPRESENTATION_CONTEXT('2D SPACE',''
  ) );
#2633 = ORIENTED_EDGE('',*,*,#2634,.T.);
#2634 = EDGE_CURVE('',#2602,#2600,#2635,.T.);
#2635 = SURFACE_CURVE('',#2636,(#2641,#2652),.PCURVE_S1.);
#2636 = CIRCLE('',#2637,1.5);
#2637 = AXIS2_PLACEMENT_3D('',#2638,#2639,#2640);
#2638 = CARTESIAN_POINT('',(-15.50000000002,0.,-6.));
#2639 = DIRECTION('',(0.,-2.06471876633E-12,1.));
#2640 = DIRECTION('',(-1.,0.,0.));
#2641 = PCURVE('',#1494,#2642);
#2642 = DEFINITIONAL_REPRESENTATION('',(#2643),#2651);
#2643 = ( BOUNDED_CURVE() B_SPLINE_CURVE(2,(#2644,#2645,#2646,#2647,
#2648,#2649,#2650),.UNSPECIFIED.,.T.,.F.) B_SPLINE_CURVE_WITH_KNOTS((1,2
    ,2,2,2,1),(-2.094395102393,0.,2.094395102393,4.188790204786,
6.28318530718,8.377580409573),.UNSPECIFIED.) CURVE() 
GEOMETRIC_REPRESENTATION_ITEM() RATIONAL_B_SPLINE_CURVE((1.,0.5,1.,0.5,
1.,0.5,1.)) REPRESENTATION_ITEM('') );
#2644 = CARTESIAN_POINT('',(-5.,6.));
#2645 = CARTESIAN_POINT('',(-5.,3.401923788647));
#2646 = CARTESIAN_POINT('',(-7.25,4.700961894323));
#2647 = CARTESIAN_POINT('',(-9.5,6.));
#2648 = CARTESIAN_POINT('',(-7.25,7.299038105677));
#2649 = CARTESIAN_POINT('',(-5.,8.598076211353));
#2650 = CARTESIAN_POINT('',(-5.,6.));
#2651 = ( GEOMETRIC_REPRESENTATION_CONTEXT(2) 
PARAMETRIC_REPRESENTATION_CONTEXT() REPRESENTATION_CONTEXT('2D SPACE',''
  ) );
#2652 = PCURVE('',#2653,#2658);
#2653 = CYLINDRICAL_SURFACE('',#2654,1.5);
#2654 = AXIS2_PLACEMENT_3D('',#2655,#2656,#2657);
#2655 = CARTESIAN_POINT('',(-15.50000000002,1.23758781001E-11,-3.));
#2656 = DIRECTION('',(0.,2.064422706856E-12,-1.));
#2657 = DIRECTION('',(0.,-1.,-2.064422706856E-12));
#2658 = DEFINITIONAL_REPRESENTATION('',(#2659),#2663);
#2659 = LINE('',#2660,#2661);
#2660 = CARTESIAN_POINT('',(1.570796326783,3.));
#2661 = VECTOR('',#2662,1.);
#2662 = DIRECTION('',(-1.,0.));
#2663 = ( GEOMETRIC_REPRESENTATION_CONTEXT(2) 
PARAMETRIC_REPRESENTATION_CONTEXT() REPRESENTATION_CONTEXT('2D SPACE',''
  ) );
#2664 = ADVANCED_FACE('',(#2665),#1414,.T.);
#2665 = FACE_BOUND('',#2666,.T.);
#2666 = EDGE_LOOP('',(#2667,#2668,#2669,#2670,#2671,#2672,#2673,#2674));
#2667 = ORIENTED_EDGE('',*,*,#2337,.T.);
#2668 = ORIENTED_EDGE('',*,*,#2529,.T.);
#2669 = ORIENTED_EDGE('',*,*,#1460,.F.);
#2670 = ORIENTED_EDGE('',*,*,#2088,.T.);
#2671 = ORIENTED_EDGE('',*,*,#1578,.F.);
#2672 = ORIENTED_EDGE('',*,*,#2199,.T.);
#2673 = ORIENTED_EDGE('',*,*,#1402,.F.);
#2674 = ORIENTED_EDGE('',*,*,#2418,.F.);
#2675 = ADVANCED_FACE('',(#2676,#2686),#1366,.T.);
#2676 = FACE_BOUND('',#2677,.T.);
#2677 = EDGE_LOOP('',(#2678,#2679,#2680,#2681,#2682,#2683,#2684,#2685));
#2678 = ORIENTED_EDGE('',*,*,#2297,.T.);
#2679 = ORIENTED_EDGE('',*,*,#2437,.F.);
#2680 = ORIENTED_EDGE('',*,*,#1352,.T.);
#2681 = ORIENTED_EDGE('',*,*,#2180,.T.);
#2682 = ORIENTED_EDGE('',*,*,#1526,.F.);
#2683 = ORIENTED_EDGE('',*,*,#2107,.T.);
#2684 = ORIENTED_EDGE('',*,*,#1505,.T.);
#2685 = ORIENTED_EDGE('',*,*,#2510,.T.);
#2686 = FACE_BOUND('',#2687,.T.);
#2687 = EDGE_LOOP('',(#2688,#2719));
#2688 = ORIENTED_EDGE('',*,*,#2689,.F.);
#2689 = EDGE_CURVE('',#2690,#2692,#2694,.T.);
#2690 = VERTEX_POINT('',#2691);
#2691 = CARTESIAN_POINT('',(-17.00000000002,5.999999982579,
    -1.742133992622E-08));
#2692 = VERTEX_POINT('',#2693);
#2693 = CARTESIAN_POINT('',(-14.00000000002,5.999999982579,
    -1.742133992622E-08));
#2694 = SURFACE_CURVE('',#2695,(#2700,#2707),.PCURVE_S1.);
#2695 = CIRCLE('',#2696,1.5);
#2696 = AXIS2_PLACEMENT_3D('',#2697,#2698,#2699);
#2697 = CARTESIAN_POINT('',(-15.50000000002,5.999999982579,
    -1.742134020966E-08));
#2698 = DIRECTION('',(0.,1.,0.));
#2699 = DIRECTION('',(-1.,0.,1.889653963545E-16));
#2700 = PCURVE('',#1366,#2701);
#2701 = DEFINITIONAL_REPRESENTATION('',(#2702),#2706);
#2702 = CIRCLE('',#2703,1.5);
#2703 = AXIS2_PLACEMENT_2D('',#2704,#2705);
#2704 = CARTESIAN_POINT('',(5.999999982579,6.5));
#2705 = DIRECTION('',(1.889653963545E-16,-1.));
#2706 = ( GEOMETRIC_REPRESENTATION_CONTEXT(2) 
PARAMETRIC_REPRESENTATION_CONTEXT() REPRESENTATION_CONTEXT('2D SPACE',''
  ) );
#2707 = PCURVE('',#2708,#2713);
#2708 = CYLINDRICAL_SURFACE('',#2709,1.5);
#2709 = AXIS2_PLACEMENT_3D('',#2710,#2711,#2712);
#2710 = CARTESIAN_POINT('',(-15.50000000002,2.999999991289,
    -1.742134020966E-08));
#2711 = DIRECTION('',(0.,-1.,0.));
#2712 = DIRECTION('',(0.,-0.,-1.));
#2713 = DEFINITIONAL_REPRESENTATION('',(#2714),#2718);
#2714 = LINE('',#2715,#2716);
#2715 = CARTESIAN_POINT('',(4.712388980385,-2.999999991289));
#2716 = VECTOR('',#2717,1.);
#2717 = DIRECTION('',(-1.,0.));
#2718 = ( GEOMETRIC_REPRESENTATION_CONTEXT(2) 
PARAMETRIC_REPRESENTATION_CONTEXT() REPRESENTATION_CONTEXT('2D SPACE',''
  ) );
#2719 = ORIENTED_EDGE('',*,*,#2720,.F.);
#2720 = EDGE_CURVE('',#2692,#2690,#2721,.T.);
#2721 = SURFACE_CURVE('',#2722,(#2727,#2734),.PCURVE_S1.);
#2722 = CIRCLE('',#2723,1.5);
#2723 = AXIS2_PLACEMENT_3D('',#2724,#2725,#2726);
#2724 = CARTESIAN_POINT('',(-15.50000000002,5.999999982579,
    -1.742134020966E-08));
#2725 = DIRECTION('',(0.,1.,0.));
#2726 = DIRECTION('',(1.,-0.,1.889653963545E-16));
#2727 = PCURVE('',#1366,#2728);
#2728 = DEFINITIONAL_REPRESENTATION('',(#2729),#2733);
#2729 = CIRCLE('',#2730,1.5);
#2730 = AXIS2_PLACEMENT_2D('',#2731,#2732);
#2731 = CARTESIAN_POINT('',(5.999999982579,6.5));
#2732 = DIRECTION('',(1.889653963545E-16,1.));
#2733 = ( GEOMETRIC_REPRESENTATION_CONTEXT(2) 
PARAMETRIC_REPRESENTATION_CONTEXT() REPRESENTATION_CONTEXT('2D SPACE',''
  ) );
#2734 = PCURVE('',#2735,#2740);
#2735 = CYLINDRICAL_SURFACE('',#2736,1.5);
#2736 = AXIS2_PLACEMENT_3D('',#2737,#2738,#2739);
#2737 = CARTESIAN_POINT('',(-15.50000000002,2.999999991289,
    -1.742134020966E-08));
#2738 = DIRECTION('',(0.,-1.,0.));
#2739 = DIRECTION('',(0.,-0.,-1.));
#2740 = DEFINITIONAL_REPRESENTATION('',(#2741),#2745);
#2741 = LINE('',#2742,#2743);
#2742 = CARTESIAN_POINT('',(1.570796326795,-2.999999991289));
#2743 = VECTOR('',#2744,1.);
#2744 = DIRECTION('',(-1.,0.));
#2745 = ( GEOMETRIC_REPRESENTATION_CONTEXT(2) 
PARAMETRIC_REPRESENTATION_CONTEXT() REPRESENTATION_CONTEXT('2D SPACE',''
  ) );
#2746 = ADVANCED_FACE('',(#2747),#2376,.F.);
#2747 = FACE_BOUND('',#2748,.F.);
#2748 = EDGE_LOOP('',(#2749,#2771,#2800,#2822,#2949,#2969));
#2749 = ORIENTED_EDGE('',*,*,#2750,.T.);
#2750 = EDGE_CURVE('',#2358,#2751,#2753,.T.);
#2751 = VERTEX_POINT('',#2752);
#2752 = CARTESIAN_POINT('',(-10.00000000002,-3.,-1.749711486809E-13));
#2753 = SURFACE_CURVE('',#2754,(#2757,#2764),.PCURVE_S1.);
#2754 = B_SPLINE_CURVE_WITH_KNOTS('',1,(#2755,#2756),.UNSPECIFIED.,.F.,
  .F.,(2,2),(0.,12.),.PIECEWISE_BEZIER_KNOTS.);
#2755 = CARTESIAN_POINT('',(-22.00000000002,-3.,-1.749711486809E-13));
#2756 = CARTESIAN_POINT('',(-10.00000000002,-3.,-1.749711486809E-13));
#2757 = PCURVE('',#2376,#2758);
#2758 = DEFINITIONAL_REPRESENTATION('',(#2759),#2763);
#2759 = LINE('',#2760,#2761);
#2760 = CARTESIAN_POINT('',(7.853981633974,-6.));
#2761 = VECTOR('',#2762,1.);
#2762 = DIRECTION('',(0.,1.));
#2763 = ( GEOMETRIC_REPRESENTATION_CONTEXT(2) 
PARAMETRIC_REPRESENTATION_CONTEXT() REPRESENTATION_CONTEXT('2D SPACE',''
  ) );
#2764 = PCURVE('',#2403,#2765);
#2765 = DEFINITIONAL_REPRESENTATION('',(#2766),#2770);
#2766 = LINE('',#2767,#2768);
#2767 = CARTESIAN_POINT('',(1.570796326795,-6.));
#2768 = VECTOR('',#2769,1.);
#2769 = DIRECTION('',(0.,1.));
#2770 = ( GEOMETRIC_REPRESENTATION_CONTEXT(2) 
PARAMETRIC_REPRESENTATION_CONTEXT() REPRESENTATION_CONTEXT('2D SPACE',''
  ) );
#2771 = ORIENTED_EDGE('',*,*,#2772,.T.);
#2772 = EDGE_CURVE('',#2751,#2773,#2775,.T.);
#2773 = VERTEX_POINT('',#2774);
#2774 = CARTESIAN_POINT('',(-10.00000000002,3.,-1.749711486809E-13));
#2775 = SURFACE_CURVE('',#2776,(#2781,#2788),.PCURVE_S1.);
#2776 = CIRCLE('',#2777,3.);
#2777 = AXIS2_PLACEMENT_3D('',#2778,#2779,#2780);
#2778 = CARTESIAN_POINT('',(-10.00000000002,0.,-1.749082998974E-13));
#2779 = DIRECTION('',(-1.,0.,0.));
#2780 = DIRECTION('',(-0.,-1.,-2.094959451737E-17));
#2781 = PCURVE('',#2376,#2782);
#2782 = DEFINITIONAL_REPRESENTATION('',(#2783),#2787);
#2783 = LINE('',#2784,#2785);
#2784 = CARTESIAN_POINT('',(7.853981633974,6.));
#2785 = VECTOR('',#2786,1.);
#2786 = DIRECTION('',(-1.,0.));
#2787 = ( GEOMETRIC_REPRESENTATION_CONTEXT(2) 
PARAMETRIC_REPRESENTATION_CONTEXT() REPRESENTATION_CONTEXT('2D SPACE',''
  ) );
#2788 = PCURVE('',#2789,#2794);
#2789 = PLANE('',#2790);
#2790 = AXIS2_PLACEMENT_3D('',#2791,#2792,#2793);
#2791 = CARTESIAN_POINT('',(-10.00000000002,-3.06,3.06));
#2792 = DIRECTION('',(-1.,0.,0.));
#2793 = DIRECTION('',(0.,0.,-1.));
#2794 = DEFINITIONAL_REPRESENTATION('',(#2795),#2799);
#2795 = CIRCLE('',#2796,3.);
#2796 = AXIS2_PLACEMENT_2D('',#2797,#2798);
#2797 = CARTESIAN_POINT('',(3.06,-3.06));
#2798 = DIRECTION('',(2.094959451737E-17,1.));
#2799 = ( GEOMETRIC_REPRESENTATION_CONTEXT(2) 
PARAMETRIC_REPRESENTATION_CONTEXT() REPRESENTATION_CONTEXT('2D SPACE',''
  ) );
#2800 = ORIENTED_EDGE('',*,*,#2801,.F.);
#2801 = EDGE_CURVE('',#2802,#2773,#2804,.T.);
#2802 = VERTEX_POINT('',#2803);
#2803 = CARTESIAN_POINT('',(-14.00000000002,3.,-8.710757448682E-09));
#2804 = SURFACE_CURVE('',#2805,(#2808,#2815),.PCURVE_S1.);
#2805 = B_SPLINE_CURVE_WITH_KNOTS('',1,(#2806,#2807),.UNSPECIFIED.,.F.,
  .F.,(2,2),(8.,12.),.PIECEWISE_BEZIER_KNOTS.);
#2806 = CARTESIAN_POINT('',(-14.00000000002,3.,-8.710757448682E-09));
#2807 = CARTESIAN_POINT('',(-10.00000000002,3.,-1.749711486809E-13));
#2808 = PCURVE('',#2376,#2809);
#2809 = DEFINITIONAL_REPRESENTATION('',(#2810),#2814);
#2810 = LINE('',#2811,#2812);
#2811 = CARTESIAN_POINT('',(4.712388971674,-6.));
#2812 = VECTOR('',#2813,1.);
#2813 = DIRECTION('',(7.258820211575E-10,1.));
#2814 = ( GEOMETRIC_REPRESENTATION_CONTEXT(2) 
PARAMETRIC_REPRESENTATION_CONTEXT() REPRESENTATION_CONTEXT('2D SPACE',''
  ) );
#2815 = PCURVE('',#2403,#2816);
#2816 = DEFINITIONAL_REPRESENTATION('',(#2817),#2821);
#2817 = LINE('',#2818,#2819);
#2818 = CARTESIAN_POINT('',(4.712388971674,-6.));
#2819 = VECTOR('',#2820,1.);
#2820 = DIRECTION('',(7.258820211575E-10,1.));
#2821 = ( GEOMETRIC_REPRESENTATION_CONTEXT(2) 
PARAMETRIC_REPRESENTATION_CONTEXT() REPRESENTATION_CONTEXT('2D SPACE',''
  ) );
#2822 = ORIENTED_EDGE('',*,*,#2823,.T.);
#2823 = EDGE_CURVE('',#2802,#2824,#2826,.T.);
#2824 = VERTEX_POINT('',#2825);
#2825 = CARTESIAN_POINT('',(-17.00000000002,3.,-1.749711486809E-13));
#2826 = SURFACE_CURVE('',#2827,(#2847,#2898),.PCURVE_S1.);
#2827 = B_SPLINE_CURVE_WITH_KNOTS('',3,(#2828,#2829,#2830,#2831,#2832,
    #2833,#2834,#2835,#2836,#2837,#2838,#2839,#2840,#2841,#2842,#2843,
    #2844,#2845,#2846),.UNSPECIFIED.,.F.,.F.,(4,2,2,2,3,2,2,2,4),(0.,
    0.605490453982,1.207770894089,1.809047675295,2.415090677451,
    3.021133679606,3.622410460812,4.224690900919,4.830181354902),
  .UNSPECIFIED.);
#2828 = CARTESIAN_POINT('',(-14.00000000002,3.,-8.710757448682E-09));
#2829 = CARTESIAN_POINT('',(-14.00000000002,3.,0.201578959398));
#2830 = CARTESIAN_POINT('',(-14.04040050981,2.979236940027,
    0.398424949094));
#2831 = CARTESIAN_POINT('',(-14.19329202748,2.907396812015,
    0.762412697455));
#2832 = CARTESIAN_POINT('',(-14.30358412592,2.857515628998,
    0.925140229768));
#2833 = CARTESIAN_POINT('',(-14.57670607716,2.754361929075,
    1.197789428112));
#2834 = CARTESIAN_POINT('',(-14.73929510218,2.701407876687,
    1.307547537336));
#2835 = CARTESIAN_POINT('',(-15.10192658793,2.622384513356,
    1.459623408862));
#2836 = CARTESIAN_POINT('',(-15.29808194497,2.598076221411,
    1.499999982579));
#2837 = CARTESIAN_POINT('',(-15.50000000002,2.598076221411,
    1.499999982579));
#2838 = CARTESIAN_POINT('',(-15.70191805508,2.598076221411,
    1.499999982579));
#2839 = CARTESIAN_POINT('',(-15.89807341211,2.622384513356,
    1.459623408862));
#2840 = CARTESIAN_POINT('',(-16.26070489786,2.701407876687,
    1.307547537336));
#2841 = CARTESIAN_POINT('',(-16.42329392288,2.754361929075,
    1.197789428112));
#2842 = CARTESIAN_POINT('',(-16.69641587412,2.857515628998,
    0.925140229768));
#2843 = CARTESIAN_POINT('',(-16.80670797256,2.907396812015,
    0.762412697455));
#2844 = CARTESIAN_POINT('',(-16.95959949023,2.979236940027,
    0.398424949094));
#2845 = CARTESIAN_POINT('',(-17.00000000002,3.,0.201578959398));
#2846 = CARTESIAN_POINT('',(-17.00000000002,3.,-1.749711486809E-13));
#2847 = PCURVE('',#2376,#2848);
#2848 = DEFINITIONAL_REPRESENTATION('',(#2849),#2897);
#2849 = B_SPLINE_CURVE_WITH_KNOTS('',3,(#2850,#2851,#2852,#2853,#2854,
    #2855,#2856,#2857,#2858,#2859,#2860,#2861,#2862,#2863,#2864,#2865,
    #2866,#2867,#2868,#2869,#2870,#2871,#2872,#2873,#2874,#2875,#2876,
    #2877,#2878,#2879,#2880,#2881,#2882,#2883,#2884,#2885,#2886,#2887,
    #2888,#2889,#2890,#2891,#2892,#2893,#2894,#2895,#2896),
  .UNSPECIFIED.,.F.,.F.,(4,1,1,1,1,1,1,1,1,1,1,1,1,1,1,1,1,1,1,1,1,1,1,1
    ,1,1,1,1,1,1,1,1,1,1,1,1,1,1,1,1,1,1,1,1,4),(0.,0.109776848975,
    0.21955369795,0.329330546925,0.4391073959,0.548884244875,
    0.65866109385,0.768437942825,0.8782147918,0.987991640775,
    1.09776848975,1.207545338725,1.3173221877,1.427099036675,
    1.536875885651,1.646652734626,1.756429583601,1.866206432576,
    1.975983281551,2.085760130526,2.195536979501,2.305313828476,
    2.415090677451,2.524867526426,2.634644375401,2.744421224376,
    2.854198073351,2.963974922326,3.073751771301,3.183528620276,
    3.293305469251,3.403082318226,3.512859167201,3.622636016176,
    3.732412865151,3.842189714126,3.951966563101,4.061743412076,
    4.171520261051,4.281297110026,4.391073959001,4.500850807976,
    4.610627656952,4.720404505927,4.830181354902),
  .QUASI_UNIFORM_KNOTS.);
#2850 = CARTESIAN_POINT('',(4.712388977481,2.));
#2851 = CARTESIAN_POINT('',(4.724570750847,2.));
#2852 = CARTESIAN_POINT('',(4.748832386071,1.997344069372));
#2853 = CARTESIAN_POINT('',(4.784846845315,1.985540460626));
#2854 = CARTESIAN_POINT('',(4.820411970775,1.966066766753));
#2855 = CARTESIAN_POINT('',(4.855453206188,1.939067195331));
#2856 = CARTESIAN_POINT('',(4.889879695074,1.904706085744));
#2857 = CARTESIAN_POINT('',(4.92364797611,1.863072670253));
#2858 = CARTESIAN_POINT('',(4.956308870164,1.814805962408));
#2859 = CARTESIAN_POINT('',(4.987807879424,1.760160588825));
#2860 = CARTESIAN_POINT('',(5.018040695331,1.699421161042));
#2861 = CARTESIAN_POINT('',(5.046905496091,1.632865890832));
#2862 = CARTESIAN_POINT('',(5.074295985857,1.560768604098));
#2863 = CARTESIAN_POINT('',(5.100082993413,1.483427069997));
#2864 = CARTESIAN_POINT('',(5.124116548647,1.401157310786));
#2865 = CARTESIAN_POINT('',(5.146258139613,1.314252540244));
#2866 = CARTESIAN_POINT('',(5.166358825247,1.223005257639));
#2867 = CARTESIAN_POINT('',(5.184263814079,1.127733628376));
#2868 = CARTESIAN_POINT('',(5.199820382457,1.028653867826));
#2869 = CARTESIAN_POINT('',(5.212750627257,0.927032785289));
#2870 = CARTESIAN_POINT('',(5.222983660467,0.823067574078));
#2871 = CARTESIAN_POINT('',(5.230417584341,0.717057749558));
#2872 = CARTESIAN_POINT('',(5.234957031901,0.609396969405));
#2873 = CARTESIAN_POINT('',(5.236503107966,0.5));
#2874 = CARTESIAN_POINT('',(5.234957031901,0.390603030595));
#2875 = CARTESIAN_POINT('',(5.230417584341,0.282942250442));
#2876 = CARTESIAN_POINT('',(5.222983660467,0.176932425922));
#2877 = CARTESIAN_POINT('',(5.212750627257,7.296721471145E-02));
#2878 = CARTESIAN_POINT('',(5.199820382457,-2.865386782584E-02));
#2879 = CARTESIAN_POINT('',(5.184263814079,-0.127733628376));
#2880 = CARTESIAN_POINT('',(5.166358825247,-0.223005257639));
#2881 = CARTESIAN_POINT('',(5.146258139613,-0.314252540243));
#2882 = CARTESIAN_POINT('',(5.124116548647,-0.401157310786));
#2883 = CARTESIAN_POINT('',(5.100082993413,-0.483427069997));
#2884 = CARTESIAN_POINT('',(5.074295985857,-0.560768604098));
#2885 = CARTESIAN_POINT('',(5.046905496091,-0.632865890832));
#2886 = CARTESIAN_POINT('',(5.018040695331,-0.699421161042));
#2887 = CARTESIAN_POINT('',(4.987807879424,-0.760160588825));
#2888 = CARTESIAN_POINT('',(4.956308870163,-0.814805962408));
#2889 = CARTESIAN_POINT('',(4.923647976112,-0.863072670253));
#2890 = CARTESIAN_POINT('',(4.889879695069,-0.904706085744));
#2891 = CARTESIAN_POINT('',(4.855453206221,-0.939067195331));
#2892 = CARTESIAN_POINT('',(4.820411971005,-0.966066766753));
#2893 = CARTESIAN_POINT('',(4.784846846004,-0.985540460626));
#2894 = CARTESIAN_POINT('',(4.748832387585,-0.997344069372));
#2895 = CARTESIAN_POINT('',(4.724570753224,-1.));
#2896 = CARTESIAN_POINT('',(4.712388980385,-1.));
#2897 = ( GEOMETRIC_REPRESENTATION_CONTEXT(2) 
PARAMETRIC_REPRESENTATION_CONTEXT() REPRESENTATION_CONTEXT('2D SPACE',''
  ) );
#2898 = PCURVE('',#2708,#2899);
#2899 = DEFINITIONAL_REPRESENTATION('',(#2900),#2948);
#2900 = B_SPLINE_CURVE_WITH_KNOTS('',3,(#2901,#2902,#2903,#2904,#2905,
    #2906,#2907,#2908,#2909,#2910,#2911,#2912,#2913,#2914,#2915,#2916,
    #2917,#2918,#2919,#2920,#2921,#2922,#2923,#2924,#2925,#2926,#2927,
    #2928,#2929,#2930,#2931,#2932,#2933,#2934,#2935,#2936,#2937,#2938,
    #2939,#2940,#2941,#2942,#2943,#2944,#2945,#2946,#2947),
  .UNSPECIFIED.,.F.,.F.,(4,1,1,1,1,1,1,1,1,1,1,1,1,1,1,1,1,1,1,1,1,1,1,1
    ,1,1,1,1,1,1,1,1,1,1,1,1,1,1,1,1,1,1,1,1,4),(0.,0.109776848975,
    0.21955369795,0.329330546925,0.4391073959,0.548884244875,
    0.65866109385,0.768437942825,0.8782147918,0.987991640775,
    1.09776848975,1.207545338725,1.3173221877,1.427099036675,
    1.536875885651,1.646652734626,1.756429583601,1.866206432576,
    1.975983281551,2.085760130526,2.195536979501,2.305313828476,
    2.415090677451,2.524867526426,2.634644375401,2.744421224376,
    2.854198073351,2.963974922326,3.073751771301,3.183528620276,
    3.293305469251,3.403082318226,3.512859167201,3.622636016176,
    3.732412865151,3.842189714126,3.951966563101,4.061743412076,
    4.171520261051,4.281297110026,4.391073959001,4.500850807976,
    4.610627656952,4.720404505927,4.830181354902),
  .QUASI_UNIFORM_KNOTS.);
#2901 = CARTESIAN_POINT('',(1.570796332602,-8.71059002705E-09));
#2902 = CARTESIAN_POINT('',(1.595160095572,-8.710590027304E-09));
#2903 = CARTESIAN_POINT('',(1.643682913899,1.36494040257E-03));
#2904 = CARTESIAN_POINT('',(1.715993517781,7.310503246141E-03));
#2905 = CARTESIAN_POINT('',(1.787972167502,1.69561604303E-02));
#2906 = CARTESIAN_POINT('',(1.85975643676,3.01085454584E-02));
#2907 = CARTESIAN_POINT('',(1.931449359879,4.655691515502E-02));
#2908 = CARTESIAN_POINT('',(2.003252252119,6.615535472316E-02));
#2909 = CARTESIAN_POINT('',(2.074513315167,8.834240982626E-02));
#2910 = CARTESIAN_POINT('',(2.145417365475,0.112666010031));
#2911 = CARTESIAN_POINT('',(2.216052566061,0.138680539883));
#2912 = CARTESIAN_POINT('',(2.286520094564,0.165935338486));
#2913 = CARTESIAN_POINT('',(2.356917031138,0.193993471725));
#2914 = CARTESIAN_POINT('',(2.427308098555,0.222368143812));
#2915 = CARTESIAN_POINT('',(2.497747733391,0.250471210499));
#2916 = CARTESIAN_POINT('',(2.568321013109,0.277764818987));
#2917 = CARTESIAN_POINT('',(2.639113765648,0.303698190056));
#2918 = CARTESIAN_POINT('',(2.710202414949,0.327721959507));
#2919 = CARTESIAN_POINT('',(2.781741335469,0.349294029482));
#2920 = CARTESIAN_POINT('',(2.85317315266,0.367626876663));
#2921 = CARTESIAN_POINT('',(2.924712962196,0.382463977664));
#2922 = CARTESIAN_POINT('',(2.996509718253,0.393469447757));
#2923 = CARTESIAN_POINT('',(3.068661182026,0.400328674328));
#2924 = CARTESIAN_POINT('',(3.14159265359,0.402721317653));
#2925 = CARTESIAN_POINT('',(3.214524125154,0.400328674328));
#2926 = CARTESIAN_POINT('',(3.286675588926,0.393469447757));
#2927 = CARTESIAN_POINT('',(3.358472344983,0.382463977664));
#2928 = CARTESIAN_POINT('',(3.43001215452,0.367626876663));
#2929 = CARTESIAN_POINT('',(3.50144397171,0.349294029482));
#2930 = CARTESIAN_POINT('',(3.57298289223,0.327721959507));
#2931 = CARTESIAN_POINT('',(3.644071541532,0.303698190056));
#2932 = CARTESIAN_POINT('',(3.714864294071,0.277764818987));
#2933 = CARTESIAN_POINT('',(3.785437573788,0.250471210499));
#2934 = CARTESIAN_POINT('',(3.855877208624,0.222368143812));
#2935 = CARTESIAN_POINT('',(3.926268276042,0.193993471725));
#2936 = CARTESIAN_POINT('',(3.996665212616,0.165935338486));
#2937 = CARTESIAN_POINT('',(4.067132741118,0.138680539883));
#2938 = CARTESIAN_POINT('',(4.137767941704,0.112666010031));
#2939 = CARTESIAN_POINT('',(4.208671992013,8.834240982614E-02));
#2940 = CARTESIAN_POINT('',(4.279933055058,6.615535472303E-02));
#2941 = CARTESIAN_POINT('',(4.351735947311,4.655691515491E-02));
#2942 = CARTESIAN_POINT('',(4.423428870357,3.010854545831E-02));
#2943 = CARTESIAN_POINT('',(4.495213139227,1.695616043025E-02));
#2944 = CARTESIAN_POINT('',(4.567191788035,7.310503246116E-03));
#2945 = CARTESIAN_POINT('',(4.639502390259,1.364940402565E-03));
#2946 = CARTESIAN_POINT('',(4.688025206855,-8.710589818336E-09));
#2947 = CARTESIAN_POINT('',(4.712388968771,-8.71059002705E-09));
#2948 = ( GEOMETRIC_REPRESENTATION_CONTEXT(2) 
PARAMETRIC_REPRESENTATION_CONTEXT() REPRESENTATION_CONTEXT('2D SPACE',''
  ) );
#2949 = ORIENTED_EDGE('',*,*,#2950,.F.);
#2950 = EDGE_CURVE('',#2360,#2824,#2951,.T.);
#2951 = SURFACE_CURVE('',#2952,(#2955,#2962),.PCURVE_S1.);
#2952 = B_SPLINE_CURVE_WITH_KNOTS('',1,(#2953,#2954),.UNSPECIFIED.,.F.,
  .F.,(2,2),(0.,5.),.PIECEWISE_BEZIER_KNOTS.);
#2953 = CARTESIAN_POINT('',(-22.00000000002,3.,-1.749711486809E-13));
#2954 = CARTESIAN_POINT('',(-17.00000000002,3.,-1.749711486809E-13));
#2955 = PCURVE('',#2376,#2956);
#2956 = DEFINITIONAL_REPRESENTATION('',(#2957),#2961);
#2957 = LINE('',#2958,#2959);
#2958 = CARTESIAN_POINT('',(4.712388980385,-6.));
#2959 = VECTOR('',#2960,1.);
#2960 = DIRECTION('',(0.,1.));
#2961 = ( GEOMETRIC_REPRESENTATION_CONTEXT(2) 
PARAMETRIC_REPRESENTATION_CONTEXT() REPRESENTATION_CONTEXT('2D SPACE',''
  ) );
#2962 = PCURVE('',#2403,#2963);
#2963 = DEFINITIONAL_REPRESENTATION('',(#2964),#2968);
#2964 = LINE('',#2965,#2966);
#2965 = CARTESIAN_POINT('',(4.712388980385,-6.));
#2966 = VECTOR('',#2967,1.);
#2967 = DIRECTION('',(0.,1.));
#2968 = ( GEOMETRIC_REPRESENTATION_CONTEXT(2) 
PARAMETRIC_REPRESENTATION_CONTEXT() REPRESENTATION_CONTEXT('2D SPACE',''
  ) );
#2969 = ORIENTED_EDGE('',*,*,#2357,.F.);
#2970 = ADVANCED_FACE('',(#2971),#2789,.T.);
#2971 = FACE_BOUND('',#2972,.T.);
#2972 = EDGE_LOOP('',(#2973,#2995));
#2973 = ORIENTED_EDGE('',*,*,#2974,.T.);
#2974 = EDGE_CURVE('',#2773,#2751,#2975,.T.);
#2975 = SURFACE_CURVE('',#2976,(#2981,#2988),.PCURVE_S1.);
#2976 = CIRCLE('',#2977,3.);
#2977 = AXIS2_PLACEMENT_3D('',#2978,#2979,#2980);
#2978 = CARTESIAN_POINT('',(-10.00000000002,0.,-1.749082998974E-13));
#2979 = DIRECTION('',(-1.,0.,0.));
#2980 = DIRECTION('',(0.,1.,-2.094959451737E-17));
#2981 = PCURVE('',#2789,#2982);
#2982 = DEFINITIONAL_REPRESENTATION('',(#2983),#2987);
#2983 = CIRCLE('',#2984,3.);
#2984 = AXIS2_PLACEMENT_2D('',#2985,#2986);
#2985 = CARTESIAN_POINT('',(3.06,-3.06));
#2986 = DIRECTION('',(2.094959451737E-17,-1.));
#2987 = ( GEOMETRIC_REPRESENTATION_CONTEXT(2) 
PARAMETRIC_REPRESENTATION_CONTEXT() REPRESENTATION_CONTEXT('2D SPACE',''
  ) );
#2988 = PCURVE('',#2403,#2989);
#2989 = DEFINITIONAL_REPRESENTATION('',(#2990),#2994);
#2990 = LINE('',#2991,#2992);
#2991 = CARTESIAN_POINT('',(4.712388980385,6.));
#2992 = VECTOR('',#2993,1.);
#2993 = DIRECTION('',(-1.,0.));
#2994 = ( GEOMETRIC_REPRESENTATION_CONTEXT(2) 
PARAMETRIC_REPRESENTATION_CONTEXT() REPRESENTATION_CONTEXT('2D SPACE',''
  ) );
#2995 = ORIENTED_EDGE('',*,*,#2772,.T.);
#2996 = ADVANCED_FACE('',(#2997),#2653,.F.);
#2997 = FACE_BOUND('',#2998,.F.);
#2998 = EDGE_LOOP('',(#2999,#3019,#3020,#3040));
#2999 = ORIENTED_EDGE('',*,*,#3000,.T.);
#3000 = EDGE_CURVE('',#3001,#2602,#3003,.T.);
#3001 = VERTEX_POINT('',#3002);
#3002 = CARTESIAN_POINT('',(-17.00000000002,6.181721801113E-12,-3.));
#3003 = SURFACE_CURVE('',#3004,(#3007,#3013),.PCURVE_S1.);
#3004 = B_SPLINE_CURVE_WITH_KNOTS('',1,(#3005,#3006),.UNSPECIFIED.,.F.,
  .F.,(2,2),(6.,12.),.PIECEWISE_BEZIER_KNOTS.);
#3005 = CARTESIAN_POINT('',(-17.00000000002,1.239186531166E-11,-3.));
#3006 = CARTESIAN_POINT('',(-17.00000000002,0.,-6.));
#3007 = PCURVE('',#2653,#3008);
#3008 = DEFINITIONAL_REPRESENTATION('',(#3009),#3012);
#3009 = B_SPLINE_CURVE_WITH_KNOTS('',1,(#3010,#3011),.UNSPECIFIED.,.F.,
  .F.,(2,2),(6.,12.),.PIECEWISE_BEZIER_KNOTS.);
#3010 = CARTESIAN_POINT('',(1.570796326795,0.));
#3011 = CARTESIAN_POINT('',(1.570796326783,3.));
#3012 = ( GEOMETRIC_REPRESENTATION_CONTEXT(2) 
PARAMETRIC_REPRESENTATION_CONTEXT() REPRESENTATION_CONTEXT('2D SPACE',''
  ) );
#3013 = PCURVE('',#2622,#3014);
#3014 = DEFINITIONAL_REPRESENTATION('',(#3015),#3018);
#3015 = B_SPLINE_CURVE_WITH_KNOTS('',1,(#3016,#3017),.UNSPECIFIED.,.F.,
  .F.,(2,2),(6.,12.),.PIECEWISE_BEZIER_KNOTS.);
#3016 = CARTESIAN_POINT('',(1.570796326795,0.));
#3017 = CARTESIAN_POINT('',(1.570796326783,3.));
#3018 = ( GEOMETRIC_REPRESENTATION_CONTEXT(2) 
PARAMETRIC_REPRESENTATION_CONTEXT() REPRESENTATION_CONTEXT('2D SPACE',''
  ) );
#3019 = ORIENTED_EDGE('',*,*,#2634,.T.);
#3020 = ORIENTED_EDGE('',*,*,#3021,.F.);
#3021 = EDGE_CURVE('',#3022,#2600,#3024,.T.);
#3022 = VERTEX_POINT('',#3023);
#3023 = CARTESIAN_POINT('',(-14.00000000002,1.237765445694E-11,-3.));
#3024 = SURFACE_CURVE('',#3025,(#3028,#3034),.PCURVE_S1.);
#3025 = B_SPLINE_CURVE_WITH_KNOTS('',1,(#3026,#3027),.UNSPECIFIED.,.F.,
  .F.,(2,2),(6.,12.),.PIECEWISE_BEZIER_KNOTS.);
#3026 = CARTESIAN_POINT('',(-14.00000000002,1.237765445694E-11,-3.));
#3027 = CARTESIAN_POINT('',(-14.00000000002,0.,-6.));
#3028 = PCURVE('',#2653,#3029);
#3029 = DEFINITIONAL_REPRESENTATION('',(#3030),#3033);
#3030 = B_SPLINE_CURVE_WITH_KNOTS('',1,(#3031,#3032),.UNSPECIFIED.,.F.,
  .F.,(2,2),(6.,12.),.PIECEWISE_BEZIER_KNOTS.);
#3031 = CARTESIAN_POINT('',(-1.570796326795,0.));
#3032 = CARTESIAN_POINT('',(-1.570796326783,3.));
#3033 = ( GEOMETRIC_REPRESENTATION_CONTEXT(2) 
PARAMETRIC_REPRESENTATION_CONTEXT() REPRESENTATION_CONTEXT('2D SPACE',''
  ) );
#3034 = PCURVE('',#2622,#3035);
#3035 = DEFINITIONAL_REPRESENTATION('',(#3036),#3039);
#3036 = B_SPLINE_CURVE_WITH_KNOTS('',1,(#3037,#3038),.UNSPECIFIED.,.F.,
  .F.,(2,2),(6.,12.),.PIECEWISE_BEZIER_KNOTS.);
#3037 = CARTESIAN_POINT('',(4.712388980385,0.));
#3038 = CARTESIAN_POINT('',(4.712388980397,3.));
#3039 = ( GEOMETRIC_REPRESENTATION_CONTEXT(2) 
PARAMETRIC_REPRESENTATION_CONTEXT() REPRESENTATION_CONTEXT('2D SPACE',''
  ) );
#3040 = ORIENTED_EDGE('',*,*,#3041,.F.);
#3041 = EDGE_CURVE('',#3001,#3022,#3042,.T.);
#3042 = SURFACE_CURVE('',#3043,(#3063,#3114),.PCURVE_S1.);
#3043 = B_SPLINE_CURVE_WITH_KNOTS('',3,(#3044,#3045,#3046,#3047,#3048,
    #3049,#3050,#3051,#3052,#3053,#3054,#3055,#3056,#3057,#3058,#3059,
    #3060,#3061,#3062),.UNSPECIFIED.,.F.,.F.,(4,2,2,2,3,2,2,2,4),(
    4.830181376165,5.435671836978,6.037952278301,6.63922906071,
    7.245272064229,7.851315067748,8.452591850157,9.05487229148,
    9.660362752294),.UNSPECIFIED.);
#3044 = CARTESIAN_POINT('',(-17.00000000002,6.181721801113E-12,-3.));
#3045 = CARTESIAN_POINT('',(-17.00000000002,-0.201578970748,-3.));
#3046 = CARTESIAN_POINT('',(-16.95959949289,-0.398424958015,
    -2.979236939013));
#3047 = CARTESIAN_POINT('',(-16.8067079755,-0.762412710014,
    -2.907396808794));
#3048 = CARTESIAN_POINT('',(-16.69641587725,-0.925140243253,
    -2.857515624691));
#3049 = CARTESIAN_POINT('',(-16.42329392598,-1.197789443227,
    -2.754361922563));
#3050 = CARTESIAN_POINT('',(-16.26070490066,-1.307547553216,
    -2.70140786903));
#3051 = CARTESIAN_POINT('',(-15.89807341383,-1.459623425901,
    -2.622384503903));
#3052 = CARTESIAN_POINT('',(-15.70191805602,-1.499999999986,
    -2.598076211362));
#3053 = CARTESIAN_POINT('',(-15.50000000002,-1.499999999986,
    -2.598076211362));
#3054 = CARTESIAN_POINT('',(-15.29808194402,-1.499999999986,
    -2.598076211362));
#3055 = CARTESIAN_POINT('',(-15.10192658621,-1.459623425901,
    -2.622384503903));
#3056 = CARTESIAN_POINT('',(-14.73929509938,-1.307547553215,
    -2.70140786903));
#3057 = CARTESIAN_POINT('',(-14.57670607406,-1.197789443228,
    -2.754361922563));
#3058 = CARTESIAN_POINT('',(-14.3035841228,-0.925140243252,
    -2.857515624691));
#3059 = CARTESIAN_POINT('',(-14.19329202455,-0.762412710014,
    -2.907396808794));
#3060 = CARTESIAN_POINT('',(-14.04040050715,-0.398424958014,
    -2.979236939013));
#3061 = CARTESIAN_POINT('',(-14.00000000002,-0.201578970748,-3.));
#3062 = CARTESIAN_POINT('',(-14.00000000002,1.237765445694E-11,-3.));
#3063 = PCURVE('',#2653,#3064);
#3064 = DEFINITIONAL_REPRESENTATION('',(#3065),#3113);
#3065 = B_SPLINE_CURVE_WITH_KNOTS('',3,(#3066,#3067,#3068,#3069,#3070,
    #3071,#3072,#3073,#3074,#3075,#3076,#3077,#3078,#3079,#3080,#3081,
    #3082,#3083,#3084,#3085,#3086,#3087,#3088,#3089,#3090,#3091,#3092,
    #3093,#3094,#3095,#3096,#3097,#3098,#3099,#3100,#3101,#3102,#3103,
    #3104,#3105,#3106,#3107,#3108,#3109,#3110,#3111,#3112),
  .UNSPECIFIED.,.F.,.F.,(4,1,1,1,1,1,1,1,1,1,1,1,1,1,1,1,1,1,1,1,1,1,1,1
    ,1,1,1,1,1,1,1,1,1,1,1,1,1,1,1,1,1,1,1,1,4),(4.830181376165,
    4.939958225622,5.04973507508,5.159511924537,5.269288773995,
    5.379065623452,5.48884247291,5.598619322367,5.708396171825,
    5.818173021282,5.92794987074,6.037726720197,6.147503569655,
    6.257280419112,6.367057268569,6.476834118027,6.586610967484,
    6.696387816942,6.806164666399,6.915941515857,7.025718365314,
    7.135495214772,7.245272064229,7.355048913687,7.464825763144,
    7.574602612602,7.684379462059,7.794156311517,7.903933160974,
    8.013710010432,8.123486859889,8.233263709347,8.343040558804,
    8.452817408262,8.562594257719,8.672371107177,8.782147956634,
    8.891924806092,9.001701655549,9.111478505007,9.221255354464,
    9.331032203922,9.440809053379,9.550585902837,9.660362752294),
  .QUASI_UNIFORM_KNOTS.);
#3066 = CARTESIAN_POINT('',(1.570796326791,0.));
#3067 = CARTESIAN_POINT('',(1.546432563665,-7.490293347664E-14));
#3068 = CARTESIAN_POINT('',(1.497909745251,-1.364949161261E-03));
#3069 = CARTESIAN_POINT('',(1.425599141683,-7.310512197538E-03));
#3070 = CARTESIAN_POINT('',(1.353620492513,-1.695616967213E-02));
#3071 = CARTESIAN_POINT('',(1.281836223771,-3.010855506535E-02));
#3072 = CARTESIAN_POINT('',(1.210143300892,-4.655692517914E-02));
#3073 = CARTESIAN_POINT('',(1.138340408185,-6.615536519242E-02));
#3074 = CARTESIAN_POINT('',(1.067079344711,-8.83424208049E-02));
#3075 = CARTESIAN_POINT('',(0.996175293985,-0.112666021566));
#3076 = CARTESIAN_POINT('',(0.925540092996,-0.138680552014));
#3077 = CARTESIAN_POINT('',(0.855072564099,-0.165935351248));
#3078 = CARTESIAN_POINT('',(0.784675627141,-0.19399348514));
#3079 = CARTESIAN_POINT('',(0.714284559339,-0.222368157902));
#3080 = CARTESIAN_POINT('',(0.643844924112,-0.250471225274));
#3081 = CARTESIAN_POINT('',(0.573271643998,-0.27776483444));
#3082 = CARTESIAN_POINT('',(0.502478891056,-0.303698206167));
#3083 = CARTESIAN_POINT('',(0.431390241345,-0.327721976239));
#3084 = CARTESIAN_POINT('',(0.3598513204,-0.349294046789));
#3085 = CARTESIAN_POINT('',(0.288419502777,-0.367626894469));
#3086 = CARTESIAN_POINT('',(0.216879692801,-0.382463995879));
#3087 = CARTESIAN_POINT('',(0.145082936293,-0.39346946628));
#3088 = CARTESIAN_POINT('',(7.293147205542E-02,-0.400328693045));
#3089 = CARTESIAN_POINT('',(2.57571741713E-14,-0.40272133644));
#3090 = CARTESIAN_POINT('',(-7.293147205554E-02,-0.400328693045));
#3091 = CARTESIAN_POINT('',(-0.145082936293,-0.39346946628));
#3092 = CARTESIAN_POINT('',(-0.216879692802,-0.382463995879));
#3093 = CARTESIAN_POINT('',(-0.288419502778,-0.367626894468));
#3094 = CARTESIAN_POINT('',(-0.359851320401,-0.349294046789));
#3095 = CARTESIAN_POINT('',(-0.431390241346,-0.327721976239));
#3096 = CARTESIAN_POINT('',(-0.502478891057,-0.303698206167));
#3097 = CARTESIAN_POINT('',(-0.573271643999,-0.27776483444));
#3098 = CARTESIAN_POINT('',(-0.643844924113,-0.250471225273));
#3099 = CARTESIAN_POINT('',(-0.71428455934,-0.222368157902));
#3100 = CARTESIAN_POINT('',(-0.784675627142,-0.193993485139));
#3101 = CARTESIAN_POINT('',(-0.8550725641,-0.165935351248));
#3102 = CARTESIAN_POINT('',(-0.925540092997,-0.138680552014));
#3103 = CARTESIAN_POINT('',(-0.996175293986,-0.112666021566));
#3104 = CARTESIAN_POINT('',(-1.067079344711,-8.83424208047E-02));
#3105 = CARTESIAN_POINT('',(-1.138340408185,-6.615536519227E-02));
#3106 = CARTESIAN_POINT('',(-1.210143300892,-4.655692517897E-02));
#3107 = CARTESIAN_POINT('',(-1.281836223772,-3.010855506521E-02));
#3108 = CARTESIAN_POINT('',(-1.353620492514,-1.695616967203E-02));
#3109 = CARTESIAN_POINT('',(-1.425599141684,-7.310512197487E-03));
#3110 = CARTESIAN_POINT('',(-1.497909745253,-1.36494916125E-03));
#3111 = CARTESIAN_POINT('',(-1.546432563668,-7.519899250224E-14));
#3112 = CARTESIAN_POINT('',(-1.570796326795,0.));
#3113 = ( GEOMETRIC_REPRESENTATION_CONTEXT(2) 
PARAMETRIC_REPRESENTATION_CONTEXT() REPRESENTATION_CONTEXT('2D SPACE',''
  ) );
#3114 = PCURVE('',#2403,#3115);
#3115 = DEFINITIONAL_REPRESENTATION('',(#3116),#3164);
#3116 = B_SPLINE_CURVE_WITH_KNOTS('',3,(#3117,#3118,#3119,#3120,#3121,
    #3122,#3123,#3124,#3125,#3126,#3127,#3128,#3129,#3130,#3131,#3132,
    #3133,#3134,#3135,#3136,#3137,#3138,#3139,#3140,#3141,#3142,#3143,
    #3144,#3145,#3146,#3147,#3148,#3149,#3150,#3151,#3152,#3153,#3154,
    #3155,#3156,#3157,#3158,#3159,#3160,#3161,#3162,#3163),
  .UNSPECIFIED.,.F.,.F.,(4,1,1,1,1,1,1,1,1,1,1,1,1,1,1,1,1,1,1,1,1,1,1,1
    ,1,1,1,1,1,1,1,1,1,1,1,1,1,1,1,1,1,1,1,1,4),(4.830181376165,
    4.939958225622,5.04973507508,5.159511924537,5.269288773995,
    5.379065623452,5.48884247291,5.598619322367,5.708396171825,
    5.818173021282,5.92794987074,6.037726720197,6.147503569655,
    6.257280419112,6.367057268569,6.476834118027,6.586610967484,
    6.696387816942,6.806164666399,6.915941515857,7.025718365314,
    7.135495214772,7.245272064229,7.355048913687,7.464825763144,
    7.574602612602,7.684379462059,7.794156311517,7.903933160974,
    8.013710010432,8.123486859889,8.233263709347,8.343040558804,
    8.452817408262,8.562594257719,8.672371107177,8.782147956634,
    8.891924806092,9.001701655549,9.111478505007,9.221255354464,
    9.331032203922,9.440809053379,9.550585902837,9.660362752294),
  .QUASI_UNIFORM_KNOTS.);
#3117 = CARTESIAN_POINT('',(3.141592653592,-1.));
#3118 = CARTESIAN_POINT('',(3.12941088015,-1.));
#3119 = CARTESIAN_POINT('',(3.105149244885,-0.997344069584));
#3120 = CARTESIAN_POINT('',(3.069134785784,-0.985540461588));
#3121 = CARTESIAN_POINT('',(3.033569660545,-0.966066768699));
#3122 = CARTESIAN_POINT('',(2.998528425299,-0.939067198289));
#3123 = CARTESIAN_POINT('',(2.96410193642,-0.904706089559));
#3124 = CARTESIAN_POINT('',(2.930333655048,-0.863072674493));
#3125 = CARTESIAN_POINT('',(2.89767276067,-0.814805966977));
#3126 = CARTESIAN_POINT('',(2.866173751081,-0.760160593628));
#3127 = CARTESIAN_POINT('',(2.835940934849,-0.699421165989));
#3128 = CARTESIAN_POINT('',(2.807076133766,-0.632865895839));
#3129 = CARTESIAN_POINT('',(2.779685643684,-0.560768609088));
#3130 = CARTESIAN_POINT('',(2.753898635816,-0.483427074888));
#3131 = CARTESIAN_POINT('',(2.729865080276,-0.401157315492));
#3132 = CARTESIAN_POINT('',(2.707723489015,-0.314252544687));
#3133 = CARTESIAN_POINT('',(2.687622803103,-0.223005261742));
#3134 = CARTESIAN_POINT('',(2.669717814012,-0.127733632069));
#3135 = CARTESIAN_POINT('',(2.6541612454,-2.865387103433E-02));
#3136 = CARTESIAN_POINT('',(2.641231000399,7.29672120483E-02));
#3137 = CARTESIAN_POINT('',(2.630997967025,0.176932423855));
#3138 = CARTESIAN_POINT('',(2.623564043028,0.282942249019));
#3139 = CARTESIAN_POINT('',(2.619024595392,0.390603029858));
#3140 = CARTESIAN_POINT('',(2.617478519299,0.5));
#3141 = CARTESIAN_POINT('',(2.619024595392,0.609396970142));
#3142 = CARTESIAN_POINT('',(2.623564043028,0.717057750981));
#3143 = CARTESIAN_POINT('',(2.630997967025,0.823067576146));
#3144 = CARTESIAN_POINT('',(2.641231000399,0.927032787952));
#3145 = CARTESIAN_POINT('',(2.6541612454,1.028653871035));
#3146 = CARTESIAN_POINT('',(2.669717814012,1.127733632071));
#3147 = CARTESIAN_POINT('',(2.687622803103,1.223005261743));
#3148 = CARTESIAN_POINT('',(2.707723489016,1.314252544688));
#3149 = CARTESIAN_POINT('',(2.729865080276,1.401157315493));
#3150 = CARTESIAN_POINT('',(2.753898635816,1.483427074889));
#3151 = CARTESIAN_POINT('',(2.779685643684,1.560768609089));
#3152 = CARTESIAN_POINT('',(2.807076133766,1.63286589584));
#3153 = CARTESIAN_POINT('',(2.835940934849,1.69942116599));
#3154 = CARTESIAN_POINT('',(2.866173751081,1.760160593629));
#3155 = CARTESIAN_POINT('',(2.89767276067,1.814805966977));
#3156 = CARTESIAN_POINT('',(2.930333655048,1.863072674493));
#3157 = CARTESIAN_POINT('',(2.96410193642,1.904706089559));
#3158 = CARTESIAN_POINT('',(2.998528425299,1.939067198289));
#3159 = CARTESIAN_POINT('',(3.033569660546,1.966066768699));
#3160 = CARTESIAN_POINT('',(3.069134785785,1.985540461588));
#3161 = CARTESIAN_POINT('',(3.105149244886,1.997344069584));
#3162 = CARTESIAN_POINT('',(3.129410880152,2.));
#3163 = CARTESIAN_POINT('',(3.141592653594,2.));
#3164 = ( GEOMETRIC_REPRESENTATION_CONTEXT(2) 
PARAMETRIC_REPRESENTATION_CONTEXT() REPRESENTATION_CONTEXT('2D SPACE',''
  ) );
#3165 = ADVANCED_FACE('',(#3166),#2708,.F.);
#3166 = FACE_BOUND('',#3167,.F.);
#3167 = EDGE_LOOP('',(#3168,#3186,#3187,#3205));
#3168 = ORIENTED_EDGE('',*,*,#3169,.T.);
#3169 = EDGE_CURVE('',#2690,#2824,#3170,.T.);
#3170 = SURFACE_CURVE('',#3171,(#3174,#3180),.PCURVE_S1.);
#3171 = B_SPLINE_CURVE_WITH_KNOTS('',1,(#3172,#3173),.UNSPECIFIED.,.F.,
  .F.,(2,2),(0.,5.999999982579),.PIECEWISE_BEZIER_KNOTS.);
#3172 = CARTESIAN_POINT('',(-17.00000000002,5.999999982579,
    -1.742133992622E-08));
#3173 = CARTESIAN_POINT('',(-17.00000000002,3.,-1.742133992622E-08));
#3174 = PCURVE('',#2708,#3175);
#3175 = DEFINITIONAL_REPRESENTATION('',(#3176),#3179);
#3176 = B_SPLINE_CURVE_WITH_KNOTS('',1,(#3177,#3178),.UNSPECIFIED.,.F.,
  .F.,(2,2),(0.,5.999999982579),.PIECEWISE_BEZIER_KNOTS.);
#3177 = CARTESIAN_POINT('',(4.712388980385,-2.999999991289));
#3178 = CARTESIAN_POINT('',(4.712388980385,-8.71059002705E-09));
#3179 = ( GEOMETRIC_REPRESENTATION_CONTEXT(2) 
PARAMETRIC_REPRESENTATION_CONTEXT() REPRESENTATION_CONTEXT('2D SPACE',''
  ) );
#3180 = PCURVE('',#2735,#3181);
#3181 = DEFINITIONAL_REPRESENTATION('',(#3182),#3185);
#3182 = B_SPLINE_CURVE_WITH_KNOTS('',1,(#3183,#3184),.UNSPECIFIED.,.F.,
  .F.,(2,2),(0.,5.999999982579),.PIECEWISE_BEZIER_KNOTS.);
#3183 = CARTESIAN_POINT('',(-1.570796326795,-2.999999991289));
#3184 = CARTESIAN_POINT('',(-1.570796326795,-8.71059002705E-09));
#3185 = ( GEOMETRIC_REPRESENTATION_CONTEXT(2) 
PARAMETRIC_REPRESENTATION_CONTEXT() REPRESENTATION_CONTEXT('2D SPACE',''
  ) );
#3186 = ORIENTED_EDGE('',*,*,#2823,.F.);
#3187 = ORIENTED_EDGE('',*,*,#3188,.F.);
#3188 = EDGE_CURVE('',#2692,#2802,#3189,.T.);
#3189 = SURFACE_CURVE('',#3190,(#3193,#3199),.PCURVE_S1.);
#3190 = B_SPLINE_CURVE_WITH_KNOTS('',1,(#3191,#3192),.UNSPECIFIED.,.F.,
  .F.,(2,2),(0.,5.999999982579),.PIECEWISE_BEZIER_KNOTS.);
#3191 = CARTESIAN_POINT('',(-14.00000000002,5.999999982579,
    -1.742133992622E-08));
#3192 = CARTESIAN_POINT('',(-14.00000000002,3.,-8.710757448682E-09));
#3193 = PCURVE('',#2708,#3194);
#3194 = DEFINITIONAL_REPRESENTATION('',(#3195),#3198);
#3195 = B_SPLINE_CURVE_WITH_KNOTS('',1,(#3196,#3197),.UNSPECIFIED.,.F.,
  .F.,(2,2),(0.,5.999999982579),.PIECEWISE_BEZIER_KNOTS.);
#3196 = CARTESIAN_POINT('',(1.570796326795,-2.999999991289));
#3197 = CARTESIAN_POINT('',(1.570796332602,-8.71059002705E-09));
#3198 = ( GEOMETRIC_REPRESENTATION_CONTEXT(2) 
PARAMETRIC_REPRESENTATION_CONTEXT() REPRESENTATION_CONTEXT('2D SPACE',''
  ) );
#3199 = PCURVE('',#2735,#3200);
#3200 = DEFINITIONAL_REPRESENTATION('',(#3201),#3204);
#3201 = B_SPLINE_CURVE_WITH_KNOTS('',1,(#3202,#3203),.UNSPECIFIED.,.F.,
  .F.,(2,2),(0.,5.999999982579),.PIECEWISE_BEZIER_KNOTS.);
#3202 = CARTESIAN_POINT('',(1.570796326795,-2.999999991289));
#3203 = CARTESIAN_POINT('',(1.570796332602,-8.71059002705E-09));
#3204 = ( GEOMETRIC_REPRESENTATION_CONTEXT(2) 
PARAMETRIC_REPRESENTATION_CONTEXT() REPRESENTATION_CONTEXT('2D SPACE',''
  ) );
#3205 = ORIENTED_EDGE('',*,*,#2689,.F.);
#3206 = ADVANCED_FACE('',(#3207),#1668,.F.);
#3207 = FACE_BOUND('',#3208,.F.);
#3208 = EDGE_LOOP('',(#3209,#3210,#3211,#3212));
#3209 = ORIENTED_EDGE('',*,*,#2459,.F.);
#3210 = ORIENTED_EDGE('',*,*,#1704,.T.);
#3211 = ORIENTED_EDGE('',*,*,#2244,.F.);
#3212 = ORIENTED_EDGE('',*,*,#1624,.F.);
#3213 = ADVANCED_FACE('',(#3214),#1795,.F.);
#3214 = FACE_BOUND('',#3215,.F.);
#3215 = EDGE_LOOP('',(#3216,#3217,#3218,#3219));
#3216 = ORIENTED_EDGE('',*,*,#2154,.F.);
#3217 = ORIENTED_EDGE('',*,*,#1831,.T.);
#3218 = ORIENTED_EDGE('',*,*,#2549,.F.);
#3219 = ORIENTED_EDGE('',*,*,#1751,.F.);
#3220 = ADVANCED_FACE('',(#3221),#1900,.F.);
#3221 = FACE_BOUND('',#3222,.F.);
#3222 = EDGE_LOOP('',(#3223,#3224,#3225,#3226));
#3223 = ORIENTED_EDGE('',*,*,#2484,.F.);
#3224 = ORIENTED_EDGE('',*,*,#1936,.T.);
#3225 = ORIENTED_EDGE('',*,*,#2219,.F.);
#3226 = ORIENTED_EDGE('',*,*,#1878,.F.);
#3227 = ADVANCED_FACE('',(#3228),#2005,.F.);
#3228 = FACE_BOUND('',#3229,.F.);
#3229 = EDGE_LOOP('',(#3230,#3231,#3232,#3233));
#3230 = ORIENTED_EDGE('',*,*,#2129,.F.);
#3231 = ORIENTED_EDGE('',*,*,#2041,.T.);
#3232 = ORIENTED_EDGE('',*,*,#2574,.F.);
#3233 = ORIENTED_EDGE('',*,*,#1983,.F.);
#3234 = ADVANCED_FACE('',(#3235,#3367),#2403,.F.);
#3235 = FACE_BOUND('',#3236,.F.);
#3236 = EDGE_LOOP('',(#3237,#3238,#3239,#3364,#3365,#3366));
#3237 = ORIENTED_EDGE('',*,*,#2388,.F.);
#3238 = ORIENTED_EDGE('',*,*,#2950,.T.);
#3239 = ORIENTED_EDGE('',*,*,#3240,.T.);
#3240 = EDGE_CURVE('',#2824,#2802,#3241,.T.);
#3241 = SURFACE_CURVE('',#3242,(#3262,#3313),.PCURVE_S1.);
#3242 = B_SPLINE_CURVE_WITH_KNOTS('',3,(#3243,#3244,#3245,#3246,#3247,
    #3248,#3249,#3250,#3251,#3252,#3253,#3254,#3255,#3256,#3257,#3258,
    #3259,#3260,#3261),.UNSPECIFIED.,.F.,.F.,(4,2,2,2,3,2,2,2,4),(0.,
    0.605524022419,1.207724873124,1.808944180345,2.415090304769,
    3.021236429196,3.622455736421,4.224656587122,4.830180609537),
  .UNSPECIFIED.);
#3243 = CARTESIAN_POINT('',(-17.00000000002,3.,-1.749711486809E-13));
#3244 = CARTESIAN_POINT('',(-17.00000000002,3.,-0.201512052743));
#3245 = CARTESIAN_POINT('',(-16.95962578634,2.979249291419,
    -0.398362376667));
#3246 = CARTESIAN_POINT('',(-16.80669613184,2.90739123913,
    -0.762440925707));
#3247 = CARTESIAN_POINT('',(-16.69639367255,2.857507232844,
    -0.925162426145));
#3248 = CARTESIAN_POINT('',(-16.42331111152,2.754368405566,
    -1.197772305672));
#3249 = CARTESIAN_POINT('',(-16.26072700025,2.701412676611,
    -1.30753830245));
#3250 = CARTESIAN_POINT('',(-15.89800275952,2.622369097321,
    -1.459653073816));
#3251 = CARTESIAN_POINT('',(-15.70184550209,2.598076201295,
    -1.500000017421));
#3252 = CARTESIAN_POINT('',(-15.50000000002,2.598076201295,
    -1.500000017421));
#3253 = CARTESIAN_POINT('',(-15.29815449795,2.598076201295,
    -1.500000017421));
#3254 = CARTESIAN_POINT('',(-15.10199724052,2.622369097322,
    -1.459653073816));
#3255 = CARTESIAN_POINT('',(-14.73927299979,2.701412676611,
    -1.30753830245));
#3256 = CARTESIAN_POINT('',(-14.57668888853,2.754368405566,
    -1.197772305672));
#3257 = CARTESIAN_POINT('',(-14.30360632749,2.857507232843,
    -0.925162426147));
#3258 = CARTESIAN_POINT('',(-14.1933038682,2.907391239131,
    -0.762440925705));
#3259 = CARTESIAN_POINT('',(-14.0403742137,2.979249291419,-0.39836237667
    ));
#3260 = CARTESIAN_POINT('',(-14.00000000002,3.,-0.20151205274));
#3261 = CARTESIAN_POINT('',(-14.00000000002,3.,-8.710757448682E-09));
#3262 = PCURVE('',#2403,#3263);
#3263 = DEFINITIONAL_REPRESENTATION('',(#3264),#3312);
#3264 = B_SPLINE_CURVE_WITH_KNOTS('',3,(#3265,#3266,#3267,#3268,#3269,
    #3270,#3271,#3272,#3273,#3274,#3275,#3276,#3277,#3278,#3279,#3280,
    #3281,#3282,#3283,#3284,#3285,#3286,#3287,#3288,#3289,#3290,#3291,
    #3292,#3293,#3294,#3295,#3296,#3297,#3298,#3299,#3300,#3301,#3302,
    #3303,#3304,#3305,#3306,#3307,#3308,#3309,#3310,#3311),
  .UNSPECIFIED.,.F.,.F.,(4,1,1,1,1,1,1,1,1,1,1,1,1,1,1,1,1,1,1,1,1,1,1,1
    ,1,1,1,1,1,1,1,1,1,1,1,1,1,1,1,1,1,1,1,1,4),(0.,0.109776832035,
    0.21955366407,0.329330496105,0.43910732814,0.548884160175,
    0.65866099221,0.768437824245,0.87821465628,0.987991488314,
    1.097768320349,1.207545152384,1.317321984419,1.427098816454,
    1.536875648489,1.646652480524,1.756429312559,1.866206144594,
    1.975982976629,2.085759808664,2.195536640699,2.305313472734,
    2.415090304769,2.524867136804,2.634643968839,2.744420800874,
    2.854197632908,2.963974464943,3.073751296978,3.183528129013,
    3.293304961048,3.403081793083,3.512858625118,3.622635457153,
    3.732412289188,3.842189121223,3.951965953258,4.061742785293,
    4.171519617328,4.281296449363,4.391073281398,4.500850113433,
    4.610626945468,4.720403777502,4.830180609537),
  .QUASI_UNIFORM_KNOTS.);
#3265 = CARTESIAN_POINT('',(4.712388980385,-1.));
#3266 = CARTESIAN_POINT('',(4.700211925389,-1.));
#3267 = CARTESIAN_POINT('',(4.675958164747,-0.99734609431));
#3268 = CARTESIAN_POINT('',(4.639950960968,-0.98554874291));
#3269 = CARTESIAN_POINT('',(4.604388700998,-0.966081711237));
#3270 = CARTESIAN_POINT('',(4.569345980249,-0.939086252525));
#3271 = CARTESIAN_POINT('',(4.534913976184,-0.904724269052));
#3272 = CARTESIAN_POINT('',(4.501135274032,-0.863080626284));
#3273 = CARTESIAN_POINT('',(4.468466889868,-0.814802964379));
#3274 = CARTESIAN_POINT('',(4.436962517992,-0.760146807307));
#3275 = CARTESIAN_POINT('',(4.406726518394,-0.699398194229));
#3276 = CARTESIAN_POINT('',(4.377860387039,-0.632836169722));
#3277 = CARTESIAN_POINT('',(4.350470827925,-0.560737241498));
#3278 = CARTESIAN_POINT('',(4.324684947582,-0.483395059322));
#3279 = CARTESIAN_POINT('',(4.300651036206,-0.401119708028));
#3280 = CARTESIAN_POINT('',(4.278508482849,-0.314205442446));
#3281 = CARTESIAN_POINT('',(4.258406417178,-0.222943814091));
#3282 = CARTESIAN_POINT('',(4.240500015732,-0.127653017562));
#3283 = CARTESIAN_POINT('',(4.22494227821,-2.854737843094E-02));
#3284 = CARTESIAN_POINT('',(4.212014341291,7.30822068579E-02));
#3285 = CARTESIAN_POINT('',(4.201785190592,0.177041851519));
#3286 = CARTESIAN_POINT('',(4.194355661484,0.283030749447));
#3287 = CARTESIAN_POINT('',(4.189819834581,0.390656794905));
#3288 = CARTESIAN_POINT('',(4.188275379831,0.5));
#3289 = CARTESIAN_POINT('',(4.189819834581,0.609343205094));
#3290 = CARTESIAN_POINT('',(4.194355661484,0.716969250552));
#3291 = CARTESIAN_POINT('',(4.201785190591,0.822958148479));
#3292 = CARTESIAN_POINT('',(4.212014341291,0.92691779314));
#3293 = CARTESIAN_POINT('',(4.224942278209,1.028547378428));
#3294 = CARTESIAN_POINT('',(4.240500015732,1.127653017558));
#3295 = CARTESIAN_POINT('',(4.258406417177,1.222943814087));
#3296 = CARTESIAN_POINT('',(4.278508482848,1.314205442442));
#3297 = CARTESIAN_POINT('',(4.300651036205,1.401119708024));
#3298 = CARTESIAN_POINT('',(4.32468494758,1.483395059317));
#3299 = CARTESIAN_POINT('',(4.350470827923,1.560737241492));
#3300 = CARTESIAN_POINT('',(4.377860387037,1.632836169717));
#3301 = CARTESIAN_POINT('',(4.406726518392,1.699398194224));
#3302 = CARTESIAN_POINT('',(4.436962517991,1.760146807304));
#3303 = CARTESIAN_POINT('',(4.468466889867,1.814802964377));
#3304 = CARTESIAN_POINT('',(4.501135274029,1.863080626283));
#3305 = CARTESIAN_POINT('',(4.534913976188,1.904724269051));
#3306 = CARTESIAN_POINT('',(4.569345980215,1.939086252524));
#3307 = CARTESIAN_POINT('',(4.604388700767,1.966081711236));
#3308 = CARTESIAN_POINT('',(4.639950960279,1.98554874291));
#3309 = CARTESIAN_POINT('',(4.675958163233,1.99734609431));
#3310 = CARTESIAN_POINT('',(4.700211923012,2.));
#3311 = CARTESIAN_POINT('',(4.712388977481,2.));
#3312 = ( GEOMETRIC_REPRESENTATION_CONTEXT(2) 
PARAMETRIC_REPRESENTATION_CONTEXT() REPRESENTATION_CONTEXT('2D SPACE',''
  ) );
#3313 = PCURVE('',#2735,#3314);
#3314 = DEFINITIONAL_REPRESENTATION('',(#3315),#3363);
#3315 = B_SPLINE_CURVE_WITH_KNOTS('',3,(#3316,#3317,#3318,#3319,#3320,
    #3321,#3322,#3323,#3324,#3325,#3326,#3327,#3328,#3329,#3330,#3331,
    #3332,#3333,#3334,#3335,#3336,#3337,#3338,#3339,#3340,#3341,#3342,
    #3343,#3344,#3345,#3346,#3347,#3348,#3349,#3350,#3351,#3352,#3353,
    #3354,#3355,#3356,#3357,#3358,#3359,#3360,#3361,#3362),
  .UNSPECIFIED.,.F.,.F.,(4,1,1,1,1,1,1,1,1,1,1,1,1,1,1,1,1,1,1,1,1,1,1,1
    ,1,1,1,1,1,1,1,1,1,1,1,1,1,1,1,1,1,1,1,1,4),(0.,0.109776832035,
    0.21955366407,0.329330496105,0.43910732814,0.548884160175,
    0.65866099221,0.768437824245,0.87821465628,0.987991488314,
    1.097768320349,1.207545152384,1.317321984419,1.427098816454,
    1.536875648489,1.646652480524,1.756429312559,1.866206144594,
    1.975982976629,2.085759808664,2.195536640699,2.305313472734,
    2.415090304769,2.524867136804,2.634643968839,2.744420800874,
    2.854197632908,2.963974464943,3.073751296978,3.183528129013,
    3.293304961048,3.403081793083,3.512858625118,3.622635457153,
    3.732412289188,3.842189121223,3.951965953258,4.061742785293,
    4.171519617328,4.281296449363,4.391073281398,4.500850113433,
    4.610626945468,4.720403777502,4.830180609537),
  .QUASI_UNIFORM_KNOTS.);
#3316 = CARTESIAN_POINT('',(-1.570796338409,-8.71059002705E-09));
#3317 = CARTESIAN_POINT('',(-1.546441994594,-8.710589879275E-09));
#3318 = CARTESIAN_POINT('',(-1.497934956624,1.363976174653E-03));
#3319 = CARTESIAN_POINT('',(-1.42563911161,7.306562834139E-03));
#3320 = CARTESIAN_POINT('',(-1.353666734232,1.694905646816E-02));
#3321 = CARTESIAN_POINT('',(-1.281880105632,3.009950433506E-02));
#3322 = CARTESIAN_POINT('',(-1.210176478042,4.654831226443E-02));
#3323 = CARTESIAN_POINT('',(-1.13835198564,6.615170218546E-02));
#3324 = CARTESIAN_POINT('',(-1.067074608134,8.834364474494E-02));
#3325 = CARTESIAN_POINT('',(-0.996158047515,0.11267179366));
#3326 = CARTESIAN_POINT('',(-0.925514492486,0.138689950968));
#3327 = CARTESIAN_POINT('',(-0.855042365315,0.165947152388));
#3328 = CARTESIAN_POINT('',(-0.7846461403,0.194005350591));
#3329 = CARTESIAN_POINT('',(-0.714256330115,0.222379596763));
#3330 = CARTESIAN_POINT('',(-0.643813528183,0.250483878309));
#3331 = CARTESIAN_POINT('',(-0.573234181469,0.277779339327));
#3332 = CARTESIAN_POINT('',(-0.502432044852,0.303715038615));
#3333 = CARTESIAN_POINT('',(-0.431330956062,0.327741219947));
#3334 = CARTESIAN_POINT('',(-0.359775415516,0.349315472493));
#3335 = CARTESIAN_POINT('',(-0.288339568202,0.367645265204));
#3336 = CARTESIAN_POINT('',(-0.216805074144,0.382476961878));
#3337 = CARTESIAN_POINT('',(-0.145023421169,0.393476198217));
#3338 = CARTESIAN_POINT('',(-7.289562113731E-02,0.400330248384));
#3339 = CARTESIAN_POINT('',(2.069455717901E-13,0.402720560799));
#3340 = CARTESIAN_POINT('',(7.289562113684E-02,0.400330248384));
#3341 = CARTESIAN_POINT('',(0.145023421168,0.393476198218));
#3342 = CARTESIAN_POINT('',(0.216805074143,0.382476961878));
#3343 = CARTESIAN_POINT('',(0.288339568201,0.367645265205));
#3344 = CARTESIAN_POINT('',(0.359775415514,0.349315472494));
#3345 = CARTESIAN_POINT('',(0.43133095606,0.327741219948));
#3346 = CARTESIAN_POINT('',(0.502432044849,0.303715038616));
#3347 = CARTESIAN_POINT('',(0.573234181465,0.277779339328));
#3348 = CARTESIAN_POINT('',(0.643813528179,0.250483878311));
#3349 = CARTESIAN_POINT('',(0.71425633011,0.222379596765));
#3350 = CARTESIAN_POINT('',(0.784646140295,0.194005350593));
#3351 = CARTESIAN_POINT('',(0.85504236531,0.16594715239));
#3352 = CARTESIAN_POINT('',(0.925514492481,0.13868995097));
#3353 = CARTESIAN_POINT('',(0.996158047511,0.112671793661));
#3354 = CARTESIAN_POINT('',(1.067074608132,8.834364474523E-02));
#3355 = CARTESIAN_POINT('',(1.138351985635,6.615170218535E-02));
#3356 = CARTESIAN_POINT('',(1.210176478049,4.654831226433E-02));
#3357 = CARTESIAN_POINT('',(1.281880105566,3.009950433497E-02));
#3358 = CARTESIAN_POINT('',(1.35366673378,1.69490564681E-02));
#3359 = CARTESIAN_POINT('',(1.425639110246,7.306562834109E-03));
#3360 = CARTESIAN_POINT('',(1.497934953602,1.363976174645E-03));
#3361 = CARTESIAN_POINT('',(1.546441989842,-8.710590474439E-09));
#3362 = CARTESIAN_POINT('',(1.570796332602,-8.71059002705E-09));
#3363 = ( GEOMETRIC_REPRESENTATION_CONTEXT(2) 
PARAMETRIC_REPRESENTATION_CONTEXT() REPRESENTATION_CONTEXT('2D SPACE',''
  ) );
#3364 = ORIENTED_EDGE('',*,*,#2801,.T.);
#3365 = ORIENTED_EDGE('',*,*,#2974,.T.);
#3366 = ORIENTED_EDGE('',*,*,#2750,.F.);
#3367 = FACE_BOUND('',#3368,.F.);
#3368 = EDGE_LOOP('',(#3369,#3494));
#3369 = ORIENTED_EDGE('',*,*,#3370,.T.);
#3370 = EDGE_CURVE('',#3022,#3001,#3371,.T.);
#3371 = SURFACE_CURVE('',#3372,(#3392,#3443),.PCURVE_S1.);
#3372 = B_SPLINE_CURVE_WITH_KNOTS('',3,(#3373,#3374,#3375,#3376,#3377,
    #3378,#3379,#3380,#3381,#3382,#3383,#3384,#3385,#3386,#3387,#3388,
    #3389,#3390,#3391),.UNSPECIFIED.,.F.,.F.,(4,2,2,2,3,2,2,2,4),(0.,
    0.605490460824,1.207770902149,1.80904768456,2.415090688082,
    3.021133691604,3.622410474015,4.224690915341,4.830181376165),
  .UNSPECIFIED.);
#3373 = CARTESIAN_POINT('',(-14.00000000002,1.237765445694E-11,-3.));
#3374 = CARTESIAN_POINT('',(-14.00000000002,0.201578970764,-3.));
#3375 = CARTESIAN_POINT('',(-14.04040050715,0.398424958028,
    -2.979236939012));
#3376 = CARTESIAN_POINT('',(-14.19329202454,0.762412710032,
    -2.90739680879));
#3377 = CARTESIAN_POINT('',(-14.30358412279,0.925140243273,
    -2.857515624685));
#3378 = CARTESIAN_POINT('',(-14.57670607406,1.19778944325,
    -2.754361922553));
#3379 = CARTESIAN_POINT('',(-14.73929509937,1.30754755324,
    -2.701407869018));
#3380 = CARTESIAN_POINT('',(-15.10192658621,1.459623425929,
    -2.622384503888));
#3381 = CARTESIAN_POINT('',(-15.29808194402,1.500000000014,
    -2.598076211345));
#3382 = CARTESIAN_POINT('',(-15.50000000002,1.500000000014,
    -2.598076211345));
#3383 = CARTESIAN_POINT('',(-15.70191805602,1.500000000014,
    -2.598076211345));
#3384 = CARTESIAN_POINT('',(-15.89807341384,1.459623425928,
    -2.622384503888));
#3385 = CARTESIAN_POINT('',(-16.26070490067,1.30754755324,
    -2.701407869018));
#3386 = CARTESIAN_POINT('',(-16.42329392599,1.197789443251,
    -2.754361922553));
#3387 = CARTESIAN_POINT('',(-16.69641587725,0.925140243272,
    -2.857515624685));
#3388 = CARTESIAN_POINT('',(-16.8067079755,0.762412710033,-2.90739680879
    ));
#3389 = CARTESIAN_POINT('',(-16.9595994929,0.398424958028,
    -2.979236939012));
#3390 = CARTESIAN_POINT('',(-17.00000000002,0.201578970764,-3.));
#3391 = CARTESIAN_POINT('',(-17.00000000002,6.181721801113E-12,-3.));
#3392 = PCURVE('',#2403,#3393);
#3393 = DEFINITIONAL_REPRESENTATION('',(#3394),#3442);
#3394 = B_SPLINE_CURVE_WITH_KNOTS('',3,(#3395,#3396,#3397,#3398,#3399,
    #3400,#3401,#3402,#3403,#3404,#3405,#3406,#3407,#3408,#3409,#3410,
    #3411,#3412,#3413,#3414,#3415,#3416,#3417,#3418,#3419,#3420,#3421,
    #3422,#3423,#3424,#3425,#3426,#3427,#3428,#3429,#3430,#3431,#3432,
    #3433,#3434,#3435,#3436,#3437,#3438,#3439,#3440,#3441),
  .UNSPECIFIED.,.F.,.F.,(4,1,1,1,1,1,1,1,1,1,1,1,1,1,1,1,1,1,1,1,1,1,1,1
    ,1,1,1,1,1,1,1,1,1,1,1,1,1,1,1,1,1,1,1,1,4),(0.,0.109776849458,
    0.219553698917,0.329330548375,0.439107397833,0.548884247291,
    0.65866109675,0.768437946208,0.878214795666,0.987991645125,
    1.097768494583,1.207545344041,1.317322193499,1.427099042958,
    1.536875892416,1.646652741874,1.756429591333,1.866206440791,
    1.975983290249,2.085760139707,2.195536989166,2.305313838624,
    2.415090688082,2.524867537541,2.634644386999,2.744421236457,
    2.854198085915,2.963974935374,3.073751784832,3.18352863429,
    3.293305483749,3.403082333207,3.512859182665,3.622636032124,
    3.732412881582,3.84218973104,3.951966580498,4.061743429957,
    4.171520279415,4.281297128873,4.391073978332,4.50085082779,
    4.610627677248,4.720404526706,4.830181376165),
  .QUASI_UNIFORM_KNOTS.);
#3395 = CARTESIAN_POINT('',(3.141592653594,2.));
#3396 = CARTESIAN_POINT('',(3.153774427035,2.));
#3397 = CARTESIAN_POINT('',(3.1780360623,1.997344069584));
#3398 = CARTESIAN_POINT('',(3.2140505214,1.985540461589));
#3399 = CARTESIAN_POINT('',(3.249615646638,1.966066768702));
#3400 = CARTESIAN_POINT('',(3.284656881885,1.939067198293));
#3401 = CARTESIAN_POINT('',(3.319083370763,1.904706089564));
#3402 = CARTESIAN_POINT('',(3.352851652136,1.863072674499));
#3403 = CARTESIAN_POINT('',(3.385512546514,1.814805966983));
#3404 = CARTESIAN_POINT('',(3.417011556104,1.760160593635));
#3405 = CARTESIAN_POINT('',(3.447244372336,1.699421165996));
#3406 = CARTESIAN_POINT('',(3.47610917342,1.632865895847));
#3407 = CARTESIAN_POINT('',(3.503499663503,1.560768609096));
#3408 = CARTESIAN_POINT('',(3.529286671371,1.483427074896));
#3409 = CARTESIAN_POINT('',(3.553320226912,1.4011573155));
#3410 = CARTESIAN_POINT('',(3.575461818172,1.314252544694));
#3411 = CARTESIAN_POINT('',(3.595562504086,1.223005261748));
#3412 = CARTESIAN_POINT('',(3.613467493177,1.127733632075));
#3413 = CARTESIAN_POINT('',(3.629024061789,1.028653871039));
#3414 = CARTESIAN_POINT('',(3.641954306791,0.927032787956));
#3415 = CARTESIAN_POINT('',(3.652187340165,0.823067576148));
#3416 = CARTESIAN_POINT('',(3.659621264162,0.717057750983));
#3417 = CARTESIAN_POINT('',(3.664160711799,0.609396970143));
#3418 = CARTESIAN_POINT('',(3.665706787891,0.5));
#3419 = CARTESIAN_POINT('',(3.664160711799,0.390603029857));
#3420 = CARTESIAN_POINT('',(3.659621264162,0.282942249017));
#3421 = CARTESIAN_POINT('',(3.652187340165,0.176932423851));
#3422 = CARTESIAN_POINT('',(3.641954306791,7.296721204384E-02));
#3423 = CARTESIAN_POINT('',(3.629024061789,-2.865387103973E-02));
#3424 = CARTESIAN_POINT('',(3.613467493177,-0.127733632076));
#3425 = CARTESIAN_POINT('',(3.595562504086,-0.223005261749));
#3426 = CARTESIAN_POINT('',(3.575461818172,-0.314252544694));
#3427 = CARTESIAN_POINT('',(3.553320226912,-0.4011573155));
#3428 = CARTESIAN_POINT('',(3.529286671371,-0.483427074896));
#3429 = CARTESIAN_POINT('',(3.503499663502,-0.560768609096));
#3430 = CARTESIAN_POINT('',(3.47610917342,-0.632865895847));
#3431 = CARTESIAN_POINT('',(3.447244372336,-0.699421165997));
#3432 = CARTESIAN_POINT('',(3.417011556104,-0.760160593635));
#3433 = CARTESIAN_POINT('',(3.385512546514,-0.814805966983));
#3434 = CARTESIAN_POINT('',(3.352851652136,-0.863072674499));
#3435 = CARTESIAN_POINT('',(3.319083370764,-0.904706089564));
#3436 = CARTESIAN_POINT('',(3.284656881885,-0.939067198293));
#3437 = CARTESIAN_POINT('',(3.249615646638,-0.966066768702));
#3438 = CARTESIAN_POINT('',(3.214050521399,-0.985540461589));
#3439 = CARTESIAN_POINT('',(3.178036062299,-0.997344069584));
#3440 = CARTESIAN_POINT('',(3.153774427034,-1.));
#3441 = CARTESIAN_POINT('',(3.141592653592,-1.));
#3442 = ( GEOMETRIC_REPRESENTATION_CONTEXT(2) 
PARAMETRIC_REPRESENTATION_CONTEXT() REPRESENTATION_CONTEXT('2D SPACE',''
  ) );
#3443 = PCURVE('',#2622,#3444);
#3444 = DEFINITIONAL_REPRESENTATION('',(#3445),#3493);
#3445 = B_SPLINE_CURVE_WITH_KNOTS('',3,(#3446,#3447,#3448,#3449,#3450,
    #3451,#3452,#3453,#3454,#3455,#3456,#3457,#3458,#3459,#3460,#3461,
    #3462,#3463,#3464,#3465,#3466,#3467,#3468,#3469,#3470,#3471,#3472,
    #3473,#3474,#3475,#3476,#3477,#3478,#3479,#3480,#3481,#3482,#3483,
    #3484,#3485,#3486,#3487,#3488,#3489,#3490,#3491,#3492),
  .UNSPECIFIED.,.F.,.F.,(4,1,1,1,1,1,1,1,1,1,1,1,1,1,1,1,1,1,1,1,1,1,1,1
    ,1,1,1,1,1,1,1,1,1,1,1,1,1,1,1,1,1,1,1,1,4),(0.,0.109776849458,
    0.219553698917,0.329330548375,0.439107397833,0.548884247291,
    0.65866109675,0.768437946208,0.878214795666,0.987991645125,
    1.097768494583,1.207545344041,1.317322193499,1.427099042958,
    1.536875892416,1.646652741874,1.756429591333,1.866206440791,
    1.975983290249,2.085760139707,2.195536989166,2.305313838624,
    2.415090688082,2.524867537541,2.634644386999,2.744421236457,
    2.854198085915,2.963974935374,3.073751784832,3.18352863429,
    3.293305483749,3.403082333207,3.512859182665,3.622636032124,
    3.732412881582,3.84218973104,3.951966580498,4.061743429957,
    4.171520279415,4.281297128873,4.391073978332,4.50085082779,
    4.610627677248,4.720404526706,4.830181376165),
  .QUASI_UNIFORM_KNOTS.);
#3446 = CARTESIAN_POINT('',(4.712388980385,0.));
#3447 = CARTESIAN_POINT('',(4.688025217259,7.510034847925E-14));
#3448 = CARTESIAN_POINT('',(4.639502398846,-1.364949160882E-03));
#3449 = CARTESIAN_POINT('',(4.56719179528,-7.310512196997E-03));
#3450 = CARTESIAN_POINT('',(4.495213146112,-1.695616967159E-02));
#3451 = CARTESIAN_POINT('',(4.42342887737,-3.010855506493E-02));
#3452 = CARTESIAN_POINT('',(4.351735954491,-4.655692517892E-02));
#3453 = CARTESIAN_POINT('',(4.279933061784,-6.615536519248E-02));
#3454 = CARTESIAN_POINT('',(4.208671998309,-8.834242080532E-02));
#3455 = CARTESIAN_POINT('',(4.137767947583,-0.112666021567));
#3456 = CARTESIAN_POINT('',(4.067132746593,-0.138680552016));
#3457 = CARTESIAN_POINT('',(3.996665217695,-0.16593535125));
#3458 = CARTESIAN_POINT('',(3.926268280737,-0.193993485142));
#3459 = CARTESIAN_POINT('',(3.855877212934,-0.222368157906));
#3460 = CARTESIAN_POINT('',(3.785437577707,-0.250471225278));
#3461 = CARTESIAN_POINT('',(3.714864297592,-0.277764834445));
#3462 = CARTESIAN_POINT('',(3.64407154465,-0.303698206173));
#3463 = CARTESIAN_POINT('',(3.572982894938,-0.327721976247));
#3464 = CARTESIAN_POINT('',(3.501443973993,-0.349294046797));
#3465 = CARTESIAN_POINT('',(3.430012156369,-0.367626894477));
#3466 = CARTESIAN_POINT('',(3.358472346393,-0.382463995888));
#3467 = CARTESIAN_POINT('',(3.286675589883,-0.39346946629));
#3468 = CARTESIAN_POINT('',(3.214524125646,-0.400328693055));
#3469 = CARTESIAN_POINT('',(3.14159265359,-0.40272133645));
#3470 = CARTESIAN_POINT('',(3.068661181534,-0.400328693055));
#3471 = CARTESIAN_POINT('',(2.996509717296,-0.39346946629));
#3472 = CARTESIAN_POINT('',(2.924712960787,-0.382463995888));
#3473 = CARTESIAN_POINT('',(2.85317315081,-0.367626894477));
#3474 = CARTESIAN_POINT('',(2.781741333186,-0.349294046797));
#3475 = CARTESIAN_POINT('',(2.710202412241,-0.327721976246));
#3476 = CARTESIAN_POINT('',(2.63911376253,-0.303698206173));
#3477 = CARTESIAN_POINT('',(2.568321009587,-0.277764834445));
#3478 = CARTESIAN_POINT('',(2.497747729473,-0.250471225278));
#3479 = CARTESIAN_POINT('',(2.427308094245,-0.222368157905));
#3480 = CARTESIAN_POINT('',(2.356917026442,-0.193993485142));
#3481 = CARTESIAN_POINT('',(2.286520089484,-0.16593535125));
#3482 = CARTESIAN_POINT('',(2.216052560587,-0.138680552016));
#3483 = CARTESIAN_POINT('',(2.145417359597,-0.112666021567));
#3484 = CARTESIAN_POINT('',(2.074513308871,-8.834242080536E-02));
#3485 = CARTESIAN_POINT('',(2.003252245396,-6.615536519255E-02));
#3486 = CARTESIAN_POINT('',(1.931449352689,-4.655692517896E-02));
#3487 = CARTESIAN_POINT('',(1.859756429809,-3.010855506495E-02));
#3488 = CARTESIAN_POINT('',(1.787972161068,-1.69561696716E-02));
#3489 = CARTESIAN_POINT('',(1.715993511898,-7.310512197001E-03));
#3490 = CARTESIAN_POINT('',(1.643682908331,-1.364949160882E-03));
#3491 = CARTESIAN_POINT('',(1.595160089917,7.494152779271E-14));
#3492 = CARTESIAN_POINT('',(1.570796326791,0.));
#3493 = ( GEOMETRIC_REPRESENTATION_CONTEXT(2) 
PARAMETRIC_REPRESENTATION_CONTEXT() REPRESENTATION_CONTEXT('2D SPACE',''
  ) );
#3494 = ORIENTED_EDGE('',*,*,#3041,.T.);
#3495 = ADVANCED_FACE('',(#3496),#2622,.F.);
#3496 = FACE_BOUND('',#3497,.F.);
#3497 = EDGE_LOOP('',(#3498,#3499,#3500,#3501));
#3498 = ORIENTED_EDGE('',*,*,#3370,.F.);
#3499 = ORIENTED_EDGE('',*,*,#3021,.T.);
#3500 = ORIENTED_EDGE('',*,*,#2599,.T.);
#3501 = ORIENTED_EDGE('',*,*,#3000,.F.);
#3502 = ADVANCED_FACE('',(#3503),#2735,.F.);
#3503 = FACE_BOUND('',#3504,.F.);
#3504 = EDGE_LOOP('',(#3505,#3506,#3507,#3508));
#3505 = ORIENTED_EDGE('',*,*,#2720,.F.);
#3506 = ORIENTED_EDGE('',*,*,#3188,.T.);
#3507 = ORIENTED_EDGE('',*,*,#3240,.F.);
#3508 = ORIENTED_EDGE('',*,*,#3169,.F.);
#3509 = ( GEOMETRIC_REPRESENTATION_CONTEXT(3) 
GLOBAL_UNCERTAINTY_ASSIGNED_CONTEXT((#3513)) 
GLOBAL_UNIT_ASSIGNED_CONTEXT((#3510,#3511,#3512)) REPRESENTATION_CONTEXT
('Context #1','3D Context with UNIT and UNCERTAINTY') );
#3510 = ( LENGTH_UNIT() NAMED_UNIT(*) SI_UNIT(.MILLI.,.METRE.) );
#3511 = ( NAMED_UNIT(*) PLANE_ANGLE_UNIT() SI_UNIT($,.RADIAN.) );
#3512 = ( NAMED_UNIT(*) SI_UNIT($,.STERADIAN.) SOLID_ANGLE_UNIT() );
#3513 = UNCERTAINTY_MEASURE_WITH_UNIT(LENGTH_MEASURE(1.E-05),#3510,
  'distance_accuracy_value','confusion accuracy');
#3514 = CONTEXT_DEPENDENT_SHAPE_REPRESENTATION(#3515,#3517);
#3515 = ( REPRESENTATION_RELATIONSHIP('','',#1313,#10) 
REPRESENTATION_RELATIONSHIP_WITH_TRANSFORMATION(#3516) 
SHAPE_REPRESENTATION_RELATIONSHIP() );
#3516 = ITEM_DEFINED_TRANSFORMATION('','',#11,#19);
#3517 = PRODUCT_DEFINITION_SHAPE('Placement','Placement of an item',
  #3518);
#3518 = NEXT_ASSEMBLY_USAGE_OCCURRENCE('2','mid_L','',#5,#1308,$);
#3519 = PRODUCT_RELATED_PRODUCT_CATEGORY('part',$,(#1310));
#3520 = SHAPE_DEFINITION_REPRESENTATION(#3521,#3527);
#3521 = PRODUCT_DEFINITION_SHAPE('','',#3522);
#3522 = PRODUCT_DEFINITION('design','',#3523,#3526);
#3523 = PRODUCT_DEFINITION_FORMATION('','',#3524);
#3524 = PRODUCT('top_L','top_L','',(#3525));
#3525 = PRODUCT_CONTEXT('',#2,'mechanical');
#3526 = PRODUCT_DEFINITION_CONTEXT('part definition',#2,'design');
#3527 = SHAPE_REPRESENTATION('',(#11,#3528,#3882),#4746);
#3528 = MANIFOLD_SOLID_BREP('',#3529);
#3529 = CLOSED_SHELL('',(#3530,#3672,#3747,#3823,#3868,#3875));
#3530 = ADVANCED_FACE('',(#3531,#3604),#3546,.T.);
#3531 = FACE_BOUND('',#3532,.T.);
#3532 = EDGE_LOOP('',(#3533,#3573));
#3533 = ORIENTED_EDGE('',*,*,#3534,.F.);
#3534 = EDGE_CURVE('',#3535,#3537,#3539,.T.);
#3535 = VERTEX_POINT('',#3536);
#3536 = CARTESIAN_POINT('',(-12.50000000005,0.,0.));
#3537 = VERTEX_POINT('',#3538);
#3538 = CARTESIAN_POINT('',(12.49999999995,0.,0.));
#3539 = SURFACE_CURVE('',#3540,(#3545,#3561),.PCURVE_S1.);
#3540 = CIRCLE('',#3541,12.5);
#3541 = AXIS2_PLACEMENT_3D('',#3542,#3543,#3544);
#3542 = CARTESIAN_POINT('',(-4.956781892065E-11,6.28036983472E-16,0.));
#3543 = DIRECTION('',(0.,0.,1.));
#3544 = DIRECTION('',(-1.,-5.024295867776E-17,0.));
#3545 = PCURVE('',#3546,#3551);
#3546 = PLANE('',#3547);
#3547 = AXIS2_PLACEMENT_3D('',#3548,#3549,#3550);
#3548 = CARTESIAN_POINT('',(-12.75000000005,-12.75,0.));
#3549 = DIRECTION('',(0.,0.,-1.));
#3550 = DIRECTION('',(-1.,0.,-0.));
#3551 = DEFINITIONAL_REPRESENTATION('',(#3552),#3560);
#3552 = ( BOUNDED_CURVE() B_SPLINE_CURVE(2,(#3553,#3554,#3555,#3556,
#3557,#3558,#3559),.UNSPECIFIED.,.T.,.F.) B_SPLINE_CURVE_WITH_KNOTS((1,2
    ,2,2,2,1),(-2.094395102393,0.,2.094395102393,4.188790204786,
6.28318530718,8.377580409573),.UNSPECIFIED.) CURVE() 
GEOMETRIC_REPRESENTATION_ITEM() RATIONAL_B_SPLINE_CURVE((1.,0.5,1.,0.5,
1.,0.5,1.)) REPRESENTATION_ITEM('') );
#3553 = CARTESIAN_POINT('',(-0.25,12.75));
#3554 = CARTESIAN_POINT('',(-0.25,-8.900635094611));
#3555 = CARTESIAN_POINT('',(-19.,1.924682452695));
#3556 = CARTESIAN_POINT('',(-37.75,12.75));
#3557 = CARTESIAN_POINT('',(-19.,23.575317547305));
#3558 = CARTESIAN_POINT('',(-0.25,34.400635094611));
#3559 = CARTESIAN_POINT('',(-0.25,12.75));
#3560 = ( GEOMETRIC_REPRESENTATION_CONTEXT(2) 
PARAMETRIC_REPRESENTATION_CONTEXT() REPRESENTATION_CONTEXT('2D SPACE',''
  ) );
#3561 = PCURVE('',#3562,#3567);
#3562 = CYLINDRICAL_SURFACE('',#3563,12.5);
#3563 = AXIS2_PLACEMENT_3D('',#3564,#3565,#3566);
#3564 = CARTESIAN_POINT('',(-4.956781892065E-11,6.280369834785E-16,9.));
#3565 = DIRECTION('',(0.,0.,-1.));
#3566 = DIRECTION('',(-1.,0.,-0.));
#3567 = DEFINITIONAL_REPRESENTATION('',(#3568),#3572);
#3568 = LINE('',#3569,#3570);
#3569 = CARTESIAN_POINT('',(6.28318530718,9.));
#3570 = VECTOR('',#3571,1.);
#3571 = DIRECTION('',(-1.,0.));
#3572 = ( GEOMETRIC_REPRESENTATION_CONTEXT(2) 
PARAMETRIC_REPRESENTATION_CONTEXT() REPRESENTATION_CONTEXT('2D SPACE',''
  ) );
#3573 = ORIENTED_EDGE('',*,*,#3574,.F.);
#3574 = EDGE_CURVE('',#3537,#3535,#3575,.T.);
#3575 = SURFACE_CURVE('',#3576,(#3581,#3592),.PCURVE_S1.);
#3576 = CIRCLE('',#3577,12.5);
#3577 = AXIS2_PLACEMENT_3D('',#3578,#3579,#3580);
#3578 = CARTESIAN_POINT('',(-4.956781892065E-11,-6.280369834785E-16,0.)
  );
#3579 = DIRECTION('',(0.,0.,1.));
#3580 = DIRECTION('',(1.,5.024295867828E-17,-0.));
#3581 = PCURVE('',#3546,#3582);
#3582 = DEFINITIONAL_REPRESENTATION('',(#3583),#3591);
#3583 = ( BOUNDED_CURVE() B_SPLINE_CURVE(2,(#3584,#3585,#3586,#3587,
#3588,#3589,#3590),.UNSPECIFIED.,.T.,.F.) B_SPLINE_CURVE_WITH_KNOTS((1,2
    ,2,2,2,1),(-2.094395102393,0.,2.094395102393,4.188790204786,
6.28318530718,8.377580409573),.UNSPECIFIED.) CURVE() 
GEOMETRIC_REPRESENTATION_ITEM() RATIONAL_B_SPLINE_CURVE((1.,0.5,1.,0.5,
1.,0.5,1.)) REPRESENTATION_ITEM('') );
#3584 = CARTESIAN_POINT('',(-25.25,12.75));
#3585 = CARTESIAN_POINT('',(-25.25,34.400635094611));
#3586 = CARTESIAN_POINT('',(-6.5,23.575317547305));
#3587 = CARTESIAN_POINT('',(12.25,12.75));
#3588 = CARTESIAN_POINT('',(-6.5,1.924682452695));
#3589 = CARTESIAN_POINT('',(-25.25,-8.900635094611));
#3590 = CARTESIAN_POINT('',(-25.25,12.75));
#3591 = ( GEOMETRIC_REPRESENTATION_CONTEXT(2) 
PARAMETRIC_REPRESENTATION_CONTEXT() REPRESENTATION_CONTEXT('2D SPACE',''
  ) );
#3592 = PCURVE('',#3593,#3598);
#3593 = CYLINDRICAL_SURFACE('',#3594,12.5);
#3594 = AXIS2_PLACEMENT_3D('',#3595,#3596,#3597);
#3595 = CARTESIAN_POINT('',(-4.956781892065E-11,-6.28036983472E-16,9.));
#3596 = DIRECTION('',(0.,0.,-1.));
#3597 = DIRECTION('',(-1.,0.,-0.));
#3598 = DEFINITIONAL_REPRESENTATION('',(#3599),#3603);
#3599 = LINE('',#3600,#3601);
#3600 = CARTESIAN_POINT('',(3.14159265359,9.));
#3601 = VECTOR('',#3602,1.);
#3602 = DIRECTION('',(-1.,0.));
#3603 = ( GEOMETRIC_REPRESENTATION_CONTEXT(2) 
PARAMETRIC_REPRESENTATION_CONTEXT() REPRESENTATION_CONTEXT('2D SPACE',''
  ) );
#3604 = FACE_BOUND('',#3605,.T.);
#3605 = EDGE_LOOP('',(#3606,#3641));
#3606 = ORIENTED_EDGE('',*,*,#3607,.T.);
#3607 = EDGE_CURVE('',#3608,#3610,#3612,.T.);
#3608 = VERTEX_POINT('',#3609);
#3609 = CARTESIAN_POINT('',(4.,0.,0.));
#3610 = VERTEX_POINT('',#3611);
#3611 = CARTESIAN_POINT('',(-4.,0.,0.));
#3612 = SURFACE_CURVE('',#3613,(#3618,#3629),.PCURVE_S1.);
#3613 = CIRCLE('',#3614,4.);
#3614 = AXIS2_PLACEMENT_3D('',#3615,#3616,#3617);
#3615 = CARTESIAN_POINT('',(0.,0.,0.));
#3616 = DIRECTION('',(0.,0.,1.));
#3617 = DIRECTION('',(1.,0.,-0.));
#3618 = PCURVE('',#3546,#3619);
#3619 = DEFINITIONAL_REPRESENTATION('',(#3620),#3628);
#3620 = ( BOUNDED_CURVE() B_SPLINE_CURVE(2,(#3621,#3622,#3623,#3624,
#3625,#3626,#3627),.UNSPECIFIED.,.T.,.F.) B_SPLINE_CURVE_WITH_KNOTS((1,2
    ,2,2,2,1),(-2.094395102393,0.,2.094395102393,4.188790204786,
6.28318530718,8.377580409573),.UNSPECIFIED.) CURVE() 
GEOMETRIC_REPRESENTATION_ITEM() RATIONAL_B_SPLINE_CURVE((1.,0.5,1.,0.5,
1.,0.5,1.)) REPRESENTATION_ITEM('') );
#3621 = CARTESIAN_POINT('',(-16.75000000005,12.75));
#3622 = CARTESIAN_POINT('',(-16.75000000005,19.678203230276));
#3623 = CARTESIAN_POINT('',(-10.75000000005,16.214101615138));
#3624 = CARTESIAN_POINT('',(-4.75000000005,12.75));
#3625 = CARTESIAN_POINT('',(-10.75000000005,9.285898384862));
#3626 = CARTESIAN_POINT('',(-16.75000000005,5.821796769724));
#3627 = CARTESIAN_POINT('',(-16.75000000005,12.75));
#3628 = ( GEOMETRIC_REPRESENTATION_CONTEXT(2) 
PARAMETRIC_REPRESENTATION_CONTEXT() REPRESENTATION_CONTEXT('2D SPACE',''
  ) );
#3629 = PCURVE('',#3630,#3635);
#3630 = CYLINDRICAL_SURFACE('',#3631,4.);
#3631 = AXIS2_PLACEMENT_3D('',#3632,#3633,#3634);
#3632 = CARTESIAN_POINT('',(0.,0.,13.));
#3633 = DIRECTION('',(0.,0.,-1.));
#3634 = DIRECTION('',(-1.,0.,-0.));
#3635 = DEFINITIONAL_REPRESENTATION('',(#3636),#3640);
#3636 = LINE('',#3637,#3638);
#3637 = CARTESIAN_POINT('',(3.14159265359,13.));
#3638 = VECTOR('',#3639,1.);
#3639 = DIRECTION('',(-1.,0.));
#3640 = ( GEOMETRIC_REPRESENTATION_CONTEXT(2) 
PARAMETRIC_REPRESENTATION_CONTEXT() REPRESENTATION_CONTEXT('2D SPACE',''
  ) );
#3641 = ORIENTED_EDGE('',*,*,#3642,.T.);
#3642 = EDGE_CURVE('',#3610,#3608,#3643,.T.);
#3643 = SURFACE_CURVE('',#3644,(#3649,#3660),.PCURVE_S1.);
#3644 = CIRCLE('',#3645,4.);
#3645 = AXIS2_PLACEMENT_3D('',#3646,#3647,#3648);
#3646 = CARTESIAN_POINT('',(0.,0.,0.));
#3647 = DIRECTION('',(0.,0.,1.));
#3648 = DIRECTION('',(-1.,0.,0.));
#3649 = PCURVE('',#3546,#3650);
#3650 = DEFINITIONAL_REPRESENTATION('',(#3651),#3659);
#3651 = ( BOUNDED_CURVE() B_SPLINE_CURVE(2,(#3652,#3653,#3654,#3655,
#3656,#3657,#3658),.UNSPECIFIED.,.T.,.F.) B_SPLINE_CURVE_WITH_KNOTS((1,2
    ,2,2,2,1),(-2.094395102393,0.,2.094395102393,4.188790204786,
6.28318530718,8.377580409573),.UNSPECIFIED.) CURVE() 
GEOMETRIC_REPRESENTATION_ITEM() RATIONAL_B_SPLINE_CURVE((1.,0.5,1.,0.5,
1.,0.5,1.)) REPRESENTATION_ITEM('') );
#3652 = CARTESIAN_POINT('',(-8.75000000005,12.75));
#3653 = CARTESIAN_POINT('',(-8.75000000005,5.821796769724));
#3654 = CARTESIAN_POINT('',(-14.75000000005,9.285898384862));
#3655 = CARTESIAN_POINT('',(-20.75000000005,12.75));
#3656 = CARTESIAN_POINT('',(-14.75000000005,16.214101615138));
#3657 = CARTESIAN_POINT('',(-8.75000000005,19.678203230276));
#3658 = CARTESIAN_POINT('',(-8.75000000005,12.75));
#3659 = ( GEOMETRIC_REPRESENTATION_CONTEXT(2) 
PARAMETRIC_REPRESENTATION_CONTEXT() REPRESENTATION_CONTEXT('2D SPACE',''
  ) );
#3660 = PCURVE('',#3661,#3666);
#3661 = CYLINDRICAL_SURFACE('',#3662,4.);
#3662 = AXIS2_PLACEMENT_3D('',#3663,#3664,#3665);
#3663 = CARTESIAN_POINT('',(0.,0.,13.));
#3664 = DIRECTION('',(0.,0.,-1.));
#3665 = DIRECTION('',(-1.,0.,-0.));
#3666 = DEFINITIONAL_REPRESENTATION('',(#3667),#3671);
#3667 = LINE('',#3668,#3669);
#3668 = CARTESIAN_POINT('',(6.28318530718,13.));
#3669 = VECTOR('',#3670,1.);
#3670 = DIRECTION('',(-1.,0.));
#3671 = ( GEOMETRIC_REPRESENTATION_CONTEXT(2) 
PARAMETRIC_REPRESENTATION_CONTEXT() REPRESENTATION_CONTEXT('2D SPACE',''
  ) );
#3672 = ADVANCED_FACE('',(#3673),#3562,.T.);
#3673 = FACE_BOUND('',#3674,.T.);
#3674 = EDGE_LOOP('',(#3675,#3676,#3698,#3727));
#3675 = ORIENTED_EDGE('',*,*,#3534,.T.);
#3676 = ORIENTED_EDGE('',*,*,#3677,.T.);
#3677 = EDGE_CURVE('',#3537,#3678,#3680,.T.);
#3678 = VERTEX_POINT('',#3679);
#3679 = CARTESIAN_POINT('',(12.49999999995,0.,18.));
#3680 = SURFACE_CURVE('',#3681,(#3684,#3691),.PCURVE_S1.);
#3681 = B_SPLINE_CURVE_WITH_KNOTS('',1,(#3682,#3683),.UNSPECIFIED.,.F.,
  .F.,(2,2),(0.,18.),.PIECEWISE_BEZIER_KNOTS.);
#3682 = CARTESIAN_POINT('',(12.49999999995,0.,0.));
#3683 = CARTESIAN_POINT('',(12.49999999995,0.,18.));
#3684 = PCURVE('',#3562,#3685);
#3685 = DEFINITIONAL_REPRESENTATION('',(#3686),#3690);
#3686 = LINE('',#3687,#3688);
#3687 = CARTESIAN_POINT('',(3.14159265359,9.));
#3688 = VECTOR('',#3689,1.);
#3689 = DIRECTION('',(0.,-1.));
#3690 = ( GEOMETRIC_REPRESENTATION_CONTEXT(2) 
PARAMETRIC_REPRESENTATION_CONTEXT() REPRESENTATION_CONTEXT('2D SPACE',''
  ) );
#3691 = PCURVE('',#3593,#3692);
#3692 = DEFINITIONAL_REPRESENTATION('',(#3693),#3697);
#3693 = LINE('',#3694,#3695);
#3694 = CARTESIAN_POINT('',(3.14159265359,9.));
#3695 = VECTOR('',#3696,1.);
#3696 = DIRECTION('',(0.,-1.));
#3697 = ( GEOMETRIC_REPRESENTATION_CONTEXT(2) 
PARAMETRIC_REPRESENTATION_CONTEXT() REPRESENTATION_CONTEXT('2D SPACE',''
  ) );
#3698 = ORIENTED_EDGE('',*,*,#3699,.F.);
#3699 = EDGE_CURVE('',#3700,#3678,#3702,.T.);
#3700 = VERTEX_POINT('',#3701);
#3701 = CARTESIAN_POINT('',(-12.50000000005,0.,18.));
#3702 = SURFACE_CURVE('',#3703,(#3708,#3715),.PCURVE_S1.);
#3703 = CIRCLE('',#3704,12.5);
#3704 = AXIS2_PLACEMENT_3D('',#3705,#3706,#3707);
#3705 = CARTESIAN_POINT('',(-4.956781892065E-11,6.28036983472E-16,18.));
#3706 = DIRECTION('',(0.,0.,1.));
#3707 = DIRECTION('',(-1.,-5.024295867776E-17,0.));
#3708 = PCURVE('',#3562,#3709);
#3709 = DEFINITIONAL_REPRESENTATION('',(#3710),#3714);
#3710 = LINE('',#3711,#3712);
#3711 = CARTESIAN_POINT('',(6.28318530718,-9.));
#3712 = VECTOR('',#3713,1.);
#3713 = DIRECTION('',(-1.,0.));
#3714 = ( GEOMETRIC_REPRESENTATION_CONTEXT(2) 
PARAMETRIC_REPRESENTATION_CONTEXT() REPRESENTATION_CONTEXT('2D SPACE',''
  ) );
#3715 = PCURVE('',#3716,#3721);
#3716 = PLANE('',#3717);
#3717 = AXIS2_PLACEMENT_3D('',#3718,#3719,#3720);
#3718 = CARTESIAN_POINT('',(-12.75000000005,-12.75,18.));
#3719 = DIRECTION('',(0.,0.,1.));
#3720 = DIRECTION('',(1.,0.,-0.));
#3721 = DEFINITIONAL_REPRESENTATION('',(#3722),#3726);
#3722 = CIRCLE('',#3723,12.5);
#3723 = AXIS2_PLACEMENT_2D('',#3724,#3725);
#3724 = CARTESIAN_POINT('',(12.75,12.75));
#3725 = DIRECTION('',(-1.,-5.024295867776E-17));
#3726 = ( GEOMETRIC_REPRESENTATION_CONTEXT(2) 
PARAMETRIC_REPRESENTATION_CONTEXT() REPRESENTATION_CONTEXT('2D SPACE',''
  ) );
#3727 = ORIENTED_EDGE('',*,*,#3728,.F.);
#3728 = EDGE_CURVE('',#3535,#3700,#3729,.T.);
#3729 = SURFACE_CURVE('',#3730,(#3733,#3740),.PCURVE_S1.);
#3730 = B_SPLINE_CURVE_WITH_KNOTS('',1,(#3731,#3732),.UNSPECIFIED.,.F.,
  .F.,(2,2),(0.,18.),.PIECEWISE_BEZIER_KNOTS.);
#3731 = CARTESIAN_POINT('',(-12.50000000005,0.,0.));
#3732 = CARTESIAN_POINT('',(-12.50000000005,0.,18.));
#3733 = PCURVE('',#3562,#3734);
#3734 = DEFINITIONAL_REPRESENTATION('',(#3735),#3739);
#3735 = LINE('',#3736,#3737);
#3736 = CARTESIAN_POINT('',(6.28318530718,9.));
#3737 = VECTOR('',#3738,1.);
#3738 = DIRECTION('',(0.,-1.));
#3739 = ( GEOMETRIC_REPRESENTATION_CONTEXT(2) 
PARAMETRIC_REPRESENTATION_CONTEXT() REPRESENTATION_CONTEXT('2D SPACE',''
  ) );
#3740 = PCURVE('',#3593,#3741);
#3741 = DEFINITIONAL_REPRESENTATION('',(#3742),#3746);
#3742 = LINE('',#3743,#3744);
#3743 = CARTESIAN_POINT('',(0.,9.));
#3744 = VECTOR('',#3745,1.);
#3745 = DIRECTION('',(0.,-1.));
#3746 = ( GEOMETRIC_REPRESENTATION_CONTEXT(2) 
PARAMETRIC_REPRESENTATION_CONTEXT() REPRESENTATION_CONTEXT('2D SPACE',''
  ) );
#3747 = ADVANCED_FACE('',(#3748,#3773),#3716,.T.);
#3748 = FACE_BOUND('',#3749,.T.);
#3749 = EDGE_LOOP('',(#3750,#3772));
#3750 = ORIENTED_EDGE('',*,*,#3751,.T.);
#3751 = EDGE_CURVE('',#3678,#3700,#3752,.T.);
#3752 = SURFACE_CURVE('',#3753,(#3758,#3765),.PCURVE_S1.);
#3753 = CIRCLE('',#3754,12.5);
#3754 = AXIS2_PLACEMENT_3D('',#3755,#3756,#3757);
#3755 = CARTESIAN_POINT('',(-4.956781892065E-11,-6.280369834785E-16,18.)
  );
#3756 = DIRECTION('',(0.,0.,1.));
#3757 = DIRECTION('',(1.,5.024295867828E-17,-0.));
#3758 = PCURVE('',#3716,#3759);
#3759 = DEFINITIONAL_REPRESENTATION('',(#3760),#3764);
#3760 = CIRCLE('',#3761,12.5);
#3761 = AXIS2_PLACEMENT_2D('',#3762,#3763);
#3762 = CARTESIAN_POINT('',(12.75,12.75));
#3763 = DIRECTION('',(1.,5.024295867828E-17));
#3764 = ( GEOMETRIC_REPRESENTATION_CONTEXT(2) 
PARAMETRIC_REPRESENTATION_CONTEXT() REPRESENTATION_CONTEXT('2D SPACE',''
  ) );
#3765 = PCURVE('',#3593,#3766);
#3766 = DEFINITIONAL_REPRESENTATION('',(#3767),#3771);
#3767 = LINE('',#3768,#3769);
#3768 = CARTESIAN_POINT('',(3.14159265359,-9.));
#3769 = VECTOR('',#3770,1.);
#3770 = DIRECTION('',(-1.,0.));
#3771 = ( GEOMETRIC_REPRESENTATION_CONTEXT(2) 
PARAMETRIC_REPRESENTATION_CONTEXT() REPRESENTATION_CONTEXT('2D SPACE',''
  ) );
#3772 = ORIENTED_EDGE('',*,*,#3699,.T.);
#3773 = FACE_BOUND('',#3774,.T.);
#3774 = EDGE_LOOP('',(#3775,#3801));
#3775 = ORIENTED_EDGE('',*,*,#3776,.F.);
#3776 = EDGE_CURVE('',#3777,#3779,#3781,.T.);
#3777 = VERTEX_POINT('',#3778);
#3778 = CARTESIAN_POINT('',(-4.,0.,18.));
#3779 = VERTEX_POINT('',#3780);
#3780 = CARTESIAN_POINT('',(4.,0.,18.));
#3781 = SURFACE_CURVE('',#3782,(#3787,#3794),.PCURVE_S1.);
#3782 = CIRCLE('',#3783,4.);
#3783 = AXIS2_PLACEMENT_3D('',#3784,#3785,#3786);
#3784 = CARTESIAN_POINT('',(0.,0.,18.));
#3785 = DIRECTION('',(0.,0.,1.));
#3786 = DIRECTION('',(-1.,0.,0.));
#3787 = PCURVE('',#3716,#3788);
#3788 = DEFINITIONAL_REPRESENTATION('',(#3789),#3793);
#3789 = CIRCLE('',#3790,4.);
#3790 = AXIS2_PLACEMENT_2D('',#3791,#3792);
#3791 = CARTESIAN_POINT('',(12.75000000005,12.75));
#3792 = DIRECTION('',(-1.,0.));
#3793 = ( GEOMETRIC_REPRESENTATION_CONTEXT(2) 
PARAMETRIC_REPRESENTATION_CONTEXT() REPRESENTATION_CONTEXT('2D SPACE',''
  ) );
#3794 = PCURVE('',#3661,#3795);
#3795 = DEFINITIONAL_REPRESENTATION('',(#3796),#3800);
#3796 = LINE('',#3797,#3798);
#3797 = CARTESIAN_POINT('',(6.28318530718,-5.));
#3798 = VECTOR('',#3799,1.);
#3799 = DIRECTION('',(-1.,0.));
#3800 = ( GEOMETRIC_REPRESENTATION_CONTEXT(2) 
PARAMETRIC_REPRESENTATION_CONTEXT() REPRESENTATION_CONTEXT('2D SPACE',''
  ) );
#3801 = ORIENTED_EDGE('',*,*,#3802,.F.);
#3802 = EDGE_CURVE('',#3779,#3777,#3803,.T.);
#3803 = SURFACE_CURVE('',#3804,(#3809,#3816),.PCURVE_S1.);
#3804 = CIRCLE('',#3805,4.);
#3805 = AXIS2_PLACEMENT_3D('',#3806,#3807,#3808);
#3806 = CARTESIAN_POINT('',(0.,0.,18.));
#3807 = DIRECTION('',(0.,0.,1.));
#3808 = DIRECTION('',(1.,0.,-0.));
#3809 = PCURVE('',#3716,#3810);
#3810 = DEFINITIONAL_REPRESENTATION('',(#3811),#3815);
#3811 = CIRCLE('',#3812,4.);
#3812 = AXIS2_PLACEMENT_2D('',#3813,#3814);
#3813 = CARTESIAN_POINT('',(12.75000000005,12.75));
#3814 = DIRECTION('',(1.,0.));
#3815 = ( GEOMETRIC_REPRESENTATION_CONTEXT(2) 
PARAMETRIC_REPRESENTATION_CONTEXT() REPRESENTATION_CONTEXT('2D SPACE',''
  ) );
#3816 = PCURVE('',#3630,#3817);
#3817 = DEFINITIONAL_REPRESENTATION('',(#3818),#3822);
#3818 = LINE('',#3819,#3820);
#3819 = CARTESIAN_POINT('',(3.14159265359,-5.));
#3820 = VECTOR('',#3821,1.);
#3821 = DIRECTION('',(-1.,0.));
#3822 = ( GEOMETRIC_REPRESENTATION_CONTEXT(2) 
PARAMETRIC_REPRESENTATION_CONTEXT() REPRESENTATION_CONTEXT('2D SPACE',''
  ) );
#3823 = ADVANCED_FACE('',(#3824),#3661,.F.);
#3824 = FACE_BOUND('',#3825,.F.);
#3825 = EDGE_LOOP('',(#3826,#3827,#3847,#3848));
#3826 = ORIENTED_EDGE('',*,*,#3642,.T.);
#3827 = ORIENTED_EDGE('',*,*,#3828,.T.);
#3828 = EDGE_CURVE('',#3608,#3779,#3829,.T.);
#3829 = SURFACE_CURVE('',#3830,(#3833,#3840),.PCURVE_S1.);
#3830 = B_SPLINE_CURVE_WITH_KNOTS('',1,(#3831,#3832),.UNSPECIFIED.,.F.,
  .F.,(2,2),(0.,18.),.PIECEWISE_BEZIER_KNOTS.);
#3831 = CARTESIAN_POINT('',(4.,0.,0.));
#3832 = CARTESIAN_POINT('',(4.,0.,18.));
#3833 = PCURVE('',#3661,#3834);
#3834 = DEFINITIONAL_REPRESENTATION('',(#3835),#3839);
#3835 = LINE('',#3836,#3837);
#3836 = CARTESIAN_POINT('',(3.14159265359,13.));
#3837 = VECTOR('',#3838,1.);
#3838 = DIRECTION('',(0.,-1.));
#3839 = ( GEOMETRIC_REPRESENTATION_CONTEXT(2) 
PARAMETRIC_REPRESENTATION_CONTEXT() REPRESENTATION_CONTEXT('2D SPACE',''
  ) );
#3840 = PCURVE('',#3630,#3841);
#3841 = DEFINITIONAL_REPRESENTATION('',(#3842),#3846);
#3842 = LINE('',#3843,#3844);
#3843 = CARTESIAN_POINT('',(3.14159265359,13.));
#3844 = VECTOR('',#3845,1.);
#3845 = DIRECTION('',(0.,-1.));
#3846 = ( GEOMETRIC_REPRESENTATION_CONTEXT(2) 
PARAMETRIC_REPRESENTATION_CONTEXT() REPRESENTATION_CONTEXT('2D SPACE',''
  ) );
#3847 = ORIENTED_EDGE('',*,*,#3776,.F.);
#3848 = ORIENTED_EDGE('',*,*,#3849,.F.);
#3849 = EDGE_CURVE('',#3610,#3777,#3850,.T.);
#3850 = SURFACE_CURVE('',#3851,(#3854,#3861),.PCURVE_S1.);
#3851 = B_SPLINE_CURVE_WITH_KNOTS('',1,(#3852,#3853),.UNSPECIFIED.,.F.,
  .F.,(2,2),(0.,18.),.PIECEWISE_BEZIER_KNOTS.);
#3852 = CARTESIAN_POINT('',(-4.,0.,0.));
#3853 = CARTESIAN_POINT('',(-4.,0.,18.));
#3854 = PCURVE('',#3661,#3855);
#3855 = DEFINITIONAL_REPRESENTATION('',(#3856),#3860);
#3856 = LINE('',#3857,#3858);
#3857 = CARTESIAN_POINT('',(6.28318530718,13.));
#3858 = VECTOR('',#3859,1.);
#3859 = DIRECTION('',(0.,-1.));
#3860 = ( GEOMETRIC_REPRESENTATION_CONTEXT(2) 
PARAMETRIC_REPRESENTATION_CONTEXT() REPRESENTATION_CONTEXT('2D SPACE',''
  ) );
#3861 = PCURVE('',#3630,#3862);
#3862 = DEFINITIONAL_REPRESENTATION('',(#3863),#3867);
#3863 = LINE('',#3864,#3865);
#3864 = CARTESIAN_POINT('',(0.,13.));
#3865 = VECTOR('',#3866,1.);
#3866 = DIRECTION('',(0.,-1.));
#3867 = ( GEOMETRIC_REPRESENTATION_CONTEXT(2) 
PARAMETRIC_REPRESENTATION_CONTEXT() REPRESENTATION_CONTEXT('2D SPACE',''
  ) );
#3868 = ADVANCED_FACE('',(#3869),#3593,.T.);
#3869 = FACE_BOUND('',#3870,.T.);
#3870 = EDGE_LOOP('',(#3871,#3872,#3873,#3874));
#3871 = ORIENTED_EDGE('',*,*,#3728,.T.);
#3872 = ORIENTED_EDGE('',*,*,#3751,.F.);
#3873 = ORIENTED_EDGE('',*,*,#3677,.F.);
#3874 = ORIENTED_EDGE('',*,*,#3574,.T.);
#3875 = ADVANCED_FACE('',(#3876),#3630,.F.);
#3876 = FACE_BOUND('',#3877,.F.);
#3877 = EDGE_LOOP('',(#3878,#3879,#3880,#3881));
#3878 = ORIENTED_EDGE('',*,*,#3849,.T.);
#3879 = ORIENTED_EDGE('',*,*,#3802,.F.);
#3880 = ORIENTED_EDGE('',*,*,#3828,.F.);
#3881 = ORIENTED_EDGE('',*,*,#3607,.T.);
#3882 = MANIFOLD_SOLID_BREP('',#3883);
#3883 = CLOSED_SHELL('',(#3884,#4206,#4285,#4531,#4576,#4621,#4666,#4711
    ,#4718,#4725,#4732,#4739));
#3884 = ADVANCED_FACE('',(#3885,#3950,#4018,#4086,#4146),#3900,.T.);
#3885 = FACE_BOUND('',#3886,.T.);
#3886 = EDGE_LOOP('',(#3887,#3923));
#3887 = ORIENTED_EDGE('',*,*,#3888,.T.);
#3888 = EDGE_CURVE('',#3889,#3891,#3893,.T.);
#3889 = VERTEX_POINT('',#3890);
#3890 = CARTESIAN_POINT('',(19.5,0.,0.));
#3891 = VERTEX_POINT('',#3892);
#3892 = CARTESIAN_POINT('',(-19.5,0.,0.));
#3893 = SURFACE_CURVE('',#3894,(#3899,#3911),.PCURVE_S1.);
#3894 = CIRCLE('',#3895,19.5);
#3895 = AXIS2_PLACEMENT_3D('',#3896,#3897,#3898);
#3896 = CARTESIAN_POINT('',(0.,0.,0.));
#3897 = DIRECTION('',(0.,0.,1.));
#3898 = DIRECTION('',(1.,0.,-0.));
#3899 = PCURVE('',#3900,#3905);
#3900 = PLANE('',#3901);
#3901 = AXIS2_PLACEMENT_3D('',#3902,#3903,#3904);
#3902 = CARTESIAN_POINT('',(-19.89,-19.89,0.));
#3903 = DIRECTION('',(0.,0.,1.));
#3904 = DIRECTION('',(1.,0.,-0.));
#3905 = DEFINITIONAL_REPRESENTATION('',(#3906),#3910);
#3906 = CIRCLE('',#3907,19.5);
#3907 = AXIS2_PLACEMENT_2D('',#3908,#3909);
#3908 = CARTESIAN_POINT('',(19.89,19.89));
#3909 = DIRECTION('',(1.,0.));
#3910 = ( GEOMETRIC_REPRESENTATION_CONTEXT(2) 
PARAMETRIC_REPRESENTATION_CONTEXT() REPRESENTATION_CONTEXT('2D SPACE',''
  ) );
#3911 = PCURVE('',#3912,#3917);
#3912 = CYLINDRICAL_SURFACE('',#3913,19.5);
#3913 = AXIS2_PLACEMENT_3D('',#3914,#3915,#3916);
#3914 = CARTESIAN_POINT('',(0.,0.,-2.5));
#3915 = DIRECTION('',(0.,0.,-1.));
#3916 = DIRECTION('',(-1.,0.,-0.));
#3917 = DEFINITIONAL_REPRESENTATION('',(#3918),#3922);
#3918 = LINE('',#3919,#3920);
#3919 = CARTESIAN_POINT('',(3.14159265359,-2.5));
#3920 = VECTOR('',#3921,1.);
#3921 = DIRECTION('',(-1.,0.));
#3922 = ( GEOMETRIC_REPRESENTATION_CONTEXT(2) 
PARAMETRIC_REPRESENTATION_CONTEXT() REPRESENTATION_CONTEXT('2D SPACE',''
  ) );
#3923 = ORIENTED_EDGE('',*,*,#3924,.T.);
#3924 = EDGE_CURVE('',#3891,#3889,#3925,.T.);
#3925 = SURFACE_CURVE('',#3926,(#3931,#3938),.PCURVE_S1.);
#3926 = CIRCLE('',#3927,19.5);
#3927 = AXIS2_PLACEMENT_3D('',#3928,#3929,#3930);
#3928 = CARTESIAN_POINT('',(0.,0.,0.));
#3929 = DIRECTION('',(0.,0.,1.));
#3930 = DIRECTION('',(-1.,0.,0.));
#3931 = PCURVE('',#3900,#3932);
#3932 = DEFINITIONAL_REPRESENTATION('',(#3933),#3937);
#3933 = CIRCLE('',#3934,19.5);
#3934 = AXIS2_PLACEMENT_2D('',#3935,#3936);
#3935 = CARTESIAN_POINT('',(19.89,19.89));
#3936 = DIRECTION('',(-1.,0.));
#3937 = ( GEOMETRIC_REPRESENTATION_CONTEXT(2) 
PARAMETRIC_REPRESENTATION_CONTEXT() REPRESENTATION_CONTEXT('2D SPACE',''
  ) );
#3938 = PCURVE('',#3939,#3944);
#3939 = CYLINDRICAL_SURFACE('',#3940,19.5);
#3940 = AXIS2_PLACEMENT_3D('',#3941,#3942,#3943);
#3941 = CARTESIAN_POINT('',(0.,0.,-2.5));
#3942 = DIRECTION('',(0.,0.,-1.));
#3943 = DIRECTION('',(-1.,0.,-0.));
#3944 = DEFINITIONAL_REPRESENTATION('',(#3945),#3949);
#3945 = LINE('',#3946,#3947);
#3946 = CARTESIAN_POINT('',(6.28318530718,-2.5));
#3947 = VECTOR('',#3948,1.);
#3948 = DIRECTION('',(-1.,0.));
#3949 = ( GEOMETRIC_REPRESENTATION_CONTEXT(2) 
PARAMETRIC_REPRESENTATION_CONTEXT() REPRESENTATION_CONTEXT('2D SPACE',''
  ) );
#3950 = FACE_BOUND('',#3951,.T.);
#3951 = EDGE_LOOP('',(#3952,#3987));
#3952 = ORIENTED_EDGE('',*,*,#3953,.T.);
#3953 = EDGE_CURVE('',#3954,#3956,#3958,.T.);
#3954 = VERTEX_POINT('',#3955);
#3955 = CARTESIAN_POINT('',(17.75,0.,0.));
#3956 = VERTEX_POINT('',#3957);
#3957 = CARTESIAN_POINT('',(14.25,0.,0.));
#3958 = SURFACE_CURVE('',#3959,(#3964,#3975),.PCURVE_S1.);
#3959 = CIRCLE('',#3960,1.75);
#3960 = AXIS2_PLACEMENT_3D('',#3961,#3962,#3963);
#3961 = CARTESIAN_POINT('',(16.,0.,0.));
#3962 = DIRECTION('',(0.,0.,-1.));
#3963 = DIRECTION('',(1.,0.,0.));
#3964 = PCURVE('',#3900,#3965);
#3965 = DEFINITIONAL_REPRESENTATION('',(#3966),#3974);
#3966 = ( BOUNDED_CURVE() B_SPLINE_CURVE(2,(#3967,#3968,#3969,#3970,
#3971,#3972,#3973),.UNSPECIFIED.,.T.,.F.) B_SPLINE_CURVE_WITH_KNOTS((1,2
    ,2,2,2,1),(-2.094395102393,0.,2.094395102393,4.188790204786,
6.28318530718,8.377580409573),.UNSPECIFIED.) CURVE() 
GEOMETRIC_REPRESENTATION_ITEM() RATIONAL_B_SPLINE_CURVE((1.,0.5,1.,0.5,
1.,0.5,1.)) REPRESENTATION_ITEM('') );
#3967 = CARTESIAN_POINT('',(37.64,19.89));
#3968 = CARTESIAN_POINT('',(37.64,16.858911086754));
#3969 = CARTESIAN_POINT('',(35.015,18.374455543377));
#3970 = CARTESIAN_POINT('',(32.39,19.89));
#3971 = CARTESIAN_POINT('',(35.015,21.405544456623));
#3972 = CARTESIAN_POINT('',(37.64,22.921088913246));
#3973 = CARTESIAN_POINT('',(37.64,19.89));
#3974 = ( GEOMETRIC_REPRESENTATION_CONTEXT(2) 
PARAMETRIC_REPRESENTATION_CONTEXT() REPRESENTATION_CONTEXT('2D SPACE',''
  ) );
#3975 = PCURVE('',#3976,#3981);
#3976 = CYLINDRICAL_SURFACE('',#3977,1.75);
#3977 = AXIS2_PLACEMENT_3D('',#3978,#3979,#3980);
#3978 = CARTESIAN_POINT('',(16.,0.,-6.5));
#3979 = DIRECTION('',(0.,0.,-1.));
#3980 = DIRECTION('',(-1.,0.,-0.));
#3981 = DEFINITIONAL_REPRESENTATION('',(#3982),#3986);
#3982 = LINE('',#3983,#3984);
#3983 = CARTESIAN_POINT('',(3.14159265359,-6.5));
#3984 = VECTOR('',#3985,1.);
#3985 = DIRECTION('',(1.,0.));
#3986 = ( GEOMETRIC_REPRESENTATION_CONTEXT(2) 
PARAMETRIC_REPRESENTATION_CONTEXT() REPRESENTATION_CONTEXT('2D SPACE',''
  ) );
#3987 = ORIENTED_EDGE('',*,*,#3988,.T.);
#3988 = EDGE_CURVE('',#3956,#3954,#3989,.T.);
#3989 = SURFACE_CURVE('',#3990,(#3995,#4006),.PCURVE_S1.);
#3990 = CIRCLE('',#3991,1.75);
#3991 = AXIS2_PLACEMENT_3D('',#3992,#3993,#3994);
#3992 = CARTESIAN_POINT('',(16.,0.,0.));
#3993 = DIRECTION('',(0.,0.,-1.));
#3994 = DIRECTION('',(-1.,0.,0.));
#3995 = PCURVE('',#3900,#3996);
#3996 = DEFINITIONAL_REPRESENTATION('',(#3997),#4005);
#3997 = ( BOUNDED_CURVE() B_SPLINE_CURVE(2,(#3998,#3999,#4000,#4001,
#4002,#4003,#4004),.UNSPECIFIED.,.T.,.F.) B_SPLINE_CURVE_WITH_KNOTS((1,2
    ,2,2,2,1),(-2.094395102393,0.,2.094395102393,4.188790204786,
6.28318530718,8.377580409573),.UNSPECIFIED.) CURVE() 
GEOMETRIC_REPRESENTATION_ITEM() RATIONAL_B_SPLINE_CURVE((1.,0.5,1.,0.5,
1.,0.5,1.)) REPRESENTATION_ITEM('') );
#3998 = CARTESIAN_POINT('',(34.14,19.89));
#3999 = CARTESIAN_POINT('',(34.14,22.921088913246));
#4000 = CARTESIAN_POINT('',(36.765,21.405544456623));
#4001 = CARTESIAN_POINT('',(39.39,19.89));
#4002 = CARTESIAN_POINT('',(36.765,18.374455543377));
#4003 = CARTESIAN_POINT('',(34.14,16.858911086754));
#4004 = CARTESIAN_POINT('',(34.14,19.89));
#4005 = ( GEOMETRIC_REPRESENTATION_CONTEXT(2) 
PARAMETRIC_REPRESENTATION_CONTEXT() REPRESENTATION_CONTEXT('2D SPACE',''
  ) );
#4006 = PCURVE('',#4007,#4012);
#4007 = CYLINDRICAL_SURFACE('',#4008,1.75);
#4008 = AXIS2_PLACEMENT_3D('',#4009,#4010,#4011);
#4009 = CARTESIAN_POINT('',(16.,0.,-6.5));
#4010 = DIRECTION('',(0.,0.,-1.));
#4011 = DIRECTION('',(-1.,0.,-0.));
#4012 = DEFINITIONAL_REPRESENTATION('',(#4013),#4017);
#4013 = LINE('',#4014,#4015);
#4014 = CARTESIAN_POINT('',(0.,-6.5));
#4015 = VECTOR('',#4016,1.);
#4016 = DIRECTION('',(1.,0.));
#4017 = ( GEOMETRIC_REPRESENTATION_CONTEXT(2) 
PARAMETRIC_REPRESENTATION_CONTEXT() REPRESENTATION_CONTEXT('2D SPACE',''
  ) );
#4018 = FACE_BOUND('',#4019,.T.);
#4019 = EDGE_LOOP('',(#4020,#4055));
#4020 = ORIENTED_EDGE('',*,*,#4021,.T.);
#4021 = EDGE_CURVE('',#4022,#4024,#4026,.T.);
#4022 = VERTEX_POINT('',#4023);
#4023 = CARTESIAN_POINT('',(1.591615728103E-12,17.750000000051,0.));
#4024 = VERTEX_POINT('',#4025);
#4025 = CARTESIAN_POINT('',(1.591615728103E-12,14.250000000051,0.));
#4026 = SURFACE_CURVE('',#4027,(#4032,#4043),.PCURVE_S1.);
#4027 = CIRCLE('',#4028,1.75);
#4028 = AXIS2_PLACEMENT_3D('',#4029,#4030,#4031);
#4029 = CARTESIAN_POINT('',(1.587677494221E-12,16.000000000051,0.));
#4030 = DIRECTION('',(0.,0.,-1.));
#4031 = DIRECTION('',(2.250419360907E-15,1.,0.));
#4032 = PCURVE('',#3900,#4033);
#4033 = DEFINITIONAL_REPRESENTATION('',(#4034),#4042);
#4034 = ( BOUNDED_CURVE() B_SPLINE_CURVE(2,(#4035,#4036,#4037,#4038,
#4039,#4040,#4041),.UNSPECIFIED.,.T.,.F.) B_SPLINE_CURVE_WITH_KNOTS((1,2
    ,2,2,2,1),(-2.094395102393,0.,2.094395102393,4.188790204786,
6.28318530718,8.377580409573),.UNSPECIFIED.) CURVE() 
GEOMETRIC_REPRESENTATION_ITEM() RATIONAL_B_SPLINE_CURVE((1.,0.5,1.,0.5,
1.,0.5,1.)) REPRESENTATION_ITEM('') );
#4035 = CARTESIAN_POINT('',(19.890000000002,37.640000000051));
#4036 = CARTESIAN_POINT('',(22.921088913247,37.640000000051));
#4037 = CARTESIAN_POINT('',(21.405544456624,35.015000000051));
#4038 = CARTESIAN_POINT('',(19.890000000002,32.390000000051));
#4039 = CARTESIAN_POINT('',(18.374455543379,35.015000000051));
#4040 = CARTESIAN_POINT('',(16.858911086756,37.640000000051));
#4041 = CARTESIAN_POINT('',(19.890000000002,37.640000000051));
#4042 = ( GEOMETRIC_REPRESENTATION_CONTEXT(2) 
PARAMETRIC_REPRESENTATION_CONTEXT() REPRESENTATION_CONTEXT('2D SPACE',''
  ) );
#4043 = PCURVE('',#4044,#4049);
#4044 = CYLINDRICAL_SURFACE('',#4045,1.75);
#4045 = AXIS2_PLACEMENT_3D('',#4046,#4047,#4048);
#4046 = CARTESIAN_POINT('',(1.587677494221E-12,16.000000000051,-6.5));
#4047 = DIRECTION('',(0.,0.,-1.));
#4048 = DIRECTION('',(-1.,0.,-0.));
#4049 = DEFINITIONAL_REPRESENTATION('',(#4050),#4054);
#4050 = LINE('',#4051,#4052);
#4051 = CARTESIAN_POINT('',(1.570796326795,-6.5));
#4052 = VECTOR('',#4053,1.);
#4053 = DIRECTION('',(1.,0.));
#4054 = ( GEOMETRIC_REPRESENTATION_CONTEXT(2) 
PARAMETRIC_REPRESENTATION_CONTEXT() REPRESENTATION_CONTEXT('2D SPACE',''
  ) );
#4055 = ORIENTED_EDGE('',*,*,#4056,.T.);
#4056 = EDGE_CURVE('',#4024,#4022,#4057,.T.);
#4057 = SURFACE_CURVE('',#4058,(#4063,#4074),.PCURVE_S1.);
#4058 = CIRCLE('',#4059,1.75);
#4059 = AXIS2_PLACEMENT_3D('',#4060,#4061,#4062);
#4060 = CARTESIAN_POINT('',(1.595213938023E-12,16.000000000051,0.));
#4061 = DIRECTION('',(0.,0.,-1.));
#4062 = DIRECTION('',(-2.05611995434E-15,-1.,-0.));
#4063 = PCURVE('',#3900,#4064);
#4064 = DEFINITIONAL_REPRESENTATION('',(#4065),#4073);
#4065 = ( BOUNDED_CURVE() B_SPLINE_CURVE(2,(#4066,#4067,#4068,#4069,
#4070,#4071,#4072),.UNSPECIFIED.,.T.,.F.) B_SPLINE_CURVE_WITH_KNOTS((1,2
    ,2,2,2,1),(-2.094395102393,0.,2.094395102393,4.188790204786,
6.28318530718,8.377580409573),.UNSPECIFIED.) CURVE() 
GEOMETRIC_REPRESENTATION_ITEM() RATIONAL_B_SPLINE_CURVE((1.,0.5,1.,0.5,
1.,0.5,1.)) REPRESENTATION_ITEM('') );
#4066 = CARTESIAN_POINT('',(19.890000000002,34.140000000051));
#4067 = CARTESIAN_POINT('',(16.858911086756,34.140000000051));
#4068 = CARTESIAN_POINT('',(18.374455543379,36.765000000051));
#4069 = CARTESIAN_POINT('',(19.890000000002,39.390000000051));
#4070 = CARTESIAN_POINT('',(21.405544456624,36.765000000051));
#4071 = CARTESIAN_POINT('',(22.921088913247,34.140000000051));
#4072 = CARTESIAN_POINT('',(19.890000000002,34.140000000051));
#4073 = ( GEOMETRIC_REPRESENTATION_CONTEXT(2) 
PARAMETRIC_REPRESENTATION_CONTEXT() REPRESENTATION_CONTEXT('2D SPACE',''
  ) );
#4074 = PCURVE('',#4075,#4080);
#4075 = CYLINDRICAL_SURFACE('',#4076,1.75);
#4076 = AXIS2_PLACEMENT_3D('',#4077,#4078,#4079);
#4077 = CARTESIAN_POINT('',(1.595213938023E-12,16.000000000051,-6.5));
#4078 = DIRECTION('',(0.,0.,-1.));
#4079 = DIRECTION('',(-1.,0.,-0.));
#4080 = DEFINITIONAL_REPRESENTATION('',(#4081),#4085);
#4081 = LINE('',#4082,#4083);
#4082 = CARTESIAN_POINT('',(-1.570796326795,-6.5));
#4083 = VECTOR('',#4084,1.);
#4084 = DIRECTION('',(1.,0.));
#4085 = ( GEOMETRIC_REPRESENTATION_CONTEXT(2) 
PARAMETRIC_REPRESENTATION_CONTEXT() REPRESENTATION_CONTEXT('2D SPACE',''
  ) );
#4086 = FACE_BOUND('',#4087,.T.);
#4087 = EDGE_LOOP('',(#4088,#4119));
#4088 = ORIENTED_EDGE('',*,*,#4089,.F.);
#4089 = EDGE_CURVE('',#4090,#4092,#4094,.T.);
#4090 = VERTEX_POINT('',#4091);
#4091 = CARTESIAN_POINT('',(-14.25,4.654054919229E-11,
    -3.552713678801E-15));
#4092 = VERTEX_POINT('',#4093);
#4093 = CARTESIAN_POINT('',(-17.75,5.843503458891E-11,
    -7.105427357601E-15));
#4094 = SURFACE_CURVE('',#4095,(#4100,#4107),.PCURVE_S1.);
#4095 = CIRCLE('',#4096,1.75);
#4096 = AXIS2_PLACEMENT_3D('',#4097,#4098,#4099);
#4097 = CARTESIAN_POINT('',(-16.,5.263700586511E-11,-3.552713678801E-15)
  );
#4098 = DIRECTION('',(0.,0.,1.));
#4099 = DIRECTION('',(1.,-3.483689527327E-12,0.));
#4100 = PCURVE('',#3900,#4101);
#4101 = DEFINITIONAL_REPRESENTATION('',(#4102),#4106);
#4102 = CIRCLE('',#4103,1.75);
#4103 = AXIS2_PLACEMENT_2D('',#4104,#4105);
#4104 = CARTESIAN_POINT('',(3.89,19.890000000053));
#4105 = DIRECTION('',(1.,-3.483689527327E-12));
#4106 = ( GEOMETRIC_REPRESENTATION_CONTEXT(2) 
PARAMETRIC_REPRESENTATION_CONTEXT() REPRESENTATION_CONTEXT('2D SPACE',''
  ) );
#4107 = PCURVE('',#4108,#4113);
#4108 = CYLINDRICAL_SURFACE('',#4109,1.75);
#4109 = AXIS2_PLACEMENT_3D('',#4110,#4111,#4112);
#4110 = CARTESIAN_POINT('',(-16.,5.229594535194E-11,-6.5));
#4111 = DIRECTION('',(0.,0.,1.));
#4112 = DIRECTION('',(1.,0.,-0.));
#4113 = DEFINITIONAL_REPRESENTATION('',(#4114),#4118);
#4114 = LINE('',#4115,#4116);
#4115 = CARTESIAN_POINT('',(0.,6.5));
#4116 = VECTOR('',#4117,1.);
#4117 = DIRECTION('',(1.,0.));
#4118 = ( GEOMETRIC_REPRESENTATION_CONTEXT(2) 
PARAMETRIC_REPRESENTATION_CONTEXT() REPRESENTATION_CONTEXT('2D SPACE',''
  ) );
#4119 = ORIENTED_EDGE('',*,*,#4120,.F.);
#4120 = EDGE_CURVE('',#4092,#4090,#4121,.T.);
#4121 = SURFACE_CURVE('',#4122,(#4127,#4134),.PCURVE_S1.);
#4122 = CIRCLE('',#4123,1.75);
#4123 = AXIS2_PLACEMENT_3D('',#4124,#4125,#4126);
#4124 = CARTESIAN_POINT('',(-16.,5.263703565906E-11,-3.552713678801E-15)
  );
#4125 = DIRECTION('',(0.,0.,1.));
#4126 = DIRECTION('',(-1.,3.288780780401E-12,0.));
#4127 = PCURVE('',#3900,#4128);
#4128 = DEFINITIONAL_REPRESENTATION('',(#4129),#4133);
#4129 = CIRCLE('',#4130,1.75);
#4130 = AXIS2_PLACEMENT_2D('',#4131,#4132);
#4131 = CARTESIAN_POINT('',(3.89,19.890000000053));
#4132 = DIRECTION('',(-1.,3.288780780401E-12));
#4133 = ( GEOMETRIC_REPRESENTATION_CONTEXT(2) 
PARAMETRIC_REPRESENTATION_CONTEXT() REPRESENTATION_CONTEXT('2D SPACE',''
  ) );
#4134 = PCURVE('',#4135,#4140);
#4135 = CYLINDRICAL_SURFACE('',#4136,1.75);
#4136 = AXIS2_PLACEMENT_3D('',#4137,#4138,#4139);
#4137 = CARTESIAN_POINT('',(-16.,5.229594535194E-11,-6.5));
#4138 = DIRECTION('',(0.,0.,1.));
#4139 = DIRECTION('',(1.,0.,-0.));
#4140 = DEFINITIONAL_REPRESENTATION('',(#4141),#4145);
#4141 = LINE('',#4142,#4143);
#4142 = CARTESIAN_POINT('',(3.141592653586,6.5));
#4143 = VECTOR('',#4144,1.);
#4144 = DIRECTION('',(1.,0.));
#4145 = ( GEOMETRIC_REPRESENTATION_CONTEXT(2) 
PARAMETRIC_REPRESENTATION_CONTEXT() REPRESENTATION_CONTEXT('2D SPACE',''
  ) );
#4146 = FACE_BOUND('',#4147,.T.);
#4147 = EDGE_LOOP('',(#4148,#4179));
#4148 = ORIENTED_EDGE('',*,*,#4149,.F.);
#4149 = EDGE_CURVE('',#4150,#4152,#4154,.T.);
#4150 = VERTEX_POINT('',#4151);
#4151 = CARTESIAN_POINT('',(-4.547473508865E-11,-14.24999999994,
    3.552713678801E-15));
#4152 = VERTEX_POINT('',#4153);
#4153 = CARTESIAN_POINT('',(-5.684341886081E-11,-17.74999999994,
    7.105427357601E-15));
#4154 = SURFACE_CURVE('',#4155,(#4160,#4167),.PCURVE_S1.);
#4155 = CIRCLE('',#4156,1.75);
#4156 = AXIS2_PLACEMENT_3D('',#4157,#4158,#4159);
#4157 = CARTESIAN_POINT('',(-5.104558994293E-11,-15.99999999994,
    3.552713678801E-15));
#4158 = DIRECTION('',(0.,0.,1.));
#4159 = DIRECTION('',(3.183345631017E-12,1.,-0.));
#4160 = PCURVE('',#3900,#4161);
#4161 = DEFINITIONAL_REPRESENTATION('',(#4162),#4166);
#4162 = CIRCLE('',#4163,1.75);
#4163 = AXIS2_PLACEMENT_2D('',#4164,#4165);
#4164 = CARTESIAN_POINT('',(19.889999999949,3.890000000051));
#4165 = DIRECTION('',(3.183345631017E-12,1.));
#4166 = ( GEOMETRIC_REPRESENTATION_CONTEXT(2) 
PARAMETRIC_REPRESENTATION_CONTEXT() REPRESENTATION_CONTEXT('2D SPACE',''
  ) );
#4167 = PCURVE('',#4168,#4173);
#4168 = CYLINDRICAL_SURFACE('',#4169,1.75);
#4169 = AXIS2_PLACEMENT_3D('',#4170,#4171,#4172);
#4170 = CARTESIAN_POINT('',(-5.127276381245E-11,-15.99999999994,-6.5));
#4171 = DIRECTION('',(0.,0.,1.));
#4172 = DIRECTION('',(1.,0.,-0.));
#4173 = DEFINITIONAL_REPRESENTATION('',(#4174),#4178);
#4174 = LINE('',#4175,#4176);
#4175 = CARTESIAN_POINT('',(1.570796326792,6.5));
#4176 = VECTOR('',#4177,1.);
#4177 = DIRECTION('',(1.,0.));
#4178 = ( GEOMETRIC_REPRESENTATION_CONTEXT(2) 
PARAMETRIC_REPRESENTATION_CONTEXT() REPRESENTATION_CONTEXT('2D SPACE',''
  ) );
#4179 = ORIENTED_EDGE('',*,*,#4180,.F.);
#4180 = EDGE_CURVE('',#4152,#4150,#4181,.T.);
#4181 = SURFACE_CURVE('',#4182,(#4187,#4194),.PCURVE_S1.);
#4182 = CIRCLE('',#4183,1.75);
#4183 = AXIS2_PLACEMENT_3D('',#4184,#4185,#4186);
#4184 = CARTESIAN_POINT('',(-5.104716649384E-11,-15.99999999994,
    3.552713678801E-15));
#4185 = DIRECTION('',(0.,0.,1.));
#4186 = DIRECTION('',(-3.312144209693E-12,-1.,0.));
#4187 = PCURVE('',#3900,#4188);
#4188 = DEFINITIONAL_REPRESENTATION('',(#4189),#4193);
#4189 = CIRCLE('',#4190,1.75);
#4190 = AXIS2_PLACEMENT_2D('',#4191,#4192);
#4191 = CARTESIAN_POINT('',(19.889999999949,3.890000000051));
#4192 = DIRECTION('',(-3.312144209693E-12,-1.));
#4193 = ( GEOMETRIC_REPRESENTATION_CONTEXT(2) 
PARAMETRIC_REPRESENTATION_CONTEXT() REPRESENTATION_CONTEXT('2D SPACE',''
  ) );
#4194 = PCURVE('',#4195,#4200);
#4195 = CYLINDRICAL_SURFACE('',#4196,1.75);
#4196 = AXIS2_PLACEMENT_3D('',#4197,#4198,#4199);
#4197 = CARTESIAN_POINT('',(-5.127276381245E-11,-15.99999999994,-6.5));
#4198 = DIRECTION('',(0.,0.,1.));
#4199 = DIRECTION('',(1.,0.,-0.));
#4200 = DEFINITIONAL_REPRESENTATION('',(#4201),#4205);
#4201 = LINE('',#4202,#4203);
#4202 = CARTESIAN_POINT('',(4.712388980382,6.5));
#4203 = VECTOR('',#4204,1.);
#4204 = DIRECTION('',(1.,0.));
#4205 = ( GEOMETRIC_REPRESENTATION_CONTEXT(2) 
PARAMETRIC_REPRESENTATION_CONTEXT() REPRESENTATION_CONTEXT('2D SPACE',''
  ) );
#4206 = ADVANCED_FACE('',(#4207),#3939,.T.);
#4207 = FACE_BOUND('',#4208,.T.);
#4208 = EDGE_LOOP('',(#4209,#4231,#4264,#4284));
#4209 = ORIENTED_EDGE('',*,*,#4210,.T.);
#4210 = EDGE_CURVE('',#3891,#4211,#4213,.T.);
#4211 = VERTEX_POINT('',#4212);
#4212 = CARTESIAN_POINT('',(-19.5,0.,-5.));
#4213 = SURFACE_CURVE('',#4214,(#4217,#4224),.PCURVE_S1.);
#4214 = B_SPLINE_CURVE_WITH_KNOTS('',1,(#4215,#4216),.UNSPECIFIED.,.F.,
  .F.,(2,2),(0.,5.),.PIECEWISE_BEZIER_KNOTS.);
#4215 = CARTESIAN_POINT('',(-19.5,0.,0.));
#4216 = CARTESIAN_POINT('',(-19.5,0.,-5.));
#4217 = PCURVE('',#3939,#4218);
#4218 = DEFINITIONAL_REPRESENTATION('',(#4219),#4223);
#4219 = LINE('',#4220,#4221);
#4220 = CARTESIAN_POINT('',(6.28318530718,-2.5));
#4221 = VECTOR('',#4222,1.);
#4222 = DIRECTION('',(0.,1.));
#4223 = ( GEOMETRIC_REPRESENTATION_CONTEXT(2) 
PARAMETRIC_REPRESENTATION_CONTEXT() REPRESENTATION_CONTEXT('2D SPACE',''
  ) );
#4224 = PCURVE('',#3912,#4225);
#4225 = DEFINITIONAL_REPRESENTATION('',(#4226),#4230);
#4226 = LINE('',#4227,#4228);
#4227 = CARTESIAN_POINT('',(0.,-2.5));
#4228 = VECTOR('',#4229,1.);
#4229 = DIRECTION('',(0.,1.));
#4230 = ( GEOMETRIC_REPRESENTATION_CONTEXT(2) 
PARAMETRIC_REPRESENTATION_CONTEXT() REPRESENTATION_CONTEXT('2D SPACE',''
  ) );
#4231 = ORIENTED_EDGE('',*,*,#4232,.T.);
#4232 = EDGE_CURVE('',#4211,#4233,#4235,.T.);
#4233 = VERTEX_POINT('',#4234);
#4234 = CARTESIAN_POINT('',(19.5,0.,-5.));
#4235 = SURFACE_CURVE('',#4236,(#4241,#4248),.PCURVE_S1.);
#4236 = CIRCLE('',#4237,19.5);
#4237 = AXIS2_PLACEMENT_3D('',#4238,#4239,#4240);
#4238 = CARTESIAN_POINT('',(0.,0.,-5.));
#4239 = DIRECTION('',(0.,0.,1.));
#4240 = DIRECTION('',(-1.,0.,0.));
#4241 = PCURVE('',#3939,#4242);
#4242 = DEFINITIONAL_REPRESENTATION('',(#4243),#4247);
#4243 = LINE('',#4244,#4245);
#4244 = CARTESIAN_POINT('',(6.28318530718,2.5));
#4245 = VECTOR('',#4246,1.);
#4246 = DIRECTION('',(-1.,0.));
#4247 = ( GEOMETRIC_REPRESENTATION_CONTEXT(2) 
PARAMETRIC_REPRESENTATION_CONTEXT() REPRESENTATION_CONTEXT('2D SPACE',''
  ) );
#4248 = PCURVE('',#4249,#4254);
#4249 = PLANE('',#4250);
#4250 = AXIS2_PLACEMENT_3D('',#4251,#4252,#4253);
#4251 = CARTESIAN_POINT('',(-19.89,-19.89,-5.));
#4252 = DIRECTION('',(0.,0.,-1.));
#4253 = DIRECTION('',(-1.,0.,-0.));
#4254 = DEFINITIONAL_REPRESENTATION('',(#4255),#4263);
#4255 = ( BOUNDED_CURVE() B_SPLINE_CURVE(2,(#4256,#4257,#4258,#4259,
#4260,#4261,#4262),.UNSPECIFIED.,.T.,.F.) B_SPLINE_CURVE_WITH_KNOTS((1,2
    ,2,2,2,1),(-2.094395102393,0.,2.094395102393,4.188790204786,
6.28318530718,8.377580409573),.UNSPECIFIED.) CURVE() 
GEOMETRIC_REPRESENTATION_ITEM() RATIONAL_B_SPLINE_CURVE((1.,0.5,1.,0.5,
1.,0.5,1.)) REPRESENTATION_ITEM('') );
#4256 = CARTESIAN_POINT('',(-0.39,19.89));
#4257 = CARTESIAN_POINT('',(-0.39,-13.88499074759));
#4258 = CARTESIAN_POINT('',(-29.64,3.002504626203));
#4259 = CARTESIAN_POINT('',(-58.89,19.89));
#4260 = CARTESIAN_POINT('',(-29.64,36.777495373797));
#4261 = CARTESIAN_POINT('',(-0.39,53.664990747593));
#4262 = CARTESIAN_POINT('',(-0.39,19.89));
#4263 = ( GEOMETRIC_REPRESENTATION_CONTEXT(2) 
PARAMETRIC_REPRESENTATION_CONTEXT() REPRESENTATION_CONTEXT('2D SPACE',''
  ) );
#4264 = ORIENTED_EDGE('',*,*,#4265,.F.);
#4265 = EDGE_CURVE('',#3889,#4233,#4266,.T.);
#4266 = SURFACE_CURVE('',#4267,(#4270,#4277),.PCURVE_S1.);
#4267 = B_SPLINE_CURVE_WITH_KNOTS('',1,(#4268,#4269),.UNSPECIFIED.,.F.,
  .F.,(2,2),(0.,5.),.PIECEWISE_BEZIER_KNOTS.);
#4268 = CARTESIAN_POINT('',(19.5,0.,0.));
#4269 = CARTESIAN_POINT('',(19.5,0.,-5.));
#4270 = PCURVE('',#3939,#4271);
#4271 = DEFINITIONAL_REPRESENTATION('',(#4272),#4276);
#4272 = LINE('',#4273,#4274);
#4273 = CARTESIAN_POINT('',(3.14159265359,-2.5));
#4274 = VECTOR('',#4275,1.);
#4275 = DIRECTION('',(0.,1.));
#4276 = ( GEOMETRIC_REPRESENTATION_CONTEXT(2) 
PARAMETRIC_REPRESENTATION_CONTEXT() REPRESENTATION_CONTEXT('2D SPACE',''
  ) );
#4277 = PCURVE('',#3912,#4278);
#4278 = DEFINITIONAL_REPRESENTATION('',(#4279),#4283);
#4279 = LINE('',#4280,#4281);
#4280 = CARTESIAN_POINT('',(3.14159265359,-2.5));
#4281 = VECTOR('',#4282,1.);
#4282 = DIRECTION('',(0.,1.));
#4283 = ( GEOMETRIC_REPRESENTATION_CONTEXT(2) 
PARAMETRIC_REPRESENTATION_CONTEXT() REPRESENTATION_CONTEXT('2D SPACE',''
  ) );
#4284 = ORIENTED_EDGE('',*,*,#3924,.F.);
#4285 = ADVANCED_FACE('',(#4286,#4315,#4365,#4415,#4473),#4249,.T.);
#4286 = FACE_BOUND('',#4287,.T.);
#4287 = EDGE_LOOP('',(#4288,#4289));
#4288 = ORIENTED_EDGE('',*,*,#4232,.F.);
#4289 = ORIENTED_EDGE('',*,*,#4290,.F.);
#4290 = EDGE_CURVE('',#4233,#4211,#4291,.T.);
#4291 = SURFACE_CURVE('',#4292,(#4297,#4308),.PCURVE_S1.);
#4292 = CIRCLE('',#4293,19.5);
#4293 = AXIS2_PLACEMENT_3D('',#4294,#4295,#4296);
#4294 = CARTESIAN_POINT('',(0.,0.,-5.));
#4295 = DIRECTION('',(0.,0.,1.));
#4296 = DIRECTION('',(1.,0.,-0.));
#4297 = PCURVE('',#4249,#4298);
#4298 = DEFINITIONAL_REPRESENTATION('',(#4299),#4307);
#4299 = ( BOUNDED_CURVE() B_SPLINE_CURVE(2,(#4300,#4301,#4302,#4303,
#4304,#4305,#4306),.UNSPECIFIED.,.T.,.F.) B_SPLINE_CURVE_WITH_KNOTS((1,2
    ,2,2,2,1),(-2.094395102393,0.,2.094395102393,4.188790204786,
6.28318530718,8.377580409573),.UNSPECIFIED.) CURVE() 
GEOMETRIC_REPRESENTATION_ITEM() RATIONAL_B_SPLINE_CURVE((1.,0.5,1.,0.5,
1.,0.5,1.)) REPRESENTATION_ITEM('') );
#4300 = CARTESIAN_POINT('',(-39.39,19.89));
#4301 = CARTESIAN_POINT('',(-39.39,53.664990747593));
#4302 = CARTESIAN_POINT('',(-10.14,36.777495373797));
#4303 = CARTESIAN_POINT('',(19.11,19.89));
#4304 = CARTESIAN_POINT('',(-10.14,3.002504626203));
#4305 = CARTESIAN_POINT('',(-39.39,-13.88499074759));
#4306 = CARTESIAN_POINT('',(-39.39,19.89));
#4307 = ( GEOMETRIC_REPRESENTATION_CONTEXT(2) 
PARAMETRIC_REPRESENTATION_CONTEXT() REPRESENTATION_CONTEXT('2D SPACE',''
  ) );
#4308 = PCURVE('',#3912,#4309);
#4309 = DEFINITIONAL_REPRESENTATION('',(#4310),#4314);
#4310 = LINE('',#4311,#4312);
#4311 = CARTESIAN_POINT('',(3.14159265359,2.5));
#4312 = VECTOR('',#4313,1.);
#4313 = DIRECTION('',(-1.,0.));
#4314 = ( GEOMETRIC_REPRESENTATION_CONTEXT(2) 
PARAMETRIC_REPRESENTATION_CONTEXT() REPRESENTATION_CONTEXT('2D SPACE',''
  ) );
#4315 = FACE_BOUND('',#4316,.T.);
#4316 = EDGE_LOOP('',(#4317,#4343));
#4317 = ORIENTED_EDGE('',*,*,#4318,.F.);
#4318 = EDGE_CURVE('',#4319,#4321,#4323,.T.);
#4319 = VERTEX_POINT('',#4320);
#4320 = CARTESIAN_POINT('',(14.25,0.,-5.));
#4321 = VERTEX_POINT('',#4322);
#4322 = CARTESIAN_POINT('',(17.75,0.,-5.));
#4323 = SURFACE_CURVE('',#4324,(#4329,#4336),.PCURVE_S1.);
#4324 = CIRCLE('',#4325,1.75);
#4325 = AXIS2_PLACEMENT_3D('',#4326,#4327,#4328);
#4326 = CARTESIAN_POINT('',(16.,0.,-5.));
#4327 = DIRECTION('',(0.,0.,-1.));
#4328 = DIRECTION('',(-1.,0.,0.));
#4329 = PCURVE('',#4249,#4330);
#4330 = DEFINITIONAL_REPRESENTATION('',(#4331),#4335);
#4331 = CIRCLE('',#4332,1.75);
#4332 = AXIS2_PLACEMENT_2D('',#4333,#4334);
#4333 = CARTESIAN_POINT('',(-35.89,19.89));
#4334 = DIRECTION('',(1.,0.));
#4335 = ( GEOMETRIC_REPRESENTATION_CONTEXT(2) 
PARAMETRIC_REPRESENTATION_CONTEXT() REPRESENTATION_CONTEXT('2D SPACE',''
  ) );
#4336 = PCURVE('',#4007,#4337);
#4337 = DEFINITIONAL_REPRESENTATION('',(#4338),#4342);
#4338 = LINE('',#4339,#4340);
#4339 = CARTESIAN_POINT('',(0.,-1.5));
#4340 = VECTOR('',#4341,1.);
#4341 = DIRECTION('',(1.,0.));
#4342 = ( GEOMETRIC_REPRESENTATION_CONTEXT(2) 
PARAMETRIC_REPRESENTATION_CONTEXT() REPRESENTATION_CONTEXT('2D SPACE',''
  ) );
#4343 = ORIENTED_EDGE('',*,*,#4344,.F.);
#4344 = EDGE_CURVE('',#4321,#4319,#4345,.T.);
#4345 = SURFACE_CURVE('',#4346,(#4351,#4358),.PCURVE_S1.);
#4346 = CIRCLE('',#4347,1.75);
#4347 = AXIS2_PLACEMENT_3D('',#4348,#4349,#4350);
#4348 = CARTESIAN_POINT('',(16.,0.,-5.));
#4349 = DIRECTION('',(0.,0.,-1.));
#4350 = DIRECTION('',(1.,0.,0.));
#4351 = PCURVE('',#4249,#4352);
#4352 = DEFINITIONAL_REPRESENTATION('',(#4353),#4357);
#4353 = CIRCLE('',#4354,1.75);
#4354 = AXIS2_PLACEMENT_2D('',#4355,#4356);
#4355 = CARTESIAN_POINT('',(-35.89,19.89));
#4356 = DIRECTION('',(-1.,0.));
#4357 = ( GEOMETRIC_REPRESENTATION_CONTEXT(2) 
PARAMETRIC_REPRESENTATION_CONTEXT() REPRESENTATION_CONTEXT('2D SPACE',''
  ) );
#4358 = PCURVE('',#3976,#4359);
#4359 = DEFINITIONAL_REPRESENTATION('',(#4360),#4364);
#4360 = LINE('',#4361,#4362);
#4361 = CARTESIAN_POINT('',(3.14159265359,-1.5));
#4362 = VECTOR('',#4363,1.);
#4363 = DIRECTION('',(1.,0.));
#4364 = ( GEOMETRIC_REPRESENTATION_CONTEXT(2) 
PARAMETRIC_REPRESENTATION_CONTEXT() REPRESENTATION_CONTEXT('2D SPACE',''
  ) );
#4365 = FACE_BOUND('',#4366,.T.);
#4366 = EDGE_LOOP('',(#4367,#4393));
#4367 = ORIENTED_EDGE('',*,*,#4368,.F.);
#4368 = EDGE_CURVE('',#4369,#4371,#4373,.T.);
#4369 = VERTEX_POINT('',#4370);
#4370 = CARTESIAN_POINT('',(1.591615728103E-12,14.250000000051,-5.));
#4371 = VERTEX_POINT('',#4372);
#4372 = CARTESIAN_POINT('',(1.477928890381E-12,17.750000000051,-5.));
#4373 = SURFACE_CURVE('',#4374,(#4379,#4386),.PCURVE_S1.);
#4374 = CIRCLE('',#4375,1.75);
#4375 = AXIS2_PLACEMENT_3D('',#4376,#4377,#4378);
#4376 = CARTESIAN_POINT('',(1.595213938023E-12,16.000000000051,-5.));
#4377 = DIRECTION('',(0.,0.,-1.));
#4378 = DIRECTION('',(-2.05611995434E-15,-1.,-0.));
#4379 = PCURVE('',#4249,#4380);
#4380 = DEFINITIONAL_REPRESENTATION('',(#4381),#4385);
#4381 = CIRCLE('',#4382,1.75);
#4382 = AXIS2_PLACEMENT_2D('',#4383,#4384);
#4383 = CARTESIAN_POINT('',(-19.89,35.890000000051));
#4384 = DIRECTION('',(2.05611995434E-15,-1.));
#4385 = ( GEOMETRIC_REPRESENTATION_CONTEXT(2) 
PARAMETRIC_REPRESENTATION_CONTEXT() REPRESENTATION_CONTEXT('2D SPACE',''
  ) );
#4386 = PCURVE('',#4075,#4387);
#4387 = DEFINITIONAL_REPRESENTATION('',(#4388),#4392);
#4388 = LINE('',#4389,#4390);
#4389 = CARTESIAN_POINT('',(-1.570796326795,-1.5));
#4390 = VECTOR('',#4391,1.);
#4391 = DIRECTION('',(1.,0.));
#4392 = ( GEOMETRIC_REPRESENTATION_CONTEXT(2) 
PARAMETRIC_REPRESENTATION_CONTEXT() REPRESENTATION_CONTEXT('2D SPACE',''
  ) );
#4393 = ORIENTED_EDGE('',*,*,#4394,.F.);
#4394 = EDGE_CURVE('',#4371,#4369,#4395,.T.);
#4395 = SURFACE_CURVE('',#4396,(#4401,#4408),.PCURVE_S1.);
#4396 = CIRCLE('',#4397,1.75);
#4397 = AXIS2_PLACEMENT_3D('',#4398,#4399,#4400);
#4398 = CARTESIAN_POINT('',(1.587677494221E-12,16.000000000051,-5.));
#4399 = DIRECTION('',(0.,0.,-1.));
#4400 = DIRECTION('',(2.250419360907E-15,1.,0.));
#4401 = PCURVE('',#4249,#4402);
#4402 = DEFINITIONAL_REPRESENTATION('',(#4403),#4407);
#4403 = CIRCLE('',#4404,1.75);
#4404 = AXIS2_PLACEMENT_2D('',#4405,#4406);
#4405 = CARTESIAN_POINT('',(-19.89,35.890000000051));
#4406 = DIRECTION('',(-2.250419360907E-15,1.));
#4407 = ( GEOMETRIC_REPRESENTATION_CONTEXT(2) 
PARAMETRIC_REPRESENTATION_CONTEXT() REPRESENTATION_CONTEXT('2D SPACE',''
  ) );
#4408 = PCURVE('',#4044,#4409);
#4409 = DEFINITIONAL_REPRESENTATION('',(#4410),#4414);
#4410 = LINE('',#4411,#4412);
#4411 = CARTESIAN_POINT('',(1.570796326795,-1.5));
#4412 = VECTOR('',#4413,1.);
#4413 = DIRECTION('',(1.,0.));
#4414 = ( GEOMETRIC_REPRESENTATION_CONTEXT(2) 
PARAMETRIC_REPRESENTATION_CONTEXT() REPRESENTATION_CONTEXT('2D SPACE',''
  ) );
#4415 = FACE_BOUND('',#4416,.T.);
#4416 = EDGE_LOOP('',(#4417,#4447));
#4417 = ORIENTED_EDGE('',*,*,#4418,.T.);
#4418 = EDGE_CURVE('',#4419,#4421,#4423,.T.);
#4419 = VERTEX_POINT('',#4420);
#4420 = CARTESIAN_POINT('',(-17.75,5.843503458891E-11,-5.));
#4421 = VERTEX_POINT('',#4422);
#4422 = CARTESIAN_POINT('',(-14.25,4.654054919229E-11,-5.));
#4423 = SURFACE_CURVE('',#4424,(#4429,#4440),.PCURVE_S1.);
#4424 = CIRCLE('',#4425,1.75);
#4425 = AXIS2_PLACEMENT_3D('',#4426,#4427,#4428);
#4426 = CARTESIAN_POINT('',(-16.,5.263703565906E-11,-5.));
#4427 = DIRECTION('',(0.,0.,1.));
#4428 = DIRECTION('',(-1.,3.288780780401E-12,0.));
#4429 = PCURVE('',#4249,#4430);
#4430 = DEFINITIONAL_REPRESENTATION('',(#4431),#4439);
#4431 = ( BOUNDED_CURVE() B_SPLINE_CURVE(2,(#4432,#4433,#4434,#4435,
#4436,#4437,#4438),.UNSPECIFIED.,.T.,.F.) B_SPLINE_CURVE_WITH_KNOTS((1,2
    ,2,2,2,1),(-2.094395102393,0.,2.094395102393,4.188790204786,
6.28318530718,8.377580409573),.UNSPECIFIED.) CURVE() 
GEOMETRIC_REPRESENTATION_ITEM() RATIONAL_B_SPLINE_CURVE((1.,0.5,1.,0.5,
1.,0.5,1.)) REPRESENTATION_ITEM('') );
#4432 = CARTESIAN_POINT('',(-2.14,19.890000000058));
#4433 = CARTESIAN_POINT('',(-2.13999999999,16.858911086813));
#4434 = CARTESIAN_POINT('',(-4.764999999995,18.374455543427));
#4435 = CARTESIAN_POINT('',(-7.39,19.890000000041));
#4436 = CARTESIAN_POINT('',(-4.765000000005,21.405544456673));
#4437 = CARTESIAN_POINT('',(-2.14000000001,22.921088913304));
#4438 = CARTESIAN_POINT('',(-2.14,19.890000000058));
#4439 = ( GEOMETRIC_REPRESENTATION_CONTEXT(2) 
PARAMETRIC_REPRESENTATION_CONTEXT() REPRESENTATION_CONTEXT('2D SPACE',''
  ) );
#4440 = PCURVE('',#4135,#4441);
#4441 = DEFINITIONAL_REPRESENTATION('',(#4442),#4446);
#4442 = LINE('',#4443,#4444);
#4443 = CARTESIAN_POINT('',(3.141592653586,1.5));
#4444 = VECTOR('',#4445,1.);
#4445 = DIRECTION('',(1.,0.));
#4446 = ( GEOMETRIC_REPRESENTATION_CONTEXT(2) 
PARAMETRIC_REPRESENTATION_CONTEXT() REPRESENTATION_CONTEXT('2D SPACE',''
  ) );
#4447 = ORIENTED_EDGE('',*,*,#4448,.T.);
#4448 = EDGE_CURVE('',#4421,#4419,#4449,.T.);
#4449 = SURFACE_CURVE('',#4450,(#4455,#4466),.PCURVE_S1.);
#4450 = CIRCLE('',#4451,1.75);
#4451 = AXIS2_PLACEMENT_3D('',#4452,#4453,#4454);
#4452 = CARTESIAN_POINT('',(-16.,5.263700586511E-11,-5.));
#4453 = DIRECTION('',(0.,0.,1.));
#4454 = DIRECTION('',(1.,-3.483689527327E-12,0.));
#4455 = PCURVE('',#4249,#4456);
#4456 = DEFINITIONAL_REPRESENTATION('',(#4457),#4465);
#4457 = ( BOUNDED_CURVE() B_SPLINE_CURVE(2,(#4458,#4459,#4460,#4461,
#4462,#4463,#4464),.UNSPECIFIED.,.T.,.F.) B_SPLINE_CURVE_WITH_KNOTS((1,2
    ,2,2,2,1),(-2.094395102393,0.,2.094395102393,4.188790204786,
6.28318530718,8.377580409573),.UNSPECIFIED.) CURVE() 
GEOMETRIC_REPRESENTATION_ITEM() RATIONAL_B_SPLINE_CURVE((1.,0.5,1.,0.5,
1.,0.5,1.)) REPRESENTATION_ITEM('') );
#4458 = CARTESIAN_POINT('',(-5.64,19.890000000047));
#4459 = CARTESIAN_POINT('',(-5.640000000011,22.921088913292));
#4460 = CARTESIAN_POINT('',(-3.015000000005,21.405544456678));
#4461 = CARTESIAN_POINT('',(-0.39,19.890000000065));
#4462 = CARTESIAN_POINT('',(-3.014999999995,18.374455543433));
#4463 = CARTESIAN_POINT('',(-5.639999999989,16.858911086801));
#4464 = CARTESIAN_POINT('',(-5.64,19.890000000047));
#4465 = ( GEOMETRIC_REPRESENTATION_CONTEXT(2) 
PARAMETRIC_REPRESENTATION_CONTEXT() REPRESENTATION_CONTEXT('2D SPACE',''
  ) );
#4466 = PCURVE('',#4108,#4467);
#4467 = DEFINITIONAL_REPRESENTATION('',(#4468),#4472);
#4468 = LINE('',#4469,#4470);
#4469 = CARTESIAN_POINT('',(0.,1.5));
#4470 = VECTOR('',#4471,1.);
#4471 = DIRECTION('',(1.,0.));
#4472 = ( GEOMETRIC_REPRESENTATION_CONTEXT(2) 
PARAMETRIC_REPRESENTATION_CONTEXT() REPRESENTATION_CONTEXT('2D SPACE',''
  ) );
#4473 = FACE_BOUND('',#4474,.T.);
#4474 = EDGE_LOOP('',(#4475,#4505));
#4475 = ORIENTED_EDGE('',*,*,#4476,.T.);
#4476 = EDGE_CURVE('',#4477,#4479,#4481,.T.);
#4477 = VERTEX_POINT('',#4478);
#4478 = CARTESIAN_POINT('',(-5.684341886081E-11,-17.74999999994,-5.));
#4479 = VERTEX_POINT('',#4480);
#4480 = CARTESIAN_POINT('',(-4.547473508865E-11,-14.24999999994,-5.));
#4481 = SURFACE_CURVE('',#4482,(#4487,#4498),.PCURVE_S1.);
#4482 = CIRCLE('',#4483,1.75);
#4483 = AXIS2_PLACEMENT_3D('',#4484,#4485,#4486);
#4484 = CARTESIAN_POINT('',(-5.104716649384E-11,-15.99999999994,-5.));
#4485 = DIRECTION('',(0.,0.,1.));
#4486 = DIRECTION('',(-3.312144209693E-12,-1.,0.));
#4487 = PCURVE('',#4249,#4488);
#4488 = DEFINITIONAL_REPRESENTATION('',(#4489),#4497);
#4489 = ( BOUNDED_CURVE() B_SPLINE_CURVE(2,(#4490,#4491,#4492,#4493,
#4494,#4495,#4496),.UNSPECIFIED.,.T.,.F.) B_SPLINE_CURVE_WITH_KNOTS((1,2
    ,2,2,2,1),(-2.094395102393,0.,2.094395102393,4.188790204786,
6.28318530718,8.377580409573),.UNSPECIFIED.) CURVE() 
GEOMETRIC_REPRESENTATION_ITEM() RATIONAL_B_SPLINE_CURVE((1.,0.5,1.,0.5,
1.,0.5,1.)) REPRESENTATION_ITEM('') );
#4490 = CARTESIAN_POINT('',(-19.88999999994,2.140000000051));
#4491 = CARTESIAN_POINT('',(-22.92108891318,2.140000000041));
#4492 = CARTESIAN_POINT('',(-21.40554445657,4.765000000046));
#4493 = CARTESIAN_POINT('',(-19.88999999996,7.390000000051));
#4494 = CARTESIAN_POINT('',(-18.37445554332,4.765000000056));
#4495 = CARTESIAN_POINT('',(-16.85891108669,2.140000000061));
#4496 = CARTESIAN_POINT('',(-19.88999999994,2.140000000051));
#4497 = ( GEOMETRIC_REPRESENTATION_CONTEXT(2) 
PARAMETRIC_REPRESENTATION_CONTEXT() REPRESENTATION_CONTEXT('2D SPACE',''
  ) );
#4498 = PCURVE('',#4195,#4499);
#4499 = DEFINITIONAL_REPRESENTATION('',(#4500),#4504);
#4500 = LINE('',#4501,#4502);
#4501 = CARTESIAN_POINT('',(4.712388980382,1.5));
#4502 = VECTOR('',#4503,1.);
#4503 = DIRECTION('',(1.,0.));
#4504 = ( GEOMETRIC_REPRESENTATION_CONTEXT(2) 
PARAMETRIC_REPRESENTATION_CONTEXT() REPRESENTATION_CONTEXT('2D SPACE',''
  ) );
#4505 = ORIENTED_EDGE('',*,*,#4506,.T.);
#4506 = EDGE_CURVE('',#4479,#4477,#4507,.T.);
#4507 = SURFACE_CURVE('',#4508,(#4513,#4524),.PCURVE_S1.);
#4508 = CIRCLE('',#4509,1.75);
#4509 = AXIS2_PLACEMENT_3D('',#4510,#4511,#4512);
#4510 = CARTESIAN_POINT('',(-5.104558994293E-11,-15.99999999994,-5.));
#4511 = DIRECTION('',(0.,0.,1.));
#4512 = DIRECTION('',(3.183345631017E-12,1.,-0.));
#4513 = PCURVE('',#4249,#4514);
#4514 = DEFINITIONAL_REPRESENTATION('',(#4515),#4523);
#4515 = ( BOUNDED_CURVE() B_SPLINE_CURVE(2,(#4516,#4517,#4518,#4519,
#4520,#4521,#4522),.UNSPECIFIED.,.T.,.F.) B_SPLINE_CURVE_WITH_KNOTS((1,2
    ,2,2,2,1),(-2.094395102393,0.,2.094395102393,4.188790204786,
6.28318530718,8.377580409573),.UNSPECIFIED.) CURVE() 
GEOMETRIC_REPRESENTATION_ITEM() RATIONAL_B_SPLINE_CURVE((1.,0.5,1.,0.5,
1.,0.5,1.)) REPRESENTATION_ITEM('') );
#4516 = CARTESIAN_POINT('',(-19.88999999995,5.640000000051));
#4517 = CARTESIAN_POINT('',(-16.8589110867,5.640000000061));
#4518 = CARTESIAN_POINT('',(-18.37445554332,3.015000000056));
#4519 = CARTESIAN_POINT('',(-19.88999999993,0.390000000051));
#4520 = CARTESIAN_POINT('',(-21.40554445656,3.015000000046));
#4521 = CARTESIAN_POINT('',(-22.9210889132,5.640000000042));
#4522 = CARTESIAN_POINT('',(-19.88999999995,5.640000000051));
#4523 = ( GEOMETRIC_REPRESENTATION_CONTEXT(2) 
PARAMETRIC_REPRESENTATION_CONTEXT() REPRESENTATION_CONTEXT('2D SPACE',''
  ) );
#4524 = PCURVE('',#4168,#4525);
#4525 = DEFINITIONAL_REPRESENTATION('',(#4526),#4530);
#4526 = LINE('',#4527,#4528);
#4527 = CARTESIAN_POINT('',(1.570796326792,1.5));
#4528 = VECTOR('',#4529,1.);
#4529 = DIRECTION('',(1.,0.));
#4530 = ( GEOMETRIC_REPRESENTATION_CONTEXT(2) 
PARAMETRIC_REPRESENTATION_CONTEXT() REPRESENTATION_CONTEXT('2D SPACE',''
  ) );
#4531 = ADVANCED_FACE('',(#4532),#3976,.F.);
#4532 = FACE_BOUND('',#4533,.F.);
#4533 = EDGE_LOOP('',(#4534,#4554,#4555,#4575));
#4534 = ORIENTED_EDGE('',*,*,#4535,.T.);
#4535 = EDGE_CURVE('',#3956,#4319,#4536,.T.);
#4536 = SURFACE_CURVE('',#4537,(#4540,#4547),.PCURVE_S1.);
#4537 = B_SPLINE_CURVE_WITH_KNOTS('',1,(#4538,#4539),.UNSPECIFIED.,.F.,
  .F.,(2,2),(4.,9.),.PIECEWISE_BEZIER_KNOTS.);
#4538 = CARTESIAN_POINT('',(14.25,0.,0.));
#4539 = CARTESIAN_POINT('',(14.25,0.,-5.));
#4540 = PCURVE('',#3976,#4541);
#4541 = DEFINITIONAL_REPRESENTATION('',(#4542),#4546);
#4542 = LINE('',#4543,#4544);
#4543 = CARTESIAN_POINT('',(6.28318530718,-10.5));
#4544 = VECTOR('',#4545,1.);
#4545 = DIRECTION('',(0.,1.));
#4546 = ( GEOMETRIC_REPRESENTATION_CONTEXT(2) 
PARAMETRIC_REPRESENTATION_CONTEXT() REPRESENTATION_CONTEXT('2D SPACE',''
  ) );
#4547 = PCURVE('',#4007,#4548);
#4548 = DEFINITIONAL_REPRESENTATION('',(#4549),#4553);
#4549 = LINE('',#4550,#4551);
#4550 = CARTESIAN_POINT('',(0.,-10.5));
#4551 = VECTOR('',#4552,1.);
#4552 = DIRECTION('',(0.,1.));
#4553 = ( GEOMETRIC_REPRESENTATION_CONTEXT(2) 
PARAMETRIC_REPRESENTATION_CONTEXT() REPRESENTATION_CONTEXT('2D SPACE',''
  ) );
#4554 = ORIENTED_EDGE('',*,*,#4344,.F.);
#4555 = ORIENTED_EDGE('',*,*,#4556,.F.);
#4556 = EDGE_CURVE('',#3954,#4321,#4557,.T.);
#4557 = SURFACE_CURVE('',#4558,(#4561,#4568),.PCURVE_S1.);
#4558 = B_SPLINE_CURVE_WITH_KNOTS('',1,(#4559,#4560),.UNSPECIFIED.,.F.,
  .F.,(2,2),(4.,9.),.PIECEWISE_BEZIER_KNOTS.);
#4559 = CARTESIAN_POINT('',(17.75,0.,0.));
#4560 = CARTESIAN_POINT('',(17.75,0.,-5.));
#4561 = PCURVE('',#3976,#4562);
#4562 = DEFINITIONAL_REPRESENTATION('',(#4563),#4567);
#4563 = LINE('',#4564,#4565);
#4564 = CARTESIAN_POINT('',(3.14159265359,-10.5));
#4565 = VECTOR('',#4566,1.);
#4566 = DIRECTION('',(0.,1.));
#4567 = ( GEOMETRIC_REPRESENTATION_CONTEXT(2) 
PARAMETRIC_REPRESENTATION_CONTEXT() REPRESENTATION_CONTEXT('2D SPACE',''
  ) );
#4568 = PCURVE('',#4007,#4569);
#4569 = DEFINITIONAL_REPRESENTATION('',(#4570),#4574);
#4570 = LINE('',#4571,#4572);
#4571 = CARTESIAN_POINT('',(3.14159265359,-10.5));
#4572 = VECTOR('',#4573,1.);
#4573 = DIRECTION('',(0.,1.));
#4574 = ( GEOMETRIC_REPRESENTATION_CONTEXT(2) 
PARAMETRIC_REPRESENTATION_CONTEXT() REPRESENTATION_CONTEXT('2D SPACE',''
  ) );
#4575 = ORIENTED_EDGE('',*,*,#3953,.T.);
#4576 = ADVANCED_FACE('',(#4577),#4044,.F.);
#4577 = FACE_BOUND('',#4578,.F.);
#4578 = EDGE_LOOP('',(#4579,#4599,#4600,#4620));
#4579 = ORIENTED_EDGE('',*,*,#4580,.T.);
#4580 = EDGE_CURVE('',#4024,#4369,#4581,.T.);
#4581 = SURFACE_CURVE('',#4582,(#4585,#4592),.PCURVE_S1.);
#4582 = B_SPLINE_CURVE_WITH_KNOTS('',1,(#4583,#4584),.UNSPECIFIED.,.F.,
  .F.,(2,2),(4.,9.),.PIECEWISE_BEZIER_KNOTS.);
#4583 = CARTESIAN_POINT('',(1.591615728103E-12,14.250000000051,0.));
#4584 = CARTESIAN_POINT('',(1.591615728103E-12,14.250000000051,-5.));
#4585 = PCURVE('',#4044,#4586);
#4586 = DEFINITIONAL_REPRESENTATION('',(#4587),#4591);
#4587 = LINE('',#4588,#4589);
#4588 = CARTESIAN_POINT('',(4.712388980385,-10.5));
#4589 = VECTOR('',#4590,1.);
#4590 = DIRECTION('',(0.,1.));
#4591 = ( GEOMETRIC_REPRESENTATION_CONTEXT(2) 
PARAMETRIC_REPRESENTATION_CONTEXT() REPRESENTATION_CONTEXT('2D SPACE',''
  ) );
#4592 = PCURVE('',#4075,#4593);
#4593 = DEFINITIONAL_REPRESENTATION('',(#4594),#4598);
#4594 = LINE('',#4595,#4596);
#4595 = CARTESIAN_POINT('',(-1.570796326795,-10.5));
#4596 = VECTOR('',#4597,1.);
#4597 = DIRECTION('',(0.,1.));
#4598 = ( GEOMETRIC_REPRESENTATION_CONTEXT(2) 
PARAMETRIC_REPRESENTATION_CONTEXT() REPRESENTATION_CONTEXT('2D SPACE',''
  ) );
#4599 = ORIENTED_EDGE('',*,*,#4394,.F.);
#4600 = ORIENTED_EDGE('',*,*,#4601,.F.);
#4601 = EDGE_CURVE('',#4022,#4371,#4602,.T.);
#4602 = SURFACE_CURVE('',#4603,(#4606,#4613),.PCURVE_S1.);
#4603 = B_SPLINE_CURVE_WITH_KNOTS('',1,(#4604,#4605),.UNSPECIFIED.,.F.,
  .F.,(2,2),(4.,9.),.PIECEWISE_BEZIER_KNOTS.);
#4604 = CARTESIAN_POINT('',(1.591615728103E-12,17.750000000051,0.));
#4605 = CARTESIAN_POINT('',(1.477928890381E-12,17.750000000051,-5.));
#4606 = PCURVE('',#4044,#4607);
#4607 = DEFINITIONAL_REPRESENTATION('',(#4608),#4612);
#4608 = LINE('',#4609,#4610);
#4609 = CARTESIAN_POINT('',(1.570796326795,-10.5));
#4610 = VECTOR('',#4611,1.);
#4611 = DIRECTION('',(-1.296740492762E-14,1.));
#4612 = ( GEOMETRIC_REPRESENTATION_CONTEXT(2) 
PARAMETRIC_REPRESENTATION_CONTEXT() REPRESENTATION_CONTEXT('2D SPACE',''
  ) );
#4613 = PCURVE('',#4075,#4614);
#4614 = DEFINITIONAL_REPRESENTATION('',(#4615),#4619);
#4615 = LINE('',#4616,#4617);
#4616 = CARTESIAN_POINT('',(1.570796326795,-10.5));
#4617 = VECTOR('',#4618,1.);
#4618 = DIRECTION('',(-1.314504061156E-14,1.));
#4619 = ( GEOMETRIC_REPRESENTATION_CONTEXT(2) 
PARAMETRIC_REPRESENTATION_CONTEXT() REPRESENTATION_CONTEXT('2D SPACE',''
  ) );
#4620 = ORIENTED_EDGE('',*,*,#4021,.T.);
#4621 = ADVANCED_FACE('',(#4622),#4135,.F.);
#4622 = FACE_BOUND('',#4623,.F.);
#4623 = EDGE_LOOP('',(#4624,#4625,#4645,#4646));
#4624 = ORIENTED_EDGE('',*,*,#4120,.F.);
#4625 = ORIENTED_EDGE('',*,*,#4626,.T.);
#4626 = EDGE_CURVE('',#4092,#4419,#4627,.T.);
#4627 = SURFACE_CURVE('',#4628,(#4631,#4638),.PCURVE_S1.);
#4628 = B_SPLINE_CURVE_WITH_KNOTS('',1,(#4629,#4630),.UNSPECIFIED.,.F.,
  .F.,(2,2),(4.,9.),.PIECEWISE_BEZIER_KNOTS.);
#4629 = CARTESIAN_POINT('',(-17.75,5.843503458891E-11,
    -7.105427357601E-15));
#4630 = CARTESIAN_POINT('',(-17.75,5.843503458891E-11,-5.));
#4631 = PCURVE('',#4135,#4632);
#4632 = DEFINITIONAL_REPRESENTATION('',(#4633),#4637);
#4633 = LINE('',#4634,#4635);
#4634 = CARTESIAN_POINT('',(3.141592653586,10.5));
#4635 = VECTOR('',#4636,1.);
#4636 = DIRECTION('',(0.,-1.));
#4637 = ( GEOMETRIC_REPRESENTATION_CONTEXT(2) 
PARAMETRIC_REPRESENTATION_CONTEXT() REPRESENTATION_CONTEXT('2D SPACE',''
  ) );
#4638 = PCURVE('',#4108,#4639);
#4639 = DEFINITIONAL_REPRESENTATION('',(#4640),#4644);
#4640 = LINE('',#4641,#4642);
#4641 = CARTESIAN_POINT('',(3.141592653586,10.5));
#4642 = VECTOR('',#4643,1.);
#4643 = DIRECTION('',(0.,-1.));
#4644 = ( GEOMETRIC_REPRESENTATION_CONTEXT(2) 
PARAMETRIC_REPRESENTATION_CONTEXT() REPRESENTATION_CONTEXT('2D SPACE',''
  ) );
#4645 = ORIENTED_EDGE('',*,*,#4418,.T.);
#4646 = ORIENTED_EDGE('',*,*,#4647,.F.);
#4647 = EDGE_CURVE('',#4090,#4421,#4648,.T.);
#4648 = SURFACE_CURVE('',#4649,(#4652,#4659),.PCURVE_S1.);
#4649 = B_SPLINE_CURVE_WITH_KNOTS('',1,(#4650,#4651),.UNSPECIFIED.,.F.,
  .F.,(2,2),(4.,9.),.PIECEWISE_BEZIER_KNOTS.);
#4650 = CARTESIAN_POINT('',(-14.25,4.654054919229E-11,-1.50990331349E-14
    ));
#4651 = CARTESIAN_POINT('',(-14.25,4.654054919229E-11,-5.));
#4652 = PCURVE('',#4135,#4653);
#4653 = DEFINITIONAL_REPRESENTATION('',(#4654),#4658);
#4654 = LINE('',#4655,#4656);
#4655 = CARTESIAN_POINT('',(6.28318530718,10.5));
#4656 = VECTOR('',#4657,1.);
#4657 = DIRECTION('',(0.,-1.));
#4658 = ( GEOMETRIC_REPRESENTATION_CONTEXT(2) 
PARAMETRIC_REPRESENTATION_CONTEXT() REPRESENTATION_CONTEXT('2D SPACE',''
  ) );
#4659 = PCURVE('',#4108,#4660);
#4660 = DEFINITIONAL_REPRESENTATION('',(#4661),#4665);
#4661 = LINE('',#4662,#4663);
#4662 = CARTESIAN_POINT('',(0.,10.5));
#4663 = VECTOR('',#4664,1.);
#4664 = DIRECTION('',(0.,-1.));
#4665 = ( GEOMETRIC_REPRESENTATION_CONTEXT(2) 
PARAMETRIC_REPRESENTATION_CONTEXT() REPRESENTATION_CONTEXT('2D SPACE',''
  ) );
#4666 = ADVANCED_FACE('',(#4667),#4195,.F.);
#4667 = FACE_BOUND('',#4668,.F.);
#4668 = EDGE_LOOP('',(#4669,#4670,#4690,#4691));
#4669 = ORIENTED_EDGE('',*,*,#4180,.F.);
#4670 = ORIENTED_EDGE('',*,*,#4671,.T.);
#4671 = EDGE_CURVE('',#4152,#4477,#4672,.T.);
#4672 = SURFACE_CURVE('',#4673,(#4676,#4683),.PCURVE_S1.);
#4673 = B_SPLINE_CURVE_WITH_KNOTS('',1,(#4674,#4675),.UNSPECIFIED.,.F.,
  .F.,(2,2),(4.,9.),.PIECEWISE_BEZIER_KNOTS.);
#4674 = CARTESIAN_POINT('',(-5.684341886081E-11,-17.74999999994,
    7.105427357601E-15));
#4675 = CARTESIAN_POINT('',(-5.684341886081E-11,-17.74999999994,-5.));
#4676 = PCURVE('',#4195,#4677);
#4677 = DEFINITIONAL_REPRESENTATION('',(#4678),#4682);
#4678 = LINE('',#4679,#4680);
#4679 = CARTESIAN_POINT('',(4.712388980382,10.5));
#4680 = VECTOR('',#4681,1.);
#4681 = DIRECTION('',(0.,-1.));
#4682 = ( GEOMETRIC_REPRESENTATION_CONTEXT(2) 
PARAMETRIC_REPRESENTATION_CONTEXT() REPRESENTATION_CONTEXT('2D SPACE',''
  ) );
#4683 = PCURVE('',#4168,#4684);
#4684 = DEFINITIONAL_REPRESENTATION('',(#4685),#4689);
#4685 = LINE('',#4686,#4687);
#4686 = CARTESIAN_POINT('',(4.712388980382,10.5));
#4687 = VECTOR('',#4688,1.);
#4688 = DIRECTION('',(0.,-1.));
#4689 = ( GEOMETRIC_REPRESENTATION_CONTEXT(2) 
PARAMETRIC_REPRESENTATION_CONTEXT() REPRESENTATION_CONTEXT('2D SPACE',''
  ) );
#4690 = ORIENTED_EDGE('',*,*,#4476,.T.);
#4691 = ORIENTED_EDGE('',*,*,#4692,.F.);
#4692 = EDGE_CURVE('',#4150,#4479,#4693,.T.);
#4693 = SURFACE_CURVE('',#4694,(#4697,#4704),.PCURVE_S1.);
#4694 = B_SPLINE_CURVE_WITH_KNOTS('',1,(#4695,#4696),.UNSPECIFIED.,.F.,
  .F.,(2,2),(4.,9.),.PIECEWISE_BEZIER_KNOTS.);
#4695 = CARTESIAN_POINT('',(-4.547473508865E-11,-14.24999999994,
    1.59872115546E-14));
#4696 = CARTESIAN_POINT('',(-4.547473508865E-11,-14.24999999994,-5.));
#4697 = PCURVE('',#4195,#4698);
#4698 = DEFINITIONAL_REPRESENTATION('',(#4699),#4703);
#4699 = LINE('',#4700,#4701);
#4700 = CARTESIAN_POINT('',(7.853981633971,10.5));
#4701 = VECTOR('',#4702,1.);
#4702 = DIRECTION('',(0.,-1.));
#4703 = ( GEOMETRIC_REPRESENTATION_CONTEXT(2) 
PARAMETRIC_REPRESENTATION_CONTEXT() REPRESENTATION_CONTEXT('2D SPACE',''
  ) );
#4704 = PCURVE('',#4168,#4705);
#4705 = DEFINITIONAL_REPRESENTATION('',(#4706),#4710);
#4706 = LINE('',#4707,#4708);
#4707 = CARTESIAN_POINT('',(1.570796326792,10.5));
#4708 = VECTOR('',#4709,1.);
#4709 = DIRECTION('',(0.,-1.));
#4710 = ( GEOMETRIC_REPRESENTATION_CONTEXT(2) 
PARAMETRIC_REPRESENTATION_CONTEXT() REPRESENTATION_CONTEXT('2D SPACE',''
  ) );
#4711 = ADVANCED_FACE('',(#4712),#3912,.T.);
#4712 = FACE_BOUND('',#4713,.T.);
#4713 = EDGE_LOOP('',(#4714,#4715,#4716,#4717));
#4714 = ORIENTED_EDGE('',*,*,#3888,.F.);
#4715 = ORIENTED_EDGE('',*,*,#4265,.T.);
#4716 = ORIENTED_EDGE('',*,*,#4290,.T.);
#4717 = ORIENTED_EDGE('',*,*,#4210,.F.);
#4718 = ADVANCED_FACE('',(#4719),#4007,.F.);
#4719 = FACE_BOUND('',#4720,.F.);
#4720 = EDGE_LOOP('',(#4721,#4722,#4723,#4724));
#4721 = ORIENTED_EDGE('',*,*,#3988,.T.);
#4722 = ORIENTED_EDGE('',*,*,#4556,.T.);
#4723 = ORIENTED_EDGE('',*,*,#4318,.F.);
#4724 = ORIENTED_EDGE('',*,*,#4535,.F.);
#4725 = ADVANCED_FACE('',(#4726),#4075,.F.);
#4726 = FACE_BOUND('',#4727,.F.);
#4727 = EDGE_LOOP('',(#4728,#4729,#4730,#4731));
#4728 = ORIENTED_EDGE('',*,*,#4056,.T.);
#4729 = ORIENTED_EDGE('',*,*,#4601,.T.);
#4730 = ORIENTED_EDGE('',*,*,#4368,.F.);
#4731 = ORIENTED_EDGE('',*,*,#4580,.F.);
#4732 = ADVANCED_FACE('',(#4733),#4108,.F.);
#4733 = FACE_BOUND('',#4734,.F.);
#4734 = EDGE_LOOP('',(#4735,#4736,#4737,#4738));
#4735 = ORIENTED_EDGE('',*,*,#4647,.T.);
#4736 = ORIENTED_EDGE('',*,*,#4448,.T.);
#4737 = ORIENTED_EDGE('',*,*,#4626,.F.);
#4738 = ORIENTED_EDGE('',*,*,#4089,.F.);
#4739 = ADVANCED_FACE('',(#4740),#4168,.F.);
#4740 = FACE_BOUND('',#4741,.F.);
#4741 = EDGE_LOOP('',(#4742,#4743,#4744,#4745));
#4742 = ORIENTED_EDGE('',*,*,#4692,.T.);
#4743 = ORIENTED_EDGE('',*,*,#4506,.T.);
#4744 = ORIENTED_EDGE('',*,*,#4671,.F.);
#4745 = ORIENTED_EDGE('',*,*,#4149,.F.);
#4746 = ( GEOMETRIC_REPRESENTATION_CONTEXT(3) 
GLOBAL_UNCERTAINTY_ASSIGNED_CONTEXT((#4750)) 
GLOBAL_UNIT_ASSIGNED_CONTEXT((#4747,#4748,#4749)) REPRESENTATION_CONTEXT
('Context #1','3D Context with UNIT and UNCERTAINTY') );
#4747 = ( LENGTH_UNIT() NAMED_UNIT(*) SI_UNIT(.MILLI.,.METRE.) );
#4748 = ( NAMED_UNIT(*) PLANE_ANGLE_UNIT() SI_UNIT($,.RADIAN.) );
#4749 = ( NAMED_UNIT(*) SI_UNIT($,.STERADIAN.) SOLID_ANGLE_UNIT() );
#4750 = UNCERTAINTY_MEASURE_WITH_UNIT(LENGTH_MEASURE(1.E-07),#4747,
  'distance_accuracy_value','confusion accuracy');
#4751 = CONTEXT_DEPENDENT_SHAPE_REPRESENTATION(#4752,#4754);
#4752 = ( REPRESENTATION_RELATIONSHIP('','',#3527,#10) 
REPRESENTATION_RELATIONSHIP_WITH_TRANSFORMATION(#4753) 
SHAPE_REPRESENTATION_RELATIONSHIP() );
#4753 = ITEM_DEFINED_TRANSFORMATION('','',#11,#23);
#4754 = PRODUCT_DEFINITION_SHAPE('Placement','Placement of an item',
  #4755);
#4755 = NEXT_ASSEMBLY_USAGE_OCCURRENCE('3','top_L','',#5,#3522,$);
#4756 = PRODUCT_RELATED_PRODUCT_CATEGORY('part',$,(#3524));
#4757 = SHAPE_DEFINITION_REPRESENTATION(#4758,#4764);
#4758 = PRODUCT_DEFINITION_SHAPE('','',#4759);
#4759 = PRODUCT_DEFINITION('design','',#4760,#4763);
#4760 = PRODUCT_DEFINITION_FORMATION('','',#4761);
#4761 = PRODUCT('base_R','base_R','',(#4762));
#4762 = PRODUCT_CONTEXT('',#2,'mechanical');
#4763 = PRODUCT_DEFINITION_CONTEXT('part definition',#2,'design');
#4764 = SHAPE_REPRESENTATION('',(#11,#4765,#5119),#5983);
#4765 = MANIFOLD_SOLID_BREP('',#4766);
#4766 = CLOSED_SHELL('',(#4767,#4909,#4984,#5060,#5105,#5112));
#4767 = ADVANCED_FACE('',(#4768,#4841),#4783,.T.);
#4768 = FACE_BOUND('',#4769,.T.);
#4769 = EDGE_LOOP('',(#4770,#4810));
#4770 = ORIENTED_EDGE('',*,*,#4771,.F.);
#4771 = EDGE_CURVE('',#4772,#4774,#4776,.T.);
#4772 = VERTEX_POINT('',#4773);
#4773 = CARTESIAN_POINT('',(-12.50000000005,0.,0.));
#4774 = VERTEX_POINT('',#4775);
#4775 = CARTESIAN_POINT('',(12.49999999995,0.,0.));
#4776 = SURFACE_CURVE('',#4777,(#4782,#4798),.PCURVE_S1.);
#4777 = CIRCLE('',#4778,12.5);
#4778 = AXIS2_PLACEMENT_3D('',#4779,#4780,#4781);
#4779 = CARTESIAN_POINT('',(-4.956781892065E-11,6.28036983472E-16,0.));
#4780 = DIRECTION('',(0.,0.,1.));
#4781 = DIRECTION('',(-1.,-5.024295867776E-17,0.));
#4782 = PCURVE('',#4783,#4788);
#4783 = PLANE('',#4784);
#4784 = AXIS2_PLACEMENT_3D('',#4785,#4786,#4787);
#4785 = CARTESIAN_POINT('',(-12.75000000005,-12.75,0.));
#4786 = DIRECTION('',(0.,0.,-1.));
#4787 = DIRECTION('',(-1.,0.,-0.));
#4788 = DEFINITIONAL_REPRESENTATION('',(#4789),#4797);
#4789 = ( BOUNDED_CURVE() B_SPLINE_CURVE(2,(#4790,#4791,#4792,#4793,
#4794,#4795,#4796),.UNSPECIFIED.,.T.,.F.) B_SPLINE_CURVE_WITH_KNOTS((1,2
    ,2,2,2,1),(-2.094395102393,0.,2.094395102393,4.188790204786,
6.28318530718,8.377580409573),.UNSPECIFIED.) CURVE() 
GEOMETRIC_REPRESENTATION_ITEM() RATIONAL_B_SPLINE_CURVE((1.,0.5,1.,0.5,
1.,0.5,1.)) REPRESENTATION_ITEM('') );
#4790 = CARTESIAN_POINT('',(-0.25,12.75));
#4791 = CARTESIAN_POINT('',(-0.25,-8.900635094611));
#4792 = CARTESIAN_POINT('',(-19.,1.924682452695));
#4793 = CARTESIAN_POINT('',(-37.75,12.75));
#4794 = CARTESIAN_POINT('',(-19.,23.575317547305));
#4795 = CARTESIAN_POINT('',(-0.25,34.400635094611));
#4796 = CARTESIAN_POINT('',(-0.25,12.75));
#4797 = ( GEOMETRIC_REPRESENTATION_CONTEXT(2) 
PARAMETRIC_REPRESENTATION_CONTEXT() REPRESENTATION_CONTEXT('2D SPACE',''
  ) );
#4798 = PCURVE('',#4799,#4804);
#4799 = CYLINDRICAL_SURFACE('',#4800,12.5);
#4800 = AXIS2_PLACEMENT_3D('',#4801,#4802,#4803);
#4801 = CARTESIAN_POINT('',(-4.956781892065E-11,6.280369834785E-16,9.));
#4802 = DIRECTION('',(0.,0.,-1.));
#4803 = DIRECTION('',(-1.,0.,-0.));
#4804 = DEFINITIONAL_REPRESENTATION('',(#4805),#4809);
#4805 = LINE('',#4806,#4807);
#4806 = CARTESIAN_POINT('',(6.28318530718,9.));
#4807 = VECTOR('',#4808,1.);
#4808 = DIRECTION('',(-1.,0.));
#4809 = ( GEOMETRIC_REPRESENTATION_CONTEXT(2) 
PARAMETRIC_REPRESENTATION_CONTEXT() REPRESENTATION_CONTEXT('2D SPACE',''
  ) );
#4810 = ORIENTED_EDGE('',*,*,#4811,.F.);
#4811 = EDGE_CURVE('',#4774,#4772,#4812,.T.);
#4812 = SURFACE_CURVE('',#4813,(#4818,#4829),.PCURVE_S1.);
#4813 = CIRCLE('',#4814,12.5);
#4814 = AXIS2_PLACEMENT_3D('',#4815,#4816,#4817);
#4815 = CARTESIAN_POINT('',(-4.956781892065E-11,-6.280369834785E-16,0.)
  );
#4816 = DIRECTION('',(0.,0.,1.));
#4817 = DIRECTION('',(1.,5.024295867828E-17,-0.));
#4818 = PCURVE('',#4783,#4819);
#4819 = DEFINITIONAL_REPRESENTATION('',(#4820),#4828);
#4820 = ( BOUNDED_CURVE() B_SPLINE_CURVE(2,(#4821,#4822,#4823,#4824,
#4825,#4826,#4827),.UNSPECIFIED.,.T.,.F.) B_SPLINE_CURVE_WITH_KNOTS((1,2
    ,2,2,2,1),(-2.094395102393,0.,2.094395102393,4.188790204786,
6.28318530718,8.377580409573),.UNSPECIFIED.) CURVE() 
GEOMETRIC_REPRESENTATION_ITEM() RATIONAL_B_SPLINE_CURVE((1.,0.5,1.,0.5,
1.,0.5,1.)) REPRESENTATION_ITEM('') );
#4821 = CARTESIAN_POINT('',(-25.25,12.75));
#4822 = CARTESIAN_POINT('',(-25.25,34.400635094611));
#4823 = CARTESIAN_POINT('',(-6.5,23.575317547305));
#4824 = CARTESIAN_POINT('',(12.25,12.75));
#4825 = CARTESIAN_POINT('',(-6.5,1.924682452695));
#4826 = CARTESIAN_POINT('',(-25.25,-8.900635094611));
#4827 = CARTESIAN_POINT('',(-25.25,12.75));
#4828 = ( GEOMETRIC_REPRESENTATION_CONTEXT(2) 
PARAMETRIC_REPRESENTATION_CONTEXT() REPRESENTATION_CONTEXT('2D SPACE',''
  ) );
#4829 = PCURVE('',#4830,#4835);
#4830 = CYLINDRICAL_SURFACE('',#4831,12.5);
#4831 = AXIS2_PLACEMENT_3D('',#4832,#4833,#4834);
#4832 = CARTESIAN_POINT('',(-4.956781892065E-11,-6.28036983472E-16,9.));
#4833 = DIRECTION('',(0.,0.,-1.));
#4834 = DIRECTION('',(-1.,0.,-0.));
#4835 = DEFINITIONAL_REPRESENTATION('',(#4836),#4840);
#4836 = LINE('',#4837,#4838);
#4837 = CARTESIAN_POINT('',(3.14159265359,9.));
#4838 = VECTOR('',#4839,1.);
#4839 = DIRECTION('',(-1.,0.));
#4840 = ( GEOMETRIC_REPRESENTATION_CONTEXT(2) 
PARAMETRIC_REPRESENTATION_CONTEXT() REPRESENTATION_CONTEXT('2D SPACE',''
  ) );
#4841 = FACE_BOUND('',#4842,.T.);
#4842 = EDGE_LOOP('',(#4843,#4878));
#4843 = ORIENTED_EDGE('',*,*,#4844,.T.);
#4844 = EDGE_CURVE('',#4845,#4847,#4849,.T.);
#4845 = VERTEX_POINT('',#4846);
#4846 = CARTESIAN_POINT('',(4.,0.,0.));
#4847 = VERTEX_POINT('',#4848);
#4848 = CARTESIAN_POINT('',(-4.,0.,0.));
#4849 = SURFACE_CURVE('',#4850,(#4855,#4866),.PCURVE_S1.);
#4850 = CIRCLE('',#4851,4.);
#4851 = AXIS2_PLACEMENT_3D('',#4852,#4853,#4854);
#4852 = CARTESIAN_POINT('',(0.,0.,0.));
#4853 = DIRECTION('',(0.,0.,1.));
#4854 = DIRECTION('',(1.,0.,-0.));
#4855 = PCURVE('',#4783,#4856);
#4856 = DEFINITIONAL_REPRESENTATION('',(#4857),#4865);
#4857 = ( BOUNDED_CURVE() B_SPLINE_CURVE(2,(#4858,#4859,#4860,#4861,
#4862,#4863,#4864),.UNSPECIFIED.,.T.,.F.) B_SPLINE_CURVE_WITH_KNOTS((1,2
    ,2,2,2,1),(-2.094395102393,0.,2.094395102393,4.188790204786,
6.28318530718,8.377580409573),.UNSPECIFIED.) CURVE() 
GEOMETRIC_REPRESENTATION_ITEM() RATIONAL_B_SPLINE_CURVE((1.,0.5,1.,0.5,
1.,0.5,1.)) REPRESENTATION_ITEM('') );
#4858 = CARTESIAN_POINT('',(-16.75000000005,12.75));
#4859 = CARTESIAN_POINT('',(-16.75000000005,19.678203230276));
#4860 = CARTESIAN_POINT('',(-10.75000000005,16.214101615138));
#4861 = CARTESIAN_POINT('',(-4.75000000005,12.75));
#4862 = CARTESIAN_POINT('',(-10.75000000005,9.285898384862));
#4863 = CARTESIAN_POINT('',(-16.75000000005,5.821796769724));
#4864 = CARTESIAN_POINT('',(-16.75000000005,12.75));
#4865 = ( GEOMETRIC_REPRESENTATION_CONTEXT(2) 
PARAMETRIC_REPRESENTATION_CONTEXT() REPRESENTATION_CONTEXT('2D SPACE',''
  ) );
#4866 = PCURVE('',#4867,#4872);
#4867 = CYLINDRICAL_SURFACE('',#4868,4.);
#4868 = AXIS2_PLACEMENT_3D('',#4869,#4870,#4871);
#4869 = CARTESIAN_POINT('',(0.,0.,13.));
#4870 = DIRECTION('',(0.,0.,-1.));
#4871 = DIRECTION('',(-1.,0.,-0.));
#4872 = DEFINITIONAL_REPRESENTATION('',(#4873),#4877);
#4873 = LINE('',#4874,#4875);
#4874 = CARTESIAN_POINT('',(3.14159265359,13.));
#4875 = VECTOR('',#4876,1.);
#4876 = DIRECTION('',(-1.,0.));
#4877 = ( GEOMETRIC_REPRESENTATION_CONTEXT(2) 
PARAMETRIC_REPRESENTATION_CONTEXT() REPRESENTATION_CONTEXT('2D SPACE',''
  ) );
#4878 = ORIENTED_EDGE('',*,*,#4879,.T.);
#4879 = EDGE_CURVE('',#4847,#4845,#4880,.T.);
#4880 = SURFACE_CURVE('',#4881,(#4886,#4897),.PCURVE_S1.);
#4881 = CIRCLE('',#4882,4.);
#4882 = AXIS2_PLACEMENT_3D('',#4883,#4884,#4885);
#4883 = CARTESIAN_POINT('',(0.,0.,0.));
#4884 = DIRECTION('',(0.,0.,1.));
#4885 = DIRECTION('',(-1.,0.,0.));
#4886 = PCURVE('',#4783,#4887);
#4887 = DEFINITIONAL_REPRESENTATION('',(#4888),#4896);
#4888 = ( BOUNDED_CURVE() B_SPLINE_CURVE(2,(#4889,#4890,#4891,#4892,
#4893,#4894,#4895),.UNSPECIFIED.,.T.,.F.) B_SPLINE_CURVE_WITH_KNOTS((1,2
    ,2,2,2,1),(-2.094395102393,0.,2.094395102393,4.188790204786,
6.28318530718,8.377580409573),.UNSPECIFIED.) CURVE() 
GEOMETRIC_REPRESENTATION_ITEM() RATIONAL_B_SPLINE_CURVE((1.,0.5,1.,0.5,
1.,0.5,1.)) REPRESENTATION_ITEM('') );
#4889 = CARTESIAN_POINT('',(-8.75000000005,12.75));
#4890 = CARTESIAN_POINT('',(-8.75000000005,5.821796769724));
#4891 = CARTESIAN_POINT('',(-14.75000000005,9.285898384862));
#4892 = CARTESIAN_POINT('',(-20.75000000005,12.75));
#4893 = CARTESIAN_POINT('',(-14.75000000005,16.214101615138));
#4894 = CARTESIAN_POINT('',(-8.75000000005,19.678203230276));
#4895 = CARTESIAN_POINT('',(-8.75000000005,12.75));
#4896 = ( GEOMETRIC_REPRESENTATION_CONTEXT(2) 
PARAMETRIC_REPRESENTATION_CONTEXT() REPRESENTATION_CONTEXT('2D SPACE',''
  ) );
#4897 = PCURVE('',#4898,#4903);
#4898 = CYLINDRICAL_SURFACE('',#4899,4.);
#4899 = AXIS2_PLACEMENT_3D('',#4900,#4901,#4902);
#4900 = CARTESIAN_POINT('',(0.,0.,13.));
#4901 = DIRECTION('',(0.,0.,-1.));
#4902 = DIRECTION('',(-1.,0.,-0.));
#4903 = DEFINITIONAL_REPRESENTATION('',(#4904),#4908);
#4904 = LINE('',#4905,#4906);
#4905 = CARTESIAN_POINT('',(6.28318530718,13.));
#4906 = VECTOR('',#4907,1.);
#4907 = DIRECTION('',(-1.,0.));
#4908 = ( GEOMETRIC_REPRESENTATION_CONTEXT(2) 
PARAMETRIC_REPRESENTATION_CONTEXT() REPRESENTATION_CONTEXT('2D SPACE',''
  ) );
#4909 = ADVANCED_FACE('',(#4910),#4799,.T.);
#4910 = FACE_BOUND('',#4911,.T.);
#4911 = EDGE_LOOP('',(#4912,#4913,#4935,#4964));
#4912 = ORIENTED_EDGE('',*,*,#4771,.T.);
#4913 = ORIENTED_EDGE('',*,*,#4914,.T.);
#4914 = EDGE_CURVE('',#4774,#4915,#4917,.T.);
#4915 = VERTEX_POINT('',#4916);
#4916 = CARTESIAN_POINT('',(12.49999999995,0.,18.));
#4917 = SURFACE_CURVE('',#4918,(#4921,#4928),.PCURVE_S1.);
#4918 = B_SPLINE_CURVE_WITH_KNOTS('',1,(#4919,#4920),.UNSPECIFIED.,.F.,
  .F.,(2,2),(0.,18.),.PIECEWISE_BEZIER_KNOTS.);
#4919 = CARTESIAN_POINT('',(12.49999999995,0.,0.));
#4920 = CARTESIAN_POINT('',(12.49999999995,0.,18.));
#4921 = PCURVE('',#4799,#4922);
#4922 = DEFINITIONAL_REPRESENTATION('',(#4923),#4927);
#4923 = LINE('',#4924,#4925);
#4924 = CARTESIAN_POINT('',(3.14159265359,9.));
#4925 = VECTOR('',#4926,1.);
#4926 = DIRECTION('',(0.,-1.));
#4927 = ( GEOMETRIC_REPRESENTATION_CONTEXT(2) 
PARAMETRIC_REPRESENTATION_CONTEXT() REPRESENTATION_CONTEXT('2D SPACE',''
  ) );
#4928 = PCURVE('',#4830,#4929);
#4929 = DEFINITIONAL_REPRESENTATION('',(#4930),#4934);
#4930 = LINE('',#4931,#4932);
#4931 = CARTESIAN_POINT('',(3.14159265359,9.));
#4932 = VECTOR('',#4933,1.);
#4933 = DIRECTION('',(0.,-1.));
#4934 = ( GEOMETRIC_REPRESENTATION_CONTEXT(2) 
PARAMETRIC_REPRESENTATION_CONTEXT() REPRESENTATION_CONTEXT('2D SPACE',''
  ) );
#4935 = ORIENTED_EDGE('',*,*,#4936,.F.);
#4936 = EDGE_CURVE('',#4937,#4915,#4939,.T.);
#4937 = VERTEX_POINT('',#4938);
#4938 = CARTESIAN_POINT('',(-12.50000000005,0.,18.));
#4939 = SURFACE_CURVE('',#4940,(#4945,#4952),.PCURVE_S1.);
#4940 = CIRCLE('',#4941,12.5);
#4941 = AXIS2_PLACEMENT_3D('',#4942,#4943,#4944);
#4942 = CARTESIAN_POINT('',(-4.956781892065E-11,6.28036983472E-16,18.));
#4943 = DIRECTION('',(0.,0.,1.));
#4944 = DIRECTION('',(-1.,-5.024295867776E-17,0.));
#4945 = PCURVE('',#4799,#4946);
#4946 = DEFINITIONAL_REPRESENTATION('',(#4947),#4951);
#4947 = LINE('',#4948,#4949);
#4948 = CARTESIAN_POINT('',(6.28318530718,-9.));
#4949 = VECTOR('',#4950,1.);
#4950 = DIRECTION('',(-1.,0.));
#4951 = ( GEOMETRIC_REPRESENTATION_CONTEXT(2) 
PARAMETRIC_REPRESENTATION_CONTEXT() REPRESENTATION_CONTEXT('2D SPACE',''
  ) );
#4952 = PCURVE('',#4953,#4958);
#4953 = PLANE('',#4954);
#4954 = AXIS2_PLACEMENT_3D('',#4955,#4956,#4957);
#4955 = CARTESIAN_POINT('',(-12.75000000005,-12.75,18.));
#4956 = DIRECTION('',(0.,0.,1.));
#4957 = DIRECTION('',(1.,0.,-0.));
#4958 = DEFINITIONAL_REPRESENTATION('',(#4959),#4963);
#4959 = CIRCLE('',#4960,12.5);
#4960 = AXIS2_PLACEMENT_2D('',#4961,#4962);
#4961 = CARTESIAN_POINT('',(12.75,12.75));
#4962 = DIRECTION('',(-1.,-5.024295867776E-17));
#4963 = ( GEOMETRIC_REPRESENTATION_CONTEXT(2) 
PARAMETRIC_REPRESENTATION_CONTEXT() REPRESENTATION_CONTEXT('2D SPACE',''
  ) );
#4964 = ORIENTED_EDGE('',*,*,#4965,.F.);
#4965 = EDGE_CURVE('',#4772,#4937,#4966,.T.);
#4966 = SURFACE_CURVE('',#4967,(#4970,#4977),.PCURVE_S1.);
#4967 = B_SPLINE_CURVE_WITH_KNOTS('',1,(#4968,#4969),.UNSPECIFIED.,.F.,
  .F.,(2,2),(0.,18.),.PIECEWISE_BEZIER_KNOTS.);
#4968 = CARTESIAN_POINT('',(-12.50000000005,0.,0.));
#4969 = CARTESIAN_POINT('',(-12.50000000005,0.,18.));
#4970 = PCURVE('',#4799,#4971);
#4971 = DEFINITIONAL_REPRESENTATION('',(#4972),#4976);
#4972 = LINE('',#4973,#4974);
#4973 = CARTESIAN_POINT('',(6.28318530718,9.));
#4974 = VECTOR('',#4975,1.);
#4975 = DIRECTION('',(0.,-1.));
#4976 = ( GEOMETRIC_REPRESENTATION_CONTEXT(2) 
PARAMETRIC_REPRESENTATION_CONTEXT() REPRESENTATION_CONTEXT('2D SPACE',''
  ) );
#4977 = PCURVE('',#4830,#4978);
#4978 = DEFINITIONAL_REPRESENTATION('',(#4979),#4983);
#4979 = LINE('',#4980,#4981);
#4980 = CARTESIAN_POINT('',(0.,9.));
#4981 = VECTOR('',#4982,1.);
#4982 = DIRECTION('',(0.,-1.));
#4983 = ( GEOMETRIC_REPRESENTATION_CONTEXT(2) 
PARAMETRIC_REPRESENTATION_CONTEXT() REPRESENTATION_CONTEXT('2D SPACE',''
  ) );
#4984 = ADVANCED_FACE('',(#4985,#5010),#4953,.T.);
#4985 = FACE_BOUND('',#4986,.T.);
#4986 = EDGE_LOOP('',(#4987,#5009));
#4987 = ORIENTED_EDGE('',*,*,#4988,.T.);
#4988 = EDGE_CURVE('',#4915,#4937,#4989,.T.);
#4989 = SURFACE_CURVE('',#4990,(#4995,#5002),.PCURVE_S1.);
#4990 = CIRCLE('',#4991,12.5);
#4991 = AXIS2_PLACEMENT_3D('',#4992,#4993,#4994);
#4992 = CARTESIAN_POINT('',(-4.956781892065E-11,-6.280369834785E-16,18.)
  );
#4993 = DIRECTION('',(0.,0.,1.));
#4994 = DIRECTION('',(1.,5.024295867828E-17,-0.));
#4995 = PCURVE('',#4953,#4996);
#4996 = DEFINITIONAL_REPRESENTATION('',(#4997),#5001);
#4997 = CIRCLE('',#4998,12.5);
#4998 = AXIS2_PLACEMENT_2D('',#4999,#5000);
#4999 = CARTESIAN_POINT('',(12.75,12.75));
#5000 = DIRECTION('',(1.,5.024295867828E-17));
#5001 = ( GEOMETRIC_REPRESENTATION_CONTEXT(2) 
PARAMETRIC_REPRESENTATION_CONTEXT() REPRESENTATION_CONTEXT('2D SPACE',''
  ) );
#5002 = PCURVE('',#4830,#5003);
#5003 = DEFINITIONAL_REPRESENTATION('',(#5004),#5008);
#5004 = LINE('',#5005,#5006);
#5005 = CARTESIAN_POINT('',(3.14159265359,-9.));
#5006 = VECTOR('',#5007,1.);
#5007 = DIRECTION('',(-1.,0.));
#5008 = ( GEOMETRIC_REPRESENTATION_CONTEXT(2) 
PARAMETRIC_REPRESENTATION_CONTEXT() REPRESENTATION_CONTEXT('2D SPACE',''
  ) );
#5009 = ORIENTED_EDGE('',*,*,#4936,.T.);
#5010 = FACE_BOUND('',#5011,.T.);
#5011 = EDGE_LOOP('',(#5012,#5038));
#5012 = ORIENTED_EDGE('',*,*,#5013,.F.);
#5013 = EDGE_CURVE('',#5014,#5016,#5018,.T.);
#5014 = VERTEX_POINT('',#5015);
#5015 = CARTESIAN_POINT('',(-4.,0.,18.));
#5016 = VERTEX_POINT('',#5017);
#5017 = CARTESIAN_POINT('',(4.,0.,18.));
#5018 = SURFACE_CURVE('',#5019,(#5024,#5031),.PCURVE_S1.);
#5019 = CIRCLE('',#5020,4.);
#5020 = AXIS2_PLACEMENT_3D('',#5021,#5022,#5023);
#5021 = CARTESIAN_POINT('',(0.,0.,18.));
#5022 = DIRECTION('',(0.,0.,1.));
#5023 = DIRECTION('',(-1.,0.,0.));
#5024 = PCURVE('',#4953,#5025);
#5025 = DEFINITIONAL_REPRESENTATION('',(#5026),#5030);
#5026 = CIRCLE('',#5027,4.);
#5027 = AXIS2_PLACEMENT_2D('',#5028,#5029);
#5028 = CARTESIAN_POINT('',(12.75000000005,12.75));
#5029 = DIRECTION('',(-1.,0.));
#5030 = ( GEOMETRIC_REPRESENTATION_CONTEXT(2) 
PARAMETRIC_REPRESENTATION_CONTEXT() REPRESENTATION_CONTEXT('2D SPACE',''
  ) );
#5031 = PCURVE('',#4898,#5032);
#5032 = DEFINITIONAL_REPRESENTATION('',(#5033),#5037);
#5033 = LINE('',#5034,#5035);
#5034 = CARTESIAN_POINT('',(6.28318530718,-5.));
#5035 = VECTOR('',#5036,1.);
#5036 = DIRECTION('',(-1.,0.));
#5037 = ( GEOMETRIC_REPRESENTATION_CONTEXT(2) 
PARAMETRIC_REPRESENTATION_CONTEXT() REPRESENTATION_CONTEXT('2D SPACE',''
  ) );
#5038 = ORIENTED_EDGE('',*,*,#5039,.F.);
#5039 = EDGE_CURVE('',#5016,#5014,#5040,.T.);
#5040 = SURFACE_CURVE('',#5041,(#5046,#5053),.PCURVE_S1.);
#5041 = CIRCLE('',#5042,4.);
#5042 = AXIS2_PLACEMENT_3D('',#5043,#5044,#5045);
#5043 = CARTESIAN_POINT('',(0.,0.,18.));
#5044 = DIRECTION('',(0.,0.,1.));
#5045 = DIRECTION('',(1.,0.,-0.));
#5046 = PCURVE('',#4953,#5047);
#5047 = DEFINITIONAL_REPRESENTATION('',(#5048),#5052);
#5048 = CIRCLE('',#5049,4.);
#5049 = AXIS2_PLACEMENT_2D('',#5050,#5051);
#5050 = CARTESIAN_POINT('',(12.75000000005,12.75));
#5051 = DIRECTION('',(1.,0.));
#5052 = ( GEOMETRIC_REPRESENTATION_CONTEXT(2) 
PARAMETRIC_REPRESENTATION_CONTEXT() REPRESENTATION_CONTEXT('2D SPACE',''
  ) );
#5053 = PCURVE('',#4867,#5054);
#5054 = DEFINITIONAL_REPRESENTATION('',(#5055),#5059);
#5055 = LINE('',#5056,#5057);
#5056 = CARTESIAN_POINT('',(3.14159265359,-5.));
#5057 = VECTOR('',#5058,1.);
#5058 = DIRECTION('',(-1.,0.));
#5059 = ( GEOMETRIC_REPRESENTATION_CONTEXT(2) 
PARAMETRIC_REPRESENTATION_CONTEXT() REPRESENTATION_CONTEXT('2D SPACE',''
  ) );
#5060 = ADVANCED_FACE('',(#5061),#4898,.F.);
#5061 = FACE_BOUND('',#5062,.F.);
#5062 = EDGE_LOOP('',(#5063,#5064,#5084,#5085));
#5063 = ORIENTED_EDGE('',*,*,#4879,.T.);
#5064 = ORIENTED_EDGE('',*,*,#5065,.T.);
#5065 = EDGE_CURVE('',#4845,#5016,#5066,.T.);
#5066 = SURFACE_CURVE('',#5067,(#5070,#5077),.PCURVE_S1.);
#5067 = B_SPLINE_CURVE_WITH_KNOTS('',1,(#5068,#5069),.UNSPECIFIED.,.F.,
  .F.,(2,2),(0.,18.),.PIECEWISE_BEZIER_KNOTS.);
#5068 = CARTESIAN_POINT('',(4.,0.,0.));
#5069 = CARTESIAN_POINT('',(4.,0.,18.));
#5070 = PCURVE('',#4898,#5071);
#5071 = DEFINITIONAL_REPRESENTATION('',(#5072),#5076);
#5072 = LINE('',#5073,#5074);
#5073 = CARTESIAN_POINT('',(3.14159265359,13.));
#5074 = VECTOR('',#5075,1.);
#5075 = DIRECTION('',(0.,-1.));
#5076 = ( GEOMETRIC_REPRESENTATION_CONTEXT(2) 
PARAMETRIC_REPRESENTATION_CONTEXT() REPRESENTATION_CONTEXT('2D SPACE',''
  ) );
#5077 = PCURVE('',#4867,#5078);
#5078 = DEFINITIONAL_REPRESENTATION('',(#5079),#5083);
#5079 = LINE('',#5080,#5081);
#5080 = CARTESIAN_POINT('',(3.14159265359,13.));
#5081 = VECTOR('',#5082,1.);
#5082 = DIRECTION('',(0.,-1.));
#5083 = ( GEOMETRIC_REPRESENTATION_CONTEXT(2) 
PARAMETRIC_REPRESENTATION_CONTEXT() REPRESENTATION_CONTEXT('2D SPACE',''
  ) );
#5084 = ORIENTED_EDGE('',*,*,#5013,.F.);
#5085 = ORIENTED_EDGE('',*,*,#5086,.F.);
#5086 = EDGE_CURVE('',#4847,#5014,#5087,.T.);
#5087 = SURFACE_CURVE('',#5088,(#5091,#5098),.PCURVE_S1.);
#5088 = B_SPLINE_CURVE_WITH_KNOTS('',1,(#5089,#5090),.UNSPECIFIED.,.F.,
  .F.,(2,2),(0.,18.),.PIECEWISE_BEZIER_KNOTS.);
#5089 = CARTESIAN_POINT('',(-4.,0.,0.));
#5090 = CARTESIAN_POINT('',(-4.,0.,18.));
#5091 = PCURVE('',#4898,#5092);
#5092 = DEFINITIONAL_REPRESENTATION('',(#5093),#5097);
#5093 = LINE('',#5094,#5095);
#5094 = CARTESIAN_POINT('',(6.28318530718,13.));
#5095 = VECTOR('',#5096,1.);
#5096 = DIRECTION('',(0.,-1.));
#5097 = ( GEOMETRIC_REPRESENTATION_CONTEXT(2) 
PARAMETRIC_REPRESENTATION_CONTEXT() REPRESENTATION_CONTEXT('2D SPACE',''
  ) );
#5098 = PCURVE('',#4867,#5099);
#5099 = DEFINITIONAL_REPRESENTATION('',(#5100),#5104);
#5100 = LINE('',#5101,#5102);
#5101 = CARTESIAN_POINT('',(0.,13.));
#5102 = VECTOR('',#5103,1.);
#5103 = DIRECTION('',(0.,-1.));
#5104 = ( GEOMETRIC_REPRESENTATION_CONTEXT(2) 
PARAMETRIC_REPRESENTATION_CONTEXT() REPRESENTATION_CONTEXT('2D SPACE',''
  ) );
#5105 = ADVANCED_FACE('',(#5106),#4830,.T.);
#5106 = FACE_BOUND('',#5107,.T.);
#5107 = EDGE_LOOP('',(#5108,#5109,#5110,#5111));
#5108 = ORIENTED_EDGE('',*,*,#4965,.T.);
#5109 = ORIENTED_EDGE('',*,*,#4988,.F.);
#5110 = ORIENTED_EDGE('',*,*,#4914,.F.);
#5111 = ORIENTED_EDGE('',*,*,#4811,.T.);
#5112 = ADVANCED_FACE('',(#5113),#4867,.F.);
#5113 = FACE_BOUND('',#5114,.F.);
#5114 = EDGE_LOOP('',(#5115,#5116,#5117,#5118));
#5115 = ORIENTED_EDGE('',*,*,#5086,.T.);
#5116 = ORIENTED_EDGE('',*,*,#5039,.F.);
#5117 = ORIENTED_EDGE('',*,*,#5065,.F.);
#5118 = ORIENTED_EDGE('',*,*,#4844,.T.);
#5119 = MANIFOLD_SOLID_BREP('',#5120);
#5120 = CLOSED_SHELL('',(#5121,#5443,#5522,#5768,#5813,#5858,#5903,#5948
    ,#5955,#5962,#5969,#5976));
#5121 = ADVANCED_FACE('',(#5122,#5187,#5255,#5323,#5383),#5137,.T.);
#5122 = FACE_BOUND('',#5123,.T.);
#5123 = EDGE_LOOP('',(#5124,#5160));
#5124 = ORIENTED_EDGE('',*,*,#5125,.T.);
#5125 = EDGE_CURVE('',#5126,#5128,#5130,.T.);
#5126 = VERTEX_POINT('',#5127);
#5127 = CARTESIAN_POINT('',(19.5,0.,0.));
#5128 = VERTEX_POINT('',#5129);
#5129 = CARTESIAN_POINT('',(-19.5,0.,0.));
#5130 = SURFACE_CURVE('',#5131,(#5136,#5148),.PCURVE_S1.);
#5131 = CIRCLE('',#5132,19.5);
#5132 = AXIS2_PLACEMENT_3D('',#5133,#5134,#5135);
#5133 = CARTESIAN_POINT('',(0.,0.,0.));
#5134 = DIRECTION('',(0.,0.,1.));
#5135 = DIRECTION('',(1.,0.,-0.));
#5136 = PCURVE('',#5137,#5142);
#5137 = PLANE('',#5138);
#5138 = AXIS2_PLACEMENT_3D('',#5139,#5140,#5141);
#5139 = CARTESIAN_POINT('',(-19.89,-19.89,0.));
#5140 = DIRECTION('',(0.,0.,1.));
#5141 = DIRECTION('',(1.,0.,-0.));
#5142 = DEFINITIONAL_REPRESENTATION('',(#5143),#5147);
#5143 = CIRCLE('',#5144,19.5);
#5144 = AXIS2_PLACEMENT_2D('',#5145,#5146);
#5145 = CARTESIAN_POINT('',(19.89,19.89));
#5146 = DIRECTION('',(1.,0.));
#5147 = ( GEOMETRIC_REPRESENTATION_CONTEXT(2) 
PARAMETRIC_REPRESENTATION_CONTEXT() REPRESENTATION_CONTEXT('2D SPACE',''
  ) );
#5148 = PCURVE('',#5149,#5154);
#5149 = CYLINDRICAL_SURFACE('',#5150,19.5);
#5150 = AXIS2_PLACEMENT_3D('',#5151,#5152,#5153);
#5151 = CARTESIAN_POINT('',(0.,0.,-2.5));
#5152 = DIRECTION('',(0.,0.,-1.));
#5153 = DIRECTION('',(-1.,0.,-0.));
#5154 = DEFINITIONAL_REPRESENTATION('',(#5155),#5159);
#5155 = LINE('',#5156,#5157);
#5156 = CARTESIAN_POINT('',(3.14159265359,-2.5));
#5157 = VECTOR('',#5158,1.);
#5158 = DIRECTION('',(-1.,0.));
#5159 = ( GEOMETRIC_REPRESENTATION_CONTEXT(2) 
PARAMETRIC_REPRESENTATION_CONTEXT() REPRESENTATION_CONTEXT('2D SPACE',''
  ) );
#5160 = ORIENTED_EDGE('',*,*,#5161,.T.);
#5161 = EDGE_CURVE('',#5128,#5126,#5162,.T.);
#5162 = SURFACE_CURVE('',#5163,(#5168,#5175),.PCURVE_S1.);
#5163 = CIRCLE('',#5164,19.5);
#5164 = AXIS2_PLACEMENT_3D('',#5165,#5166,#5167);
#5165 = CARTESIAN_POINT('',(0.,0.,0.));
#5166 = DIRECTION('',(0.,0.,1.));
#5167 = DIRECTION('',(-1.,0.,0.));
#5168 = PCURVE('',#5137,#5169);
#5169 = DEFINITIONAL_REPRESENTATION('',(#5170),#5174);
#5170 = CIRCLE('',#5171,19.5);
#5171 = AXIS2_PLACEMENT_2D('',#5172,#5173);
#5172 = CARTESIAN_POINT('',(19.89,19.89));
#5173 = DIRECTION('',(-1.,0.));
#5174 = ( GEOMETRIC_REPRESENTATION_CONTEXT(2) 
PARAMETRIC_REPRESENTATION_CONTEXT() REPRESENTATION_CONTEXT('2D SPACE',''
  ) );
#5175 = PCURVE('',#5176,#5181);
#5176 = CYLINDRICAL_SURFACE('',#5177,19.5);
#5177 = AXIS2_PLACEMENT_3D('',#5178,#5179,#5180);
#5178 = CARTESIAN_POINT('',(0.,0.,-2.5));
#5179 = DIRECTION('',(0.,0.,-1.));
#5180 = DIRECTION('',(-1.,0.,-0.));
#5181 = DEFINITIONAL_REPRESENTATION('',(#5182),#5186);
#5182 = LINE('',#5183,#5184);
#5183 = CARTESIAN_POINT('',(6.28318530718,-2.5));
#5184 = VECTOR('',#5185,1.);
#5185 = DIRECTION('',(-1.,0.));
#5186 = ( GEOMETRIC_REPRESENTATION_CONTEXT(2) 
PARAMETRIC_REPRESENTATION_CONTEXT() REPRESENTATION_CONTEXT('2D SPACE',''
  ) );
#5187 = FACE_BOUND('',#5188,.T.);
#5188 = EDGE_LOOP('',(#5189,#5224));
#5189 = ORIENTED_EDGE('',*,*,#5190,.T.);
#5190 = EDGE_CURVE('',#5191,#5193,#5195,.T.);
#5191 = VERTEX_POINT('',#5192);
#5192 = CARTESIAN_POINT('',(17.75,0.,0.));
#5193 = VERTEX_POINT('',#5194);
#5194 = CARTESIAN_POINT('',(14.25,0.,0.));
#5195 = SURFACE_CURVE('',#5196,(#5201,#5212),.PCURVE_S1.);
#5196 = CIRCLE('',#5197,1.75);
#5197 = AXIS2_PLACEMENT_3D('',#5198,#5199,#5200);
#5198 = CARTESIAN_POINT('',(16.,0.,0.));
#5199 = DIRECTION('',(0.,0.,-1.));
#5200 = DIRECTION('',(1.,0.,0.));
#5201 = PCURVE('',#5137,#5202);
#5202 = DEFINITIONAL_REPRESENTATION('',(#5203),#5211);
#5203 = ( BOUNDED_CURVE() B_SPLINE_CURVE(2,(#5204,#5205,#5206,#5207,
#5208,#5209,#5210),.UNSPECIFIED.,.T.,.F.) B_SPLINE_CURVE_WITH_KNOTS((1,2
    ,2,2,2,1),(-2.094395102393,0.,2.094395102393,4.188790204786,
6.28318530718,8.377580409573),.UNSPECIFIED.) CURVE() 
GEOMETRIC_REPRESENTATION_ITEM() RATIONAL_B_SPLINE_CURVE((1.,0.5,1.,0.5,
1.,0.5,1.)) REPRESENTATION_ITEM('') );
#5204 = CARTESIAN_POINT('',(37.64,19.89));
#5205 = CARTESIAN_POINT('',(37.64,16.858911086754));
#5206 = CARTESIAN_POINT('',(35.015,18.374455543377));
#5207 = CARTESIAN_POINT('',(32.39,19.89));
#5208 = CARTESIAN_POINT('',(35.015,21.405544456623));
#5209 = CARTESIAN_POINT('',(37.64,22.921088913246));
#5210 = CARTESIAN_POINT('',(37.64,19.89));
#5211 = ( GEOMETRIC_REPRESENTATION_CONTEXT(2) 
PARAMETRIC_REPRESENTATION_CONTEXT() REPRESENTATION_CONTEXT('2D SPACE',''
  ) );
#5212 = PCURVE('',#5213,#5218);
#5213 = CYLINDRICAL_SURFACE('',#5214,1.75);
#5214 = AXIS2_PLACEMENT_3D('',#5215,#5216,#5217);
#5215 = CARTESIAN_POINT('',(16.,0.,-6.5));
#5216 = DIRECTION('',(0.,0.,-1.));
#5217 = DIRECTION('',(-1.,0.,-0.));
#5218 = DEFINITIONAL_REPRESENTATION('',(#5219),#5223);
#5219 = LINE('',#5220,#5221);
#5220 = CARTESIAN_POINT('',(3.14159265359,-6.5));
#5221 = VECTOR('',#5222,1.);
#5222 = DIRECTION('',(1.,0.));
#5223 = ( GEOMETRIC_REPRESENTATION_CONTEXT(2) 
PARAMETRIC_REPRESENTATION_CONTEXT() REPRESENTATION_CONTEXT('2D SPACE',''
  ) );
#5224 = ORIENTED_EDGE('',*,*,#5225,.T.);
#5225 = EDGE_CURVE('',#5193,#5191,#5226,.T.);
#5226 = SURFACE_CURVE('',#5227,(#5232,#5243),.PCURVE_S1.);
#5227 = CIRCLE('',#5228,1.75);
#5228 = AXIS2_PLACEMENT_3D('',#5229,#5230,#5231);
#5229 = CARTESIAN_POINT('',(16.,0.,0.));
#5230 = DIRECTION('',(0.,0.,-1.));
#5231 = DIRECTION('',(-1.,0.,0.));
#5232 = PCURVE('',#5137,#5233);
#5233 = DEFINITIONAL_REPRESENTATION('',(#5234),#5242);
#5234 = ( BOUNDED_CURVE() B_SPLINE_CURVE(2,(#5235,#5236,#5237,#5238,
#5239,#5240,#5241),.UNSPECIFIED.,.T.,.F.) B_SPLINE_CURVE_WITH_KNOTS((1,2
    ,2,2,2,1),(-2.094395102393,0.,2.094395102393,4.188790204786,
6.28318530718,8.377580409573),.UNSPECIFIED.) CURVE() 
GEOMETRIC_REPRESENTATION_ITEM() RATIONAL_B_SPLINE_CURVE((1.,0.5,1.,0.5,
1.,0.5,1.)) REPRESENTATION_ITEM('') );
#5235 = CARTESIAN_POINT('',(34.14,19.89));
#5236 = CARTESIAN_POINT('',(34.14,22.921088913246));
#5237 = CARTESIAN_POINT('',(36.765,21.405544456623));
#5238 = CARTESIAN_POINT('',(39.39,19.89));
#5239 = CARTESIAN_POINT('',(36.765,18.374455543377));
#5240 = CARTESIAN_POINT('',(34.14,16.858911086754));
#5241 = CARTESIAN_POINT('',(34.14,19.89));
#5242 = ( GEOMETRIC_REPRESENTATION_CONTEXT(2) 
PARAMETRIC_REPRESENTATION_CONTEXT() REPRESENTATION_CONTEXT('2D SPACE',''
  ) );
#5243 = PCURVE('',#5244,#5249);
#5244 = CYLINDRICAL_SURFACE('',#5245,1.75);
#5245 = AXIS2_PLACEMENT_3D('',#5246,#5247,#5248);
#5246 = CARTESIAN_POINT('',(16.,0.,-6.5));
#5247 = DIRECTION('',(0.,0.,-1.));
#5248 = DIRECTION('',(-1.,0.,-0.));
#5249 = DEFINITIONAL_REPRESENTATION('',(#5250),#5254);
#5250 = LINE('',#5251,#5252);
#5251 = CARTESIAN_POINT('',(0.,-6.5));
#5252 = VECTOR('',#5253,1.);
#5253 = DIRECTION('',(1.,0.));
#5254 = ( GEOMETRIC_REPRESENTATION_CONTEXT(2) 
PARAMETRIC_REPRESENTATION_CONTEXT() REPRESENTATION_CONTEXT('2D SPACE',''
  ) );
#5255 = FACE_BOUND('',#5256,.T.);
#5256 = EDGE_LOOP('',(#5257,#5292));
#5257 = ORIENTED_EDGE('',*,*,#5258,.T.);
#5258 = EDGE_CURVE('',#5259,#5261,#5263,.T.);
#5259 = VERTEX_POINT('',#5260);
#5260 = CARTESIAN_POINT('',(1.591615728103E-12,17.750000000051,0.));
#5261 = VERTEX_POINT('',#5262);
#5262 = CARTESIAN_POINT('',(1.591615728103E-12,14.250000000051,0.));
#5263 = SURFACE_CURVE('',#5264,(#5269,#5280),.PCURVE_S1.);
#5264 = CIRCLE('',#5265,1.75);
#5265 = AXIS2_PLACEMENT_3D('',#5266,#5267,#5268);
#5266 = CARTESIAN_POINT('',(1.587677494221E-12,16.000000000051,0.));
#5267 = DIRECTION('',(0.,0.,-1.));
#5268 = DIRECTION('',(2.250419360907E-15,1.,0.));
#5269 = PCURVE('',#5137,#5270);
#5270 = DEFINITIONAL_REPRESENTATION('',(#5271),#5279);
#5271 = ( BOUNDED_CURVE() B_SPLINE_CURVE(2,(#5272,#5273,#5274,#5275,
#5276,#5277,#5278),.UNSPECIFIED.,.T.,.F.) B_SPLINE_CURVE_WITH_KNOTS((1,2
    ,2,2,2,1),(-2.094395102393,0.,2.094395102393,4.188790204786,
6.28318530718,8.377580409573),.UNSPECIFIED.) CURVE() 
GEOMETRIC_REPRESENTATION_ITEM() RATIONAL_B_SPLINE_CURVE((1.,0.5,1.,0.5,
1.,0.5,1.)) REPRESENTATION_ITEM('') );
#5272 = CARTESIAN_POINT('',(19.890000000002,37.640000000051));
#5273 = CARTESIAN_POINT('',(22.921088913247,37.640000000051));
#5274 = CARTESIAN_POINT('',(21.405544456624,35.015000000051));
#5275 = CARTESIAN_POINT('',(19.890000000002,32.390000000051));
#5276 = CARTESIAN_POINT('',(18.374455543379,35.015000000051));
#5277 = CARTESIAN_POINT('',(16.858911086756,37.640000000051));
#5278 = CARTESIAN_POINT('',(19.890000000002,37.640000000051));
#5279 = ( GEOMETRIC_REPRESENTATION_CONTEXT(2) 
PARAMETRIC_REPRESENTATION_CONTEXT() REPRESENTATION_CONTEXT('2D SPACE',''
  ) );
#5280 = PCURVE('',#5281,#5286);
#5281 = CYLINDRICAL_SURFACE('',#5282,1.75);
#5282 = AXIS2_PLACEMENT_3D('',#5283,#5284,#5285);
#5283 = CARTESIAN_POINT('',(1.587677494221E-12,16.000000000051,-6.5));
#5284 = DIRECTION('',(0.,0.,-1.));
#5285 = DIRECTION('',(-1.,0.,-0.));
#5286 = DEFINITIONAL_REPRESENTATION('',(#5287),#5291);
#5287 = LINE('',#5288,#5289);
#5288 = CARTESIAN_POINT('',(1.570796326795,-6.5));
#5289 = VECTOR('',#5290,1.);
#5290 = DIRECTION('',(1.,0.));
#5291 = ( GEOMETRIC_REPRESENTATION_CONTEXT(2) 
PARAMETRIC_REPRESENTATION_CONTEXT() REPRESENTATION_CONTEXT('2D SPACE',''
  ) );
#5292 = ORIENTED_EDGE('',*,*,#5293,.T.);
#5293 = EDGE_CURVE('',#5261,#5259,#5294,.T.);
#5294 = SURFACE_CURVE('',#5295,(#5300,#5311),.PCURVE_S1.);
#5295 = CIRCLE('',#5296,1.75);
#5296 = AXIS2_PLACEMENT_3D('',#5297,#5298,#5299);
#5297 = CARTESIAN_POINT('',(1.595213938023E-12,16.000000000051,0.));
#5298 = DIRECTION('',(0.,0.,-1.));
#5299 = DIRECTION('',(-2.05611995434E-15,-1.,-0.));
#5300 = PCURVE('',#5137,#5301);
#5301 = DEFINITIONAL_REPRESENTATION('',(#5302),#5310);
#5302 = ( BOUNDED_CURVE() B_SPLINE_CURVE(2,(#5303,#5304,#5305,#5306,
#5307,#5308,#5309),.UNSPECIFIED.,.T.,.F.) B_SPLINE_CURVE_WITH_KNOTS((1,2
    ,2,2,2,1),(-2.094395102393,0.,2.094395102393,4.188790204786,
6.28318530718,8.377580409573),.UNSPECIFIED.) CURVE() 
GEOMETRIC_REPRESENTATION_ITEM() RATIONAL_B_SPLINE_CURVE((1.,0.5,1.,0.5,
1.,0.5,1.)) REPRESENTATION_ITEM('') );
#5303 = CARTESIAN_POINT('',(19.890000000002,34.140000000051));
#5304 = CARTESIAN_POINT('',(16.858911086756,34.140000000051));
#5305 = CARTESIAN_POINT('',(18.374455543379,36.765000000051));
#5306 = CARTESIAN_POINT('',(19.890000000002,39.390000000051));
#5307 = CARTESIAN_POINT('',(21.405544456624,36.765000000051));
#5308 = CARTESIAN_POINT('',(22.921088913247,34.140000000051));
#5309 = CARTESIAN_POINT('',(19.890000000002,34.140000000051));
#5310 = ( GEOMETRIC_REPRESENTATION_CONTEXT(2) 
PARAMETRIC_REPRESENTATION_CONTEXT() REPRESENTATION_CONTEXT('2D SPACE',''
  ) );
#5311 = PCURVE('',#5312,#5317);
#5312 = CYLINDRICAL_SURFACE('',#5313,1.75);
#5313 = AXIS2_PLACEMENT_3D('',#5314,#5315,#5316);
#5314 = CARTESIAN_POINT('',(1.595213938023E-12,16.000000000051,-6.5));
#5315 = DIRECTION('',(0.,0.,-1.));
#5316 = DIRECTION('',(-1.,0.,-0.));
#5317 = DEFINITIONAL_REPRESENTATION('',(#5318),#5322);
#5318 = LINE('',#5319,#5320);
#5319 = CARTESIAN_POINT('',(-1.570796326795,-6.5));
#5320 = VECTOR('',#5321,1.);
#5321 = DIRECTION('',(1.,0.));
#5322 = ( GEOMETRIC_REPRESENTATION_CONTEXT(2) 
PARAMETRIC_REPRESENTATION_CONTEXT() REPRESENTATION_CONTEXT('2D SPACE',''
  ) );
#5323 = FACE_BOUND('',#5324,.T.);
#5324 = EDGE_LOOP('',(#5325,#5356));
#5325 = ORIENTED_EDGE('',*,*,#5326,.F.);
#5326 = EDGE_CURVE('',#5327,#5329,#5331,.T.);
#5327 = VERTEX_POINT('',#5328);
#5328 = CARTESIAN_POINT('',(-14.25,4.654054919229E-11,
    -3.552713678801E-15));
#5329 = VERTEX_POINT('',#5330);
#5330 = CARTESIAN_POINT('',(-17.75,5.843503458891E-11,
    -7.105427357601E-15));
#5331 = SURFACE_CURVE('',#5332,(#5337,#5344),.PCURVE_S1.);
#5332 = CIRCLE('',#5333,1.75);
#5333 = AXIS2_PLACEMENT_3D('',#5334,#5335,#5336);
#5334 = CARTESIAN_POINT('',(-16.,5.263700586511E-11,-3.552713678801E-15)
  );
#5335 = DIRECTION('',(0.,0.,1.));
#5336 = DIRECTION('',(1.,-3.483689527327E-12,0.));
#5337 = PCURVE('',#5137,#5338);
#5338 = DEFINITIONAL_REPRESENTATION('',(#5339),#5343);
#5339 = CIRCLE('',#5340,1.75);
#5340 = AXIS2_PLACEMENT_2D('',#5341,#5342);
#5341 = CARTESIAN_POINT('',(3.89,19.890000000053));
#5342 = DIRECTION('',(1.,-3.483689527327E-12));
#5343 = ( GEOMETRIC_REPRESENTATION_CONTEXT(2) 
PARAMETRIC_REPRESENTATION_CONTEXT() REPRESENTATION_CONTEXT('2D SPACE',''
  ) );
#5344 = PCURVE('',#5345,#5350);
#5345 = CYLINDRICAL_SURFACE('',#5346,1.75);
#5346 = AXIS2_PLACEMENT_3D('',#5347,#5348,#5349);
#5347 = CARTESIAN_POINT('',(-16.,5.229594535194E-11,-6.5));
#5348 = DIRECTION('',(0.,0.,1.));
#5349 = DIRECTION('',(1.,0.,-0.));
#5350 = DEFINITIONAL_REPRESENTATION('',(#5351),#5355);
#5351 = LINE('',#5352,#5353);
#5352 = CARTESIAN_POINT('',(0.,6.5));
#5353 = VECTOR('',#5354,1.);
#5354 = DIRECTION('',(1.,0.));
#5355 = ( GEOMETRIC_REPRESENTATION_CONTEXT(2) 
PARAMETRIC_REPRESENTATION_CONTEXT() REPRESENTATION_CONTEXT('2D SPACE',''
  ) );
#5356 = ORIENTED_EDGE('',*,*,#5357,.F.);
#5357 = EDGE_CURVE('',#5329,#5327,#5358,.T.);
#5358 = SURFACE_CURVE('',#5359,(#5364,#5371),.PCURVE_S1.);
#5359 = CIRCLE('',#5360,1.75);
#5360 = AXIS2_PLACEMENT_3D('',#5361,#5362,#5363);
#5361 = CARTESIAN_POINT('',(-16.,5.263703565906E-11,-3.552713678801E-15)
  );
#5362 = DIRECTION('',(0.,0.,1.));
#5363 = DIRECTION('',(-1.,3.288780780401E-12,0.));
#5364 = PCURVE('',#5137,#5365);
#5365 = DEFINITIONAL_REPRESENTATION('',(#5366),#5370);
#5366 = CIRCLE('',#5367,1.75);
#5367 = AXIS2_PLACEMENT_2D('',#5368,#5369);
#5368 = CARTESIAN_POINT('',(3.89,19.890000000053));
#5369 = DIRECTION('',(-1.,3.288780780401E-12));
#5370 = ( GEOMETRIC_REPRESENTATION_CONTEXT(2) 
PARAMETRIC_REPRESENTATION_CONTEXT() REPRESENTATION_CONTEXT('2D SPACE',''
  ) );
#5371 = PCURVE('',#5372,#5377);
#5372 = CYLINDRICAL_SURFACE('',#5373,1.75);
#5373 = AXIS2_PLACEMENT_3D('',#5374,#5375,#5376);
#5374 = CARTESIAN_POINT('',(-16.,5.229594535194E-11,-6.5));
#5375 = DIRECTION('',(0.,0.,1.));
#5376 = DIRECTION('',(1.,0.,-0.));
#5377 = DEFINITIONAL_REPRESENTATION('',(#5378),#5382);
#5378 = LINE('',#5379,#5380);
#5379 = CARTESIAN_POINT('',(3.141592653586,6.5));
#5380 = VECTOR('',#5381,1.);
#5381 = DIRECTION('',(1.,0.));
#5382 = ( GEOMETRIC_REPRESENTATION_CONTEXT(2) 
PARAMETRIC_REPRESENTATION_CONTEXT() REPRESENTATION_CONTEXT('2D SPACE',''
  ) );
#5383 = FACE_BOUND('',#5384,.T.);
#5384 = EDGE_LOOP('',(#5385,#5416));
#5385 = ORIENTED_EDGE('',*,*,#5386,.F.);
#5386 = EDGE_CURVE('',#5387,#5389,#5391,.T.);
#5387 = VERTEX_POINT('',#5388);
#5388 = CARTESIAN_POINT('',(-4.547473508865E-11,-14.24999999994,
    3.552713678801E-15));
#5389 = VERTEX_POINT('',#5390);
#5390 = CARTESIAN_POINT('',(-5.684341886081E-11,-17.74999999994,
    7.105427357601E-15));
#5391 = SURFACE_CURVE('',#5392,(#5397,#5404),.PCURVE_S1.);
#5392 = CIRCLE('',#5393,1.75);
#5393 = AXIS2_PLACEMENT_3D('',#5394,#5395,#5396);
#5394 = CARTESIAN_POINT('',(-5.104558994293E-11,-15.99999999994,
    3.552713678801E-15));
#5395 = DIRECTION('',(0.,0.,1.));
#5396 = DIRECTION('',(3.183345631017E-12,1.,-0.));
#5397 = PCURVE('',#5137,#5398);
#5398 = DEFINITIONAL_REPRESENTATION('',(#5399),#5403);
#5399 = CIRCLE('',#5400,1.75);
#5400 = AXIS2_PLACEMENT_2D('',#5401,#5402);
#5401 = CARTESIAN_POINT('',(19.889999999949,3.890000000051));
#5402 = DIRECTION('',(3.183345631017E-12,1.));
#5403 = ( GEOMETRIC_REPRESENTATION_CONTEXT(2) 
PARAMETRIC_REPRESENTATION_CONTEXT() REPRESENTATION_CONTEXT('2D SPACE',''
  ) );
#5404 = PCURVE('',#5405,#5410);
#5405 = CYLINDRICAL_SURFACE('',#5406,1.75);
#5406 = AXIS2_PLACEMENT_3D('',#5407,#5408,#5409);
#5407 = CARTESIAN_POINT('',(-5.127276381245E-11,-15.99999999994,-6.5));
#5408 = DIRECTION('',(0.,0.,1.));
#5409 = DIRECTION('',(1.,0.,-0.));
#5410 = DEFINITIONAL_REPRESENTATION('',(#5411),#5415);
#5411 = LINE('',#5412,#5413);
#5412 = CARTESIAN_POINT('',(1.570796326792,6.5));
#5413 = VECTOR('',#5414,1.);
#5414 = DIRECTION('',(1.,0.));
#5415 = ( GEOMETRIC_REPRESENTATION_CONTEXT(2) 
PARAMETRIC_REPRESENTATION_CONTEXT() REPRESENTATION_CONTEXT('2D SPACE',''
  ) );
#5416 = ORIENTED_EDGE('',*,*,#5417,.F.);
#5417 = EDGE_CURVE('',#5389,#5387,#5418,.T.);
#5418 = SURFACE_CURVE('',#5419,(#5424,#5431),.PCURVE_S1.);
#5419 = CIRCLE('',#5420,1.75);
#5420 = AXIS2_PLACEMENT_3D('',#5421,#5422,#5423);
#5421 = CARTESIAN_POINT('',(-5.104716649384E-11,-15.99999999994,
    3.552713678801E-15));
#5422 = DIRECTION('',(0.,0.,1.));
#5423 = DIRECTION('',(-3.312144209693E-12,-1.,0.));
#5424 = PCURVE('',#5137,#5425);
#5425 = DEFINITIONAL_REPRESENTATION('',(#5426),#5430);
#5426 = CIRCLE('',#5427,1.75);
#5427 = AXIS2_PLACEMENT_2D('',#5428,#5429);
#5428 = CARTESIAN_POINT('',(19.889999999949,3.890000000051));
#5429 = DIRECTION('',(-3.312144209693E-12,-1.));
#5430 = ( GEOMETRIC_REPRESENTATION_CONTEXT(2) 
PARAMETRIC_REPRESENTATION_CONTEXT() REPRESENTATION_CONTEXT('2D SPACE',''
  ) );
#5431 = PCURVE('',#5432,#5437);
#5432 = CYLINDRICAL_SURFACE('',#5433,1.75);
#5433 = AXIS2_PLACEMENT_3D('',#5434,#5435,#5436);
#5434 = CARTESIAN_POINT('',(-5.127276381245E-11,-15.99999999994,-6.5));
#5435 = DIRECTION('',(0.,0.,1.));
#5436 = DIRECTION('',(1.,0.,-0.));
#5437 = DEFINITIONAL_REPRESENTATION('',(#5438),#5442);
#5438 = LINE('',#5439,#5440);
#5439 = CARTESIAN_POINT('',(4.712388980382,6.5));
#5440 = VECTOR('',#5441,1.);
#5441 = DIRECTION('',(1.,0.));
#5442 = ( GEOMETRIC_REPRESENTATION_CONTEXT(2) 
PARAMETRIC_REPRESENTATION_CONTEXT() REPRESENTATION_CONTEXT('2D SPACE',''
  ) );
#5443 = ADVANCED_FACE('',(#5444),#5176,.T.);
#5444 = FACE_BOUND('',#5445,.T.);
#5445 = EDGE_LOOP('',(#5446,#5468,#5501,#5521));
#5446 = ORIENTED_EDGE('',*,*,#5447,.T.);
#5447 = EDGE_CURVE('',#5128,#5448,#5450,.T.);
#5448 = VERTEX_POINT('',#5449);
#5449 = CARTESIAN_POINT('',(-19.5,0.,-5.));
#5450 = SURFACE_CURVE('',#5451,(#5454,#5461),.PCURVE_S1.);
#5451 = B_SPLINE_CURVE_WITH_KNOTS('',1,(#5452,#5453),.UNSPECIFIED.,.F.,
  .F.,(2,2),(0.,5.),.PIECEWISE_BEZIER_KNOTS.);
#5452 = CARTESIAN_POINT('',(-19.5,0.,0.));
#5453 = CARTESIAN_POINT('',(-19.5,0.,-5.));
#5454 = PCURVE('',#5176,#5455);
#5455 = DEFINITIONAL_REPRESENTATION('',(#5456),#5460);
#5456 = LINE('',#5457,#5458);
#5457 = CARTESIAN_POINT('',(6.28318530718,-2.5));
#5458 = VECTOR('',#5459,1.);
#5459 = DIRECTION('',(0.,1.));
#5460 = ( GEOMETRIC_REPRESENTATION_CONTEXT(2) 
PARAMETRIC_REPRESENTATION_CONTEXT() REPRESENTATION_CONTEXT('2D SPACE',''
  ) );
#5461 = PCURVE('',#5149,#5462);
#5462 = DEFINITIONAL_REPRESENTATION('',(#5463),#5467);
#5463 = LINE('',#5464,#5465);
#5464 = CARTESIAN_POINT('',(0.,-2.5));
#5465 = VECTOR('',#5466,1.);
#5466 = DIRECTION('',(0.,1.));
#5467 = ( GEOMETRIC_REPRESENTATION_CONTEXT(2) 
PARAMETRIC_REPRESENTATION_CONTEXT() REPRESENTATION_CONTEXT('2D SPACE',''
  ) );
#5468 = ORIENTED_EDGE('',*,*,#5469,.T.);
#5469 = EDGE_CURVE('',#5448,#5470,#5472,.T.);
#5470 = VERTEX_POINT('',#5471);
#5471 = CARTESIAN_POINT('',(19.5,0.,-5.));
#5472 = SURFACE_CURVE('',#5473,(#5478,#5485),.PCURVE_S1.);
#5473 = CIRCLE('',#5474,19.5);
#5474 = AXIS2_PLACEMENT_3D('',#5475,#5476,#5477);
#5475 = CARTESIAN_POINT('',(0.,0.,-5.));
#5476 = DIRECTION('',(0.,0.,1.));
#5477 = DIRECTION('',(-1.,0.,0.));
#5478 = PCURVE('',#5176,#5479);
#5479 = DEFINITIONAL_REPRESENTATION('',(#5480),#5484);
#5480 = LINE('',#5481,#5482);
#5481 = CARTESIAN_POINT('',(6.28318530718,2.5));
#5482 = VECTOR('',#5483,1.);
#5483 = DIRECTION('',(-1.,0.));
#5484 = ( GEOMETRIC_REPRESENTATION_CONTEXT(2) 
PARAMETRIC_REPRESENTATION_CONTEXT() REPRESENTATION_CONTEXT('2D SPACE',''
  ) );
#5485 = PCURVE('',#5486,#5491);
#5486 = PLANE('',#5487);
#5487 = AXIS2_PLACEMENT_3D('',#5488,#5489,#5490);
#5488 = CARTESIAN_POINT('',(-19.89,-19.89,-5.));
#5489 = DIRECTION('',(0.,0.,-1.));
#5490 = DIRECTION('',(-1.,0.,-0.));
#5491 = DEFINITIONAL_REPRESENTATION('',(#5492),#5500);
#5492 = ( BOUNDED_CURVE() B_SPLINE_CURVE(2,(#5493,#5494,#5495,#5496,
#5497,#5498,#5499),.UNSPECIFIED.,.T.,.F.) B_SPLINE_CURVE_WITH_KNOTS((1,2
    ,2,2,2,1),(-2.094395102393,0.,2.094395102393,4.188790204786,
6.28318530718,8.377580409573),.UNSPECIFIED.) CURVE() 
GEOMETRIC_REPRESENTATION_ITEM() RATIONAL_B_SPLINE_CURVE((1.,0.5,1.,0.5,
1.,0.5,1.)) REPRESENTATION_ITEM('') );
#5493 = CARTESIAN_POINT('',(-0.39,19.89));
#5494 = CARTESIAN_POINT('',(-0.39,-13.88499074759));
#5495 = CARTESIAN_POINT('',(-29.64,3.002504626203));
#5496 = CARTESIAN_POINT('',(-58.89,19.89));
#5497 = CARTESIAN_POINT('',(-29.64,36.777495373797));
#5498 = CARTESIAN_POINT('',(-0.39,53.664990747593));
#5499 = CARTESIAN_POINT('',(-0.39,19.89));
#5500 = ( GEOMETRIC_REPRESENTATION_CONTEXT(2) 
PARAMETRIC_REPRESENTATION_CONTEXT() REPRESENTATION_CONTEXT('2D SPACE',''
  ) );
#5501 = ORIENTED_EDGE('',*,*,#5502,.F.);
#5502 = EDGE_CURVE('',#5126,#5470,#5503,.T.);
#5503 = SURFACE_CURVE('',#5504,(#5507,#5514),.PCURVE_S1.);
#5504 = B_SPLINE_CURVE_WITH_KNOTS('',1,(#5505,#5506),.UNSPECIFIED.,.F.,
  .F.,(2,2),(0.,5.),.PIECEWISE_BEZIER_KNOTS.);
#5505 = CARTESIAN_POINT('',(19.5,0.,0.));
#5506 = CARTESIAN_POINT('',(19.5,0.,-5.));
#5507 = PCURVE('',#5176,#5508);
#5508 = DEFINITIONAL_REPRESENTATION('',(#5509),#5513);
#5509 = LINE('',#5510,#5511);
#5510 = CARTESIAN_POINT('',(3.14159265359,-2.5));
#5511 = VECTOR('',#5512,1.);
#5512 = DIRECTION('',(0.,1.));
#5513 = ( GEOMETRIC_REPRESENTATION_CONTEXT(2) 
PARAMETRIC_REPRESENTATION_CONTEXT() REPRESENTATION_CONTEXT('2D SPACE',''
  ) );
#5514 = PCURVE('',#5149,#5515);
#5515 = DEFINITIONAL_REPRESENTATION('',(#5516),#5520);
#5516 = LINE('',#5517,#5518);
#5517 = CARTESIAN_POINT('',(3.14159265359,-2.5));
#5518 = VECTOR('',#5519,1.);
#5519 = DIRECTION('',(0.,1.));
#5520 = ( GEOMETRIC_REPRESENTATION_CONTEXT(2) 
PARAMETRIC_REPRESENTATION_CONTEXT() REPRESENTATION_CONTEXT('2D SPACE',''
  ) );
#5521 = ORIENTED_EDGE('',*,*,#5161,.F.);
#5522 = ADVANCED_FACE('',(#5523,#5552,#5602,#5652,#5710),#5486,.T.);
#5523 = FACE_BOUND('',#5524,.T.);
#5524 = EDGE_LOOP('',(#5525,#5526));
#5525 = ORIENTED_EDGE('',*,*,#5469,.F.);
#5526 = ORIENTED_EDGE('',*,*,#5527,.F.);
#5527 = EDGE_CURVE('',#5470,#5448,#5528,.T.);
#5528 = SURFACE_CURVE('',#5529,(#5534,#5545),.PCURVE_S1.);
#5529 = CIRCLE('',#5530,19.5);
#5530 = AXIS2_PLACEMENT_3D('',#5531,#5532,#5533);
#5531 = CARTESIAN_POINT('',(0.,0.,-5.));
#5532 = DIRECTION('',(0.,0.,1.));
#5533 = DIRECTION('',(1.,0.,-0.));
#5534 = PCURVE('',#5486,#5535);
#5535 = DEFINITIONAL_REPRESENTATION('',(#5536),#5544);
#5536 = ( BOUNDED_CURVE() B_SPLINE_CURVE(2,(#5537,#5538,#5539,#5540,
#5541,#5542,#5543),.UNSPECIFIED.,.T.,.F.) B_SPLINE_CURVE_WITH_KNOTS((1,2
    ,2,2,2,1),(-2.094395102393,0.,2.094395102393,4.188790204786,
6.28318530718,8.377580409573),.UNSPECIFIED.) CURVE() 
GEOMETRIC_REPRESENTATION_ITEM() RATIONAL_B_SPLINE_CURVE((1.,0.5,1.,0.5,
1.,0.5,1.)) REPRESENTATION_ITEM('') );
#5537 = CARTESIAN_POINT('',(-39.39,19.89));
#5538 = CARTESIAN_POINT('',(-39.39,53.664990747593));
#5539 = CARTESIAN_POINT('',(-10.14,36.777495373797));
#5540 = CARTESIAN_POINT('',(19.11,19.89));
#5541 = CARTESIAN_POINT('',(-10.14,3.002504626203));
#5542 = CARTESIAN_POINT('',(-39.39,-13.88499074759));
#5543 = CARTESIAN_POINT('',(-39.39,19.89));
#5544 = ( GEOMETRIC_REPRESENTATION_CONTEXT(2) 
PARAMETRIC_REPRESENTATION_CONTEXT() REPRESENTATION_CONTEXT('2D SPACE',''
  ) );
#5545 = PCURVE('',#5149,#5546);
#5546 = DEFINITIONAL_REPRESENTATION('',(#5547),#5551);
#5547 = LINE('',#5548,#5549);
#5548 = CARTESIAN_POINT('',(3.14159265359,2.5));
#5549 = VECTOR('',#5550,1.);
#5550 = DIRECTION('',(-1.,0.));
#5551 = ( GEOMETRIC_REPRESENTATION_CONTEXT(2) 
PARAMETRIC_REPRESENTATION_CONTEXT() REPRESENTATION_CONTEXT('2D SPACE',''
  ) );
#5552 = FACE_BOUND('',#5553,.T.);
#5553 = EDGE_LOOP('',(#5554,#5580));
#5554 = ORIENTED_EDGE('',*,*,#5555,.F.);
#5555 = EDGE_CURVE('',#5556,#5558,#5560,.T.);
#5556 = VERTEX_POINT('',#5557);
#5557 = CARTESIAN_POINT('',(14.25,0.,-5.));
#5558 = VERTEX_POINT('',#5559);
#5559 = CARTESIAN_POINT('',(17.75,0.,-5.));
#5560 = SURFACE_CURVE('',#5561,(#5566,#5573),.PCURVE_S1.);
#5561 = CIRCLE('',#5562,1.75);
#5562 = AXIS2_PLACEMENT_3D('',#5563,#5564,#5565);
#5563 = CARTESIAN_POINT('',(16.,0.,-5.));
#5564 = DIRECTION('',(0.,0.,-1.));
#5565 = DIRECTION('',(-1.,0.,0.));
#5566 = PCURVE('',#5486,#5567);
#5567 = DEFINITIONAL_REPRESENTATION('',(#5568),#5572);
#5568 = CIRCLE('',#5569,1.75);
#5569 = AXIS2_PLACEMENT_2D('',#5570,#5571);
#5570 = CARTESIAN_POINT('',(-35.89,19.89));
#5571 = DIRECTION('',(1.,0.));
#5572 = ( GEOMETRIC_REPRESENTATION_CONTEXT(2) 
PARAMETRIC_REPRESENTATION_CONTEXT() REPRESENTATION_CONTEXT('2D SPACE',''
  ) );
#5573 = PCURVE('',#5244,#5574);
#5574 = DEFINITIONAL_REPRESENTATION('',(#5575),#5579);
#5575 = LINE('',#5576,#5577);
#5576 = CARTESIAN_POINT('',(0.,-1.5));
#5577 = VECTOR('',#5578,1.);
#5578 = DIRECTION('',(1.,0.));
#5579 = ( GEOMETRIC_REPRESENTATION_CONTEXT(2) 
PARAMETRIC_REPRESENTATION_CONTEXT() REPRESENTATION_CONTEXT('2D SPACE',''
  ) );
#5580 = ORIENTED_EDGE('',*,*,#5581,.F.);
#5581 = EDGE_CURVE('',#5558,#5556,#5582,.T.);
#5582 = SURFACE_CURVE('',#5583,(#5588,#5595),.PCURVE_S1.);
#5583 = CIRCLE('',#5584,1.75);
#5584 = AXIS2_PLACEMENT_3D('',#5585,#5586,#5587);
#5585 = CARTESIAN_POINT('',(16.,0.,-5.));
#5586 = DIRECTION('',(0.,0.,-1.));
#5587 = DIRECTION('',(1.,0.,0.));
#5588 = PCURVE('',#5486,#5589);
#5589 = DEFINITIONAL_REPRESENTATION('',(#5590),#5594);
#5590 = CIRCLE('',#5591,1.75);
#5591 = AXIS2_PLACEMENT_2D('',#5592,#5593);
#5592 = CARTESIAN_POINT('',(-35.89,19.89));
#5593 = DIRECTION('',(-1.,0.));
#5594 = ( GEOMETRIC_REPRESENTATION_CONTEXT(2) 
PARAMETRIC_REPRESENTATION_CONTEXT() REPRESENTATION_CONTEXT('2D SPACE',''
  ) );
#5595 = PCURVE('',#5213,#5596);
#5596 = DEFINITIONAL_REPRESENTATION('',(#5597),#5601);
#5597 = LINE('',#5598,#5599);
#5598 = CARTESIAN_POINT('',(3.14159265359,-1.5));
#5599 = VECTOR('',#5600,1.);
#5600 = DIRECTION('',(1.,0.));
#5601 = ( GEOMETRIC_REPRESENTATION_CONTEXT(2) 
PARAMETRIC_REPRESENTATION_CONTEXT() REPRESENTATION_CONTEXT('2D SPACE',''
  ) );
#5602 = FACE_BOUND('',#5603,.T.);
#5603 = EDGE_LOOP('',(#5604,#5630));
#5604 = ORIENTED_EDGE('',*,*,#5605,.F.);
#5605 = EDGE_CURVE('',#5606,#5608,#5610,.T.);
#5606 = VERTEX_POINT('',#5607);
#5607 = CARTESIAN_POINT('',(1.591615728103E-12,14.250000000051,-5.));
#5608 = VERTEX_POINT('',#5609);
#5609 = CARTESIAN_POINT('',(1.477928890381E-12,17.750000000051,-5.));
#5610 = SURFACE_CURVE('',#5611,(#5616,#5623),.PCURVE_S1.);
#5611 = CIRCLE('',#5612,1.75);
#5612 = AXIS2_PLACEMENT_3D('',#5613,#5614,#5615);
#5613 = CARTESIAN_POINT('',(1.595213938023E-12,16.000000000051,-5.));
#5614 = DIRECTION('',(0.,0.,-1.));
#5615 = DIRECTION('',(-2.05611995434E-15,-1.,-0.));
#5616 = PCURVE('',#5486,#5617);
#5617 = DEFINITIONAL_REPRESENTATION('',(#5618),#5622);
#5618 = CIRCLE('',#5619,1.75);
#5619 = AXIS2_PLACEMENT_2D('',#5620,#5621);
#5620 = CARTESIAN_POINT('',(-19.89,35.890000000051));
#5621 = DIRECTION('',(2.05611995434E-15,-1.));
#5622 = ( GEOMETRIC_REPRESENTATION_CONTEXT(2) 
PARAMETRIC_REPRESENTATION_CONTEXT() REPRESENTATION_CONTEXT('2D SPACE',''
  ) );
#5623 = PCURVE('',#5312,#5624);
#5624 = DEFINITIONAL_REPRESENTATION('',(#5625),#5629);
#5625 = LINE('',#5626,#5627);
#5626 = CARTESIAN_POINT('',(-1.570796326795,-1.5));
#5627 = VECTOR('',#5628,1.);
#5628 = DIRECTION('',(1.,0.));
#5629 = ( GEOMETRIC_REPRESENTATION_CONTEXT(2) 
PARAMETRIC_REPRESENTATION_CONTEXT() REPRESENTATION_CONTEXT('2D SPACE',''
  ) );
#5630 = ORIENTED_EDGE('',*,*,#5631,.F.);
#5631 = EDGE_CURVE('',#5608,#5606,#5632,.T.);
#5632 = SURFACE_CURVE('',#5633,(#5638,#5645),.PCURVE_S1.);
#5633 = CIRCLE('',#5634,1.75);
#5634 = AXIS2_PLACEMENT_3D('',#5635,#5636,#5637);
#5635 = CARTESIAN_POINT('',(1.587677494221E-12,16.000000000051,-5.));
#5636 = DIRECTION('',(0.,0.,-1.));
#5637 = DIRECTION('',(2.250419360907E-15,1.,0.));
#5638 = PCURVE('',#5486,#5639);
#5639 = DEFINITIONAL_REPRESENTATION('',(#5640),#5644);
#5640 = CIRCLE('',#5641,1.75);
#5641 = AXIS2_PLACEMENT_2D('',#5642,#5643);
#5642 = CARTESIAN_POINT('',(-19.89,35.890000000051));
#5643 = DIRECTION('',(-2.250419360907E-15,1.));
#5644 = ( GEOMETRIC_REPRESENTATION_CONTEXT(2) 
PARAMETRIC_REPRESENTATION_CONTEXT() REPRESENTATION_CONTEXT('2D SPACE',''
  ) );
#5645 = PCURVE('',#5281,#5646);
#5646 = DEFINITIONAL_REPRESENTATION('',(#5647),#5651);
#5647 = LINE('',#5648,#5649);
#5648 = CARTESIAN_POINT('',(1.570796326795,-1.5));
#5649 = VECTOR('',#5650,1.);
#5650 = DIRECTION('',(1.,0.));
#5651 = ( GEOMETRIC_REPRESENTATION_CONTEXT(2) 
PARAMETRIC_REPRESENTATION_CONTEXT() REPRESENTATION_CONTEXT('2D SPACE',''
  ) );
#5652 = FACE_BOUND('',#5653,.T.);
#5653 = EDGE_LOOP('',(#5654,#5684));
#5654 = ORIENTED_EDGE('',*,*,#5655,.T.);
#5655 = EDGE_CURVE('',#5656,#5658,#5660,.T.);
#5656 = VERTEX_POINT('',#5657);
#5657 = CARTESIAN_POINT('',(-17.75,5.843503458891E-11,-5.));
#5658 = VERTEX_POINT('',#5659);
#5659 = CARTESIAN_POINT('',(-14.25,4.654054919229E-11,-5.));
#5660 = SURFACE_CURVE('',#5661,(#5666,#5677),.PCURVE_S1.);
#5661 = CIRCLE('',#5662,1.75);
#5662 = AXIS2_PLACEMENT_3D('',#5663,#5664,#5665);
#5663 = CARTESIAN_POINT('',(-16.,5.263703565906E-11,-5.));
#5664 = DIRECTION('',(0.,0.,1.));
#5665 = DIRECTION('',(-1.,3.288780780401E-12,0.));
#5666 = PCURVE('',#5486,#5667);
#5667 = DEFINITIONAL_REPRESENTATION('',(#5668),#5676);
#5668 = ( BOUNDED_CURVE() B_SPLINE_CURVE(2,(#5669,#5670,#5671,#5672,
#5673,#5674,#5675),.UNSPECIFIED.,.T.,.F.) B_SPLINE_CURVE_WITH_KNOTS((1,2
    ,2,2,2,1),(-2.094395102393,0.,2.094395102393,4.188790204786,
6.28318530718,8.377580409573),.UNSPECIFIED.) CURVE() 
GEOMETRIC_REPRESENTATION_ITEM() RATIONAL_B_SPLINE_CURVE((1.,0.5,1.,0.5,
1.,0.5,1.)) REPRESENTATION_ITEM('') );
#5669 = CARTESIAN_POINT('',(-2.14,19.890000000058));
#5670 = CARTESIAN_POINT('',(-2.13999999999,16.858911086813));
#5671 = CARTESIAN_POINT('',(-4.764999999995,18.374455543427));
#5672 = CARTESIAN_POINT('',(-7.39,19.890000000041));
#5673 = CARTESIAN_POINT('',(-4.765000000005,21.405544456673));
#5674 = CARTESIAN_POINT('',(-2.14000000001,22.921088913304));
#5675 = CARTESIAN_POINT('',(-2.14,19.890000000058));
#5676 = ( GEOMETRIC_REPRESENTATION_CONTEXT(2) 
PARAMETRIC_REPRESENTATION_CONTEXT() REPRESENTATION_CONTEXT('2D SPACE',''
  ) );
#5677 = PCURVE('',#5372,#5678);
#5678 = DEFINITIONAL_REPRESENTATION('',(#5679),#5683);
#5679 = LINE('',#5680,#5681);
#5680 = CARTESIAN_POINT('',(3.141592653586,1.5));
#5681 = VECTOR('',#5682,1.);
#5682 = DIRECTION('',(1.,0.));
#5683 = ( GEOMETRIC_REPRESENTATION_CONTEXT(2) 
PARAMETRIC_REPRESENTATION_CONTEXT() REPRESENTATION_CONTEXT('2D SPACE',''
  ) );
#5684 = ORIENTED_EDGE('',*,*,#5685,.T.);
#5685 = EDGE_CURVE('',#5658,#5656,#5686,.T.);
#5686 = SURFACE_CURVE('',#5687,(#5692,#5703),.PCURVE_S1.);
#5687 = CIRCLE('',#5688,1.75);
#5688 = AXIS2_PLACEMENT_3D('',#5689,#5690,#5691);
#5689 = CARTESIAN_POINT('',(-16.,5.263700586511E-11,-5.));
#5690 = DIRECTION('',(0.,0.,1.));
#5691 = DIRECTION('',(1.,-3.483689527327E-12,0.));
#5692 = PCURVE('',#5486,#5693);
#5693 = DEFINITIONAL_REPRESENTATION('',(#5694),#5702);
#5694 = ( BOUNDED_CURVE() B_SPLINE_CURVE(2,(#5695,#5696,#5697,#5698,
#5699,#5700,#5701),.UNSPECIFIED.,.T.,.F.) B_SPLINE_CURVE_WITH_KNOTS((1,2
    ,2,2,2,1),(-2.094395102393,0.,2.094395102393,4.188790204786,
6.28318530718,8.377580409573),.UNSPECIFIED.) CURVE() 
GEOMETRIC_REPRESENTATION_ITEM() RATIONAL_B_SPLINE_CURVE((1.,0.5,1.,0.5,
1.,0.5,1.)) REPRESENTATION_ITEM('') );
#5695 = CARTESIAN_POINT('',(-5.64,19.890000000047));
#5696 = CARTESIAN_POINT('',(-5.640000000011,22.921088913292));
#5697 = CARTESIAN_POINT('',(-3.015000000005,21.405544456678));
#5698 = CARTESIAN_POINT('',(-0.39,19.890000000065));
#5699 = CARTESIAN_POINT('',(-3.014999999995,18.374455543433));
#5700 = CARTESIAN_POINT('',(-5.639999999989,16.858911086801));
#5701 = CARTESIAN_POINT('',(-5.64,19.890000000047));
#5702 = ( GEOMETRIC_REPRESENTATION_CONTEXT(2) 
PARAMETRIC_REPRESENTATION_CONTEXT() REPRESENTATION_CONTEXT('2D SPACE',''
  ) );
#5703 = PCURVE('',#5345,#5704);
#5704 = DEFINITIONAL_REPRESENTATION('',(#5705),#5709);
#5705 = LINE('',#5706,#5707);
#5706 = CARTESIAN_POINT('',(0.,1.5));
#5707 = VECTOR('',#5708,1.);
#5708 = DIRECTION('',(1.,0.));
#5709 = ( GEOMETRIC_REPRESENTATION_CONTEXT(2) 
PARAMETRIC_REPRESENTATION_CONTEXT() REPRESENTATION_CONTEXT('2D SPACE',''
  ) );
#5710 = FACE_BOUND('',#5711,.T.);
#5711 = EDGE_LOOP('',(#5712,#5742));
#5712 = ORIENTED_EDGE('',*,*,#5713,.T.);
#5713 = EDGE_CURVE('',#5714,#5716,#5718,.T.);
#5714 = VERTEX_POINT('',#5715);
#5715 = CARTESIAN_POINT('',(-5.684341886081E-11,-17.74999999994,-5.));
#5716 = VERTEX_POINT('',#5717);
#5717 = CARTESIAN_POINT('',(-4.547473508865E-11,-14.24999999994,-5.));
#5718 = SURFACE_CURVE('',#5719,(#5724,#5735),.PCURVE_S1.);
#5719 = CIRCLE('',#5720,1.75);
#5720 = AXIS2_PLACEMENT_3D('',#5721,#5722,#5723);
#5721 = CARTESIAN_POINT('',(-5.104716649384E-11,-15.99999999994,-5.));
#5722 = DIRECTION('',(0.,0.,1.));
#5723 = DIRECTION('',(-3.312144209693E-12,-1.,0.));
#5724 = PCURVE('',#5486,#5725);
#5725 = DEFINITIONAL_REPRESENTATION('',(#5726),#5734);
#5726 = ( BOUNDED_CURVE() B_SPLINE_CURVE(2,(#5727,#5728,#5729,#5730,
#5731,#5732,#5733),.UNSPECIFIED.,.T.,.F.) B_SPLINE_CURVE_WITH_KNOTS((1,2
    ,2,2,2,1),(-2.094395102393,0.,2.094395102393,4.188790204786,
6.28318530718,8.377580409573),.UNSPECIFIED.) CURVE() 
GEOMETRIC_REPRESENTATION_ITEM() RATIONAL_B_SPLINE_CURVE((1.,0.5,1.,0.5,
1.,0.5,1.)) REPRESENTATION_ITEM('') );
#5727 = CARTESIAN_POINT('',(-19.88999999994,2.140000000051));
#5728 = CARTESIAN_POINT('',(-22.92108891318,2.140000000041));
#5729 = CARTESIAN_POINT('',(-21.40554445657,4.765000000046));
#5730 = CARTESIAN_POINT('',(-19.88999999996,7.390000000051));
#5731 = CARTESIAN_POINT('',(-18.37445554332,4.765000000056));
#5732 = CARTESIAN_POINT('',(-16.85891108669,2.140000000061));
#5733 = CARTESIAN_POINT('',(-19.88999999994,2.140000000051));
#5734 = ( GEOMETRIC_REPRESENTATION_CONTEXT(2) 
PARAMETRIC_REPRESENTATION_CONTEXT() REPRESENTATION_CONTEXT('2D SPACE',''
  ) );
#5735 = PCURVE('',#5432,#5736);
#5736 = DEFINITIONAL_REPRESENTATION('',(#5737),#5741);
#5737 = LINE('',#5738,#5739);
#5738 = CARTESIAN_POINT('',(4.712388980382,1.5));
#5739 = VECTOR('',#5740,1.);
#5740 = DIRECTION('',(1.,0.));
#5741 = ( GEOMETRIC_REPRESENTATION_CONTEXT(2) 
PARAMETRIC_REPRESENTATION_CONTEXT() REPRESENTATION_CONTEXT('2D SPACE',''
  ) );
#5742 = ORIENTED_EDGE('',*,*,#5743,.T.);
#5743 = EDGE_CURVE('',#5716,#5714,#5744,.T.);
#5744 = SURFACE_CURVE('',#5745,(#5750,#5761),.PCURVE_S1.);
#5745 = CIRCLE('',#5746,1.75);
#5746 = AXIS2_PLACEMENT_3D('',#5747,#5748,#5749);
#5747 = CARTESIAN_POINT('',(-5.104558994293E-11,-15.99999999994,-5.));
#5748 = DIRECTION('',(0.,0.,1.));
#5749 = DIRECTION('',(3.183345631017E-12,1.,-0.));
#5750 = PCURVE('',#5486,#5751);
#5751 = DEFINITIONAL_REPRESENTATION('',(#5752),#5760);
#5752 = ( BOUNDED_CURVE() B_SPLINE_CURVE(2,(#5753,#5754,#5755,#5756,
#5757,#5758,#5759),.UNSPECIFIED.,.T.,.F.) B_SPLINE_CURVE_WITH_KNOTS((1,2
    ,2,2,2,1),(-2.094395102393,0.,2.094395102393,4.188790204786,
6.28318530718,8.377580409573),.UNSPECIFIED.) CURVE() 
GEOMETRIC_REPRESENTATION_ITEM() RATIONAL_B_SPLINE_CURVE((1.,0.5,1.,0.5,
1.,0.5,1.)) REPRESENTATION_ITEM('') );
#5753 = CARTESIAN_POINT('',(-19.88999999995,5.640000000051));
#5754 = CARTESIAN_POINT('',(-16.8589110867,5.640000000061));
#5755 = CARTESIAN_POINT('',(-18.37445554332,3.015000000056));
#5756 = CARTESIAN_POINT('',(-19.88999999993,0.390000000051));
#5757 = CARTESIAN_POINT('',(-21.40554445656,3.015000000046));
#5758 = CARTESIAN_POINT('',(-22.9210889132,5.640000000042));
#5759 = CARTESIAN_POINT('',(-19.88999999995,5.640000000051));
#5760 = ( GEOMETRIC_REPRESENTATION_CONTEXT(2) 
PARAMETRIC_REPRESENTATION_CONTEXT() REPRESENTATION_CONTEXT('2D SPACE',''
  ) );
#5761 = PCURVE('',#5405,#5762);
#5762 = DEFINITIONAL_REPRESENTATION('',(#5763),#5767);
#5763 = LINE('',#5764,#5765);
#5764 = CARTESIAN_POINT('',(1.570796326792,1.5));
#5765 = VECTOR('',#5766,1.);
#5766 = DIRECTION('',(1.,0.));
#5767 = ( GEOMETRIC_REPRESENTATION_CONTEXT(2) 
PARAMETRIC_REPRESENTATION_CONTEXT() REPRESENTATION_CONTEXT('2D SPACE',''
  ) );
#5768 = ADVANCED_FACE('',(#5769),#5213,.F.);
#5769 = FACE_BOUND('',#5770,.F.);
#5770 = EDGE_LOOP('',(#5771,#5791,#5792,#5812));
#5771 = ORIENTED_EDGE('',*,*,#5772,.T.);
#5772 = EDGE_CURVE('',#5193,#5556,#5773,.T.);
#5773 = SURFACE_CURVE('',#5774,(#5777,#5784),.PCURVE_S1.);
#5774 = B_SPLINE_CURVE_WITH_KNOTS('',1,(#5775,#5776),.UNSPECIFIED.,.F.,
  .F.,(2,2),(4.,9.),.PIECEWISE_BEZIER_KNOTS.);
#5775 = CARTESIAN_POINT('',(14.25,0.,0.));
#5776 = CARTESIAN_POINT('',(14.25,0.,-5.));
#5777 = PCURVE('',#5213,#5778);
#5778 = DEFINITIONAL_REPRESENTATION('',(#5779),#5783);
#5779 = LINE('',#5780,#5781);
#5780 = CARTESIAN_POINT('',(6.28318530718,-10.5));
#5781 = VECTOR('',#5782,1.);
#5782 = DIRECTION('',(0.,1.));
#5783 = ( GEOMETRIC_REPRESENTATION_CONTEXT(2) 
PARAMETRIC_REPRESENTATION_CONTEXT() REPRESENTATION_CONTEXT('2D SPACE',''
  ) );
#5784 = PCURVE('',#5244,#5785);
#5785 = DEFINITIONAL_REPRESENTATION('',(#5786),#5790);
#5786 = LINE('',#5787,#5788);
#5787 = CARTESIAN_POINT('',(0.,-10.5));
#5788 = VECTOR('',#5789,1.);
#5789 = DIRECTION('',(0.,1.));
#5790 = ( GEOMETRIC_REPRESENTATION_CONTEXT(2) 
PARAMETRIC_REPRESENTATION_CONTEXT() REPRESENTATION_CONTEXT('2D SPACE',''
  ) );
#5791 = ORIENTED_EDGE('',*,*,#5581,.F.);
#5792 = ORIENTED_EDGE('',*,*,#5793,.F.);
#5793 = EDGE_CURVE('',#5191,#5558,#5794,.T.);
#5794 = SURFACE_CURVE('',#5795,(#5798,#5805),.PCURVE_S1.);
#5795 = B_SPLINE_CURVE_WITH_KNOTS('',1,(#5796,#5797),.UNSPECIFIED.,.F.,
  .F.,(2,2),(4.,9.),.PIECEWISE_BEZIER_KNOTS.);
#5796 = CARTESIAN_POINT('',(17.75,0.,0.));
#5797 = CARTESIAN_POINT('',(17.75,0.,-5.));
#5798 = PCURVE('',#5213,#5799);
#5799 = DEFINITIONAL_REPRESENTATION('',(#5800),#5804);
#5800 = LINE('',#5801,#5802);
#5801 = CARTESIAN_POINT('',(3.14159265359,-10.5));
#5802 = VECTOR('',#5803,1.);
#5803 = DIRECTION('',(0.,1.));
#5804 = ( GEOMETRIC_REPRESENTATION_CONTEXT(2) 
PARAMETRIC_REPRESENTATION_CONTEXT() REPRESENTATION_CONTEXT('2D SPACE',''
  ) );
#5805 = PCURVE('',#5244,#5806);
#5806 = DEFINITIONAL_REPRESENTATION('',(#5807),#5811);
#5807 = LINE('',#5808,#5809);
#5808 = CARTESIAN_POINT('',(3.14159265359,-10.5));
#5809 = VECTOR('',#5810,1.);
#5810 = DIRECTION('',(0.,1.));
#5811 = ( GEOMETRIC_REPRESENTATION_CONTEXT(2) 
PARAMETRIC_REPRESENTATION_CONTEXT() REPRESENTATION_CONTEXT('2D SPACE',''
  ) );
#5812 = ORIENTED_EDGE('',*,*,#5190,.T.);
#5813 = ADVANCED_FACE('',(#5814),#5281,.F.);
#5814 = FACE_BOUND('',#5815,.F.);
#5815 = EDGE_LOOP('',(#5816,#5836,#5837,#5857));
#5816 = ORIENTED_EDGE('',*,*,#5817,.T.);
#5817 = EDGE_CURVE('',#5261,#5606,#5818,.T.);
#5818 = SURFACE_CURVE('',#5819,(#5822,#5829),.PCURVE_S1.);
#5819 = B_SPLINE_CURVE_WITH_KNOTS('',1,(#5820,#5821),.UNSPECIFIED.,.F.,
  .F.,(2,2),(4.,9.),.PIECEWISE_BEZIER_KNOTS.);
#5820 = CARTESIAN_POINT('',(1.591615728103E-12,14.250000000051,0.));
#5821 = CARTESIAN_POINT('',(1.591615728103E-12,14.250000000051,-5.));
#5822 = PCURVE('',#5281,#5823);
#5823 = DEFINITIONAL_REPRESENTATION('',(#5824),#5828);
#5824 = LINE('',#5825,#5826);
#5825 = CARTESIAN_POINT('',(4.712388980385,-10.5));
#5826 = VECTOR('',#5827,1.);
#5827 = DIRECTION('',(0.,1.));
#5828 = ( GEOMETRIC_REPRESENTATION_CONTEXT(2) 
PARAMETRIC_REPRESENTATION_CONTEXT() REPRESENTATION_CONTEXT('2D SPACE',''
  ) );
#5829 = PCURVE('',#5312,#5830);
#5830 = DEFINITIONAL_REPRESENTATION('',(#5831),#5835);
#5831 = LINE('',#5832,#5833);
#5832 = CARTESIAN_POINT('',(-1.570796326795,-10.5));
#5833 = VECTOR('',#5834,1.);
#5834 = DIRECTION('',(0.,1.));
#5835 = ( GEOMETRIC_REPRESENTATION_CONTEXT(2) 
PARAMETRIC_REPRESENTATION_CONTEXT() REPRESENTATION_CONTEXT('2D SPACE',''
  ) );
#5836 = ORIENTED_EDGE('',*,*,#5631,.F.);
#5837 = ORIENTED_EDGE('',*,*,#5838,.F.);
#5838 = EDGE_CURVE('',#5259,#5608,#5839,.T.);
#5839 = SURFACE_CURVE('',#5840,(#5843,#5850),.PCURVE_S1.);
#5840 = B_SPLINE_CURVE_WITH_KNOTS('',1,(#5841,#5842),.UNSPECIFIED.,.F.,
  .F.,(2,2),(4.,9.),.PIECEWISE_BEZIER_KNOTS.);
#5841 = CARTESIAN_POINT('',(1.591615728103E-12,17.750000000051,0.));
#5842 = CARTESIAN_POINT('',(1.477928890381E-12,17.750000000051,-5.));
#5843 = PCURVE('',#5281,#5844);
#5844 = DEFINITIONAL_REPRESENTATION('',(#5845),#5849);
#5845 = LINE('',#5846,#5847);
#5846 = CARTESIAN_POINT('',(1.570796326795,-10.5));
#5847 = VECTOR('',#5848,1.);
#5848 = DIRECTION('',(-1.296740492762E-14,1.));
#5849 = ( GEOMETRIC_REPRESENTATION_CONTEXT(2) 
PARAMETRIC_REPRESENTATION_CONTEXT() REPRESENTATION_CONTEXT('2D SPACE',''
  ) );
#5850 = PCURVE('',#5312,#5851);
#5851 = DEFINITIONAL_REPRESENTATION('',(#5852),#5856);
#5852 = LINE('',#5853,#5854);
#5853 = CARTESIAN_POINT('',(1.570796326795,-10.5));
#5854 = VECTOR('',#5855,1.);
#5855 = DIRECTION('',(-1.314504061156E-14,1.));
#5856 = ( GEOMETRIC_REPRESENTATION_CONTEXT(2) 
PARAMETRIC_REPRESENTATION_CONTEXT() REPRESENTATION_CONTEXT('2D SPACE',''
  ) );
#5857 = ORIENTED_EDGE('',*,*,#5258,.T.);
#5858 = ADVANCED_FACE('',(#5859),#5372,.F.);
#5859 = FACE_BOUND('',#5860,.F.);
#5860 = EDGE_LOOP('',(#5861,#5862,#5882,#5883));
#5861 = ORIENTED_EDGE('',*,*,#5357,.F.);
#5862 = ORIENTED_EDGE('',*,*,#5863,.T.);
#5863 = EDGE_CURVE('',#5329,#5656,#5864,.T.);
#5864 = SURFACE_CURVE('',#5865,(#5868,#5875),.PCURVE_S1.);
#5865 = B_SPLINE_CURVE_WITH_KNOTS('',1,(#5866,#5867),.UNSPECIFIED.,.F.,
  .F.,(2,2),(4.,9.),.PIECEWISE_BEZIER_KNOTS.);
#5866 = CARTESIAN_POINT('',(-17.75,5.843503458891E-11,
    -7.105427357601E-15));
#5867 = CARTESIAN_POINT('',(-17.75,5.843503458891E-11,-5.));
#5868 = PCURVE('',#5372,#5869);
#5869 = DEFINITIONAL_REPRESENTATION('',(#5870),#5874);
#5870 = LINE('',#5871,#5872);
#5871 = CARTESIAN_POINT('',(3.141592653586,10.5));
#5872 = VECTOR('',#5873,1.);
#5873 = DIRECTION('',(0.,-1.));
#5874 = ( GEOMETRIC_REPRESENTATION_CONTEXT(2) 
PARAMETRIC_REPRESENTATION_CONTEXT() REPRESENTATION_CONTEXT('2D SPACE',''
  ) );
#5875 = PCURVE('',#5345,#5876);
#5876 = DEFINITIONAL_REPRESENTATION('',(#5877),#5881);
#5877 = LINE('',#5878,#5879);
#5878 = CARTESIAN_POINT('',(3.141592653586,10.5));
#5879 = VECTOR('',#5880,1.);
#5880 = DIRECTION('',(0.,-1.));
#5881 = ( GEOMETRIC_REPRESENTATION_CONTEXT(2) 
PARAMETRIC_REPRESENTATION_CONTEXT() REPRESENTATION_CONTEXT('2D SPACE',''
  ) );
#5882 = ORIENTED_EDGE('',*,*,#5655,.T.);
#5883 = ORIENTED_EDGE('',*,*,#5884,.F.);
#5884 = EDGE_CURVE('',#5327,#5658,#5885,.T.);
#5885 = SURFACE_CURVE('',#5886,(#5889,#5896),.PCURVE_S1.);
#5886 = B_SPLINE_CURVE_WITH_KNOTS('',1,(#5887,#5888),.UNSPECIFIED.,.F.,
  .F.,(2,2),(4.,9.),.PIECEWISE_BEZIER_KNOTS.);
#5887 = CARTESIAN_POINT('',(-14.25,4.654054919229E-11,-1.50990331349E-14
    ));
#5888 = CARTESIAN_POINT('',(-14.25,4.654054919229E-11,-5.));
#5889 = PCURVE('',#5372,#5890);
#5890 = DEFINITIONAL_REPRESENTATION('',(#5891),#5895);
#5891 = LINE('',#5892,#5893);
#5892 = CARTESIAN_POINT('',(6.28318530718,10.5));
#5893 = VECTOR('',#5894,1.);
#5894 = DIRECTION('',(0.,-1.));
#5895 = ( GEOMETRIC_REPRESENTATION_CONTEXT(2) 
PARAMETRIC_REPRESENTATION_CONTEXT() REPRESENTATION_CONTEXT('2D SPACE',''
  ) );
#5896 = PCURVE('',#5345,#5897);
#5897 = DEFINITIONAL_REPRESENTATION('',(#5898),#5902);
#5898 = LINE('',#5899,#5900);
#5899 = CARTESIAN_POINT('',(0.,10.5));
#5900 = VECTOR('',#5901,1.);
#5901 = DIRECTION('',(0.,-1.));
#5902 = ( GEOMETRIC_REPRESENTATION_CONTEXT(2) 
PARAMETRIC_REPRESENTATION_CONTEXT() REPRESENTATION_CONTEXT('2D SPACE',''
  ) );
#5903 = ADVANCED_FACE('',(#5904),#5432,.F.);
#5904 = FACE_BOUND('',#5905,.F.);
#5905 = EDGE_LOOP('',(#5906,#5907,#5927,#5928));
#5906 = ORIENTED_EDGE('',*,*,#5417,.F.);
#5907 = ORIENTED_EDGE('',*,*,#5908,.T.);
#5908 = EDGE_CURVE('',#5389,#5714,#5909,.T.);
#5909 = SURFACE_CURVE('',#5910,(#5913,#5920),.PCURVE_S1.);
#5910 = B_SPLINE_CURVE_WITH_KNOTS('',1,(#5911,#5912),.UNSPECIFIED.,.F.,
  .F.,(2,2),(4.,9.),.PIECEWISE_BEZIER_KNOTS.);
#5911 = CARTESIAN_POINT('',(-5.684341886081E-11,-17.74999999994,
    7.105427357601E-15));
#5912 = CARTESIAN_POINT('',(-5.684341886081E-11,-17.74999999994,-5.));
#5913 = PCURVE('',#5432,#5914);
#5914 = DEFINITIONAL_REPRESENTATION('',(#5915),#5919);
#5915 = LINE('',#5916,#5917);
#5916 = CARTESIAN_POINT('',(4.712388980382,10.5));
#5917 = VECTOR('',#5918,1.);
#5918 = DIRECTION('',(0.,-1.));
#5919 = ( GEOMETRIC_REPRESENTATION_CONTEXT(2) 
PARAMETRIC_REPRESENTATION_CONTEXT() REPRESENTATION_CONTEXT('2D SPACE',''
  ) );
#5920 = PCURVE('',#5405,#5921);
#5921 = DEFINITIONAL_REPRESENTATION('',(#5922),#5926);
#5922 = LINE('',#5923,#5924);
#5923 = CARTESIAN_POINT('',(4.712388980382,10.5));
#5924 = VECTOR('',#5925,1.);
#5925 = DIRECTION('',(0.,-1.));
#5926 = ( GEOMETRIC_REPRESENTATION_CONTEXT(2) 
PARAMETRIC_REPRESENTATION_CONTEXT() REPRESENTATION_CONTEXT('2D SPACE',''
  ) );
#5927 = ORIENTED_EDGE('',*,*,#5713,.T.);
#5928 = ORIENTED_EDGE('',*,*,#5929,.F.);
#5929 = EDGE_CURVE('',#5387,#5716,#5930,.T.);
#5930 = SURFACE_CURVE('',#5931,(#5934,#5941),.PCURVE_S1.);
#5931 = B_SPLINE_CURVE_WITH_KNOTS('',1,(#5932,#5933),.UNSPECIFIED.,.F.,
  .F.,(2,2),(4.,9.),.PIECEWISE_BEZIER_KNOTS.);
#5932 = CARTESIAN_POINT('',(-4.547473508865E-11,-14.24999999994,
    1.59872115546E-14));
#5933 = CARTESIAN_POINT('',(-4.547473508865E-11,-14.24999999994,-5.));
#5934 = PCURVE('',#5432,#5935);
#5935 = DEFINITIONAL_REPRESENTATION('',(#5936),#5940);
#5936 = LINE('',#5937,#5938);
#5937 = CARTESIAN_POINT('',(7.853981633971,10.5));
#5938 = VECTOR('',#5939,1.);
#5939 = DIRECTION('',(0.,-1.));
#5940 = ( GEOMETRIC_REPRESENTATION_CONTEXT(2) 
PARAMETRIC_REPRESENTATION_CONTEXT() REPRESENTATION_CONTEXT('2D SPACE',''
  ) );
#5941 = PCURVE('',#5405,#5942);
#5942 = DEFINITIONAL_REPRESENTATION('',(#5943),#5947);
#5943 = LINE('',#5944,#5945);
#5944 = CARTESIAN_POINT('',(1.570796326792,10.5));
#5945 = VECTOR('',#5946,1.);
#5946 = DIRECTION('',(0.,-1.));
#5947 = ( GEOMETRIC_REPRESENTATION_CONTEXT(2) 
PARAMETRIC_REPRESENTATION_CONTEXT() REPRESENTATION_CONTEXT('2D SPACE',''
  ) );
#5948 = ADVANCED_FACE('',(#5949),#5149,.T.);
#5949 = FACE_BOUND('',#5950,.T.);
#5950 = EDGE_LOOP('',(#5951,#5952,#5953,#5954));
#5951 = ORIENTED_EDGE('',*,*,#5125,.F.);
#5952 = ORIENTED_EDGE('',*,*,#5502,.T.);
#5953 = ORIENTED_EDGE('',*,*,#5527,.T.);
#5954 = ORIENTED_EDGE('',*,*,#5447,.F.);
#5955 = ADVANCED_FACE('',(#5956),#5244,.F.);
#5956 = FACE_BOUND('',#5957,.F.);
#5957 = EDGE_LOOP('',(#5958,#5959,#5960,#5961));
#5958 = ORIENTED_EDGE('',*,*,#5225,.T.);
#5959 = ORIENTED_EDGE('',*,*,#5793,.T.);
#5960 = ORIENTED_EDGE('',*,*,#5555,.F.);
#5961 = ORIENTED_EDGE('',*,*,#5772,.F.);
#5962 = ADVANCED_FACE('',(#5963),#5312,.F.);
#5963 = FACE_BOUND('',#5964,.F.);
#5964 = EDGE_LOOP('',(#5965,#5966,#5967,#5968));
#5965 = ORIENTED_EDGE('',*,*,#5293,.T.);
#5966 = ORIENTED_EDGE('',*,*,#5838,.T.);
#5967 = ORIENTED_EDGE('',*,*,#5605,.F.);
#5968 = ORIENTED_EDGE('',*,*,#5817,.F.);
#5969 = ADVANCED_FACE('',(#5970),#5345,.F.);
#5970 = FACE_BOUND('',#5971,.F.);
#5971 = EDGE_LOOP('',(#5972,#5973,#5974,#5975));
#5972 = ORIENTED_EDGE('',*,*,#5884,.T.);
#5973 = ORIENTED_EDGE('',*,*,#5685,.T.);
#5974 = ORIENTED_EDGE('',*,*,#5863,.F.);
#5975 = ORIENTED_EDGE('',*,*,#5326,.F.);
#5976 = ADVANCED_FACE('',(#5977),#5405,.F.);
#5977 = FACE_BOUND('',#5978,.F.);
#5978 = EDGE_LOOP('',(#5979,#5980,#5981,#5982));
#5979 = ORIENTED_EDGE('',*,*,#5929,.T.);
#5980 = ORIENTED_EDGE('',*,*,#5743,.T.);
#5981 = ORIENTED_EDGE('',*,*,#5908,.F.);
#5982 = ORIENTED_EDGE('',*,*,#5386,.F.);
#5983 = ( GEOMETRIC_REPRESENTATION_CONTEXT(3) 
GLOBAL_UNCERTAINTY_ASSIGNED_CONTEXT((#5987)) 
GLOBAL_UNIT_ASSIGNED_CONTEXT((#5984,#5985,#5986)) REPRESENTATION_CONTEXT
('Context #1','3D Context with UNIT and UNCERTAINTY') );
#5984 = ( LENGTH_UNIT() NAMED_UNIT(*) SI_UNIT(.MILLI.,.METRE.) );
#5985 = ( NAMED_UNIT(*) PLANE_ANGLE_UNIT() SI_UNIT($,.RADIAN.) );
#5986 = ( NAMED_UNIT(*) SI_UNIT($,.STERADIAN.) SOLID_ANGLE_UNIT() );
#5987 = UNCERTAINTY_MEASURE_WITH_UNIT(LENGTH_MEASURE(1.E-07),#5984,
  'distance_accuracy_value','confusion accuracy');
#5988 = CONTEXT_DEPENDENT_SHAPE_REPRESENTATION(#5989,#5991);
#5989 = ( REPRESENTATION_RELATIONSHIP('','',#4764,#10) 
REPRESENTATION_RELATIONSHIP_WITH_TRANSFORMATION(#5990) 
SHAPE_REPRESENTATION_RELATIONSHIP() );
#5990 = ITEM_DEFINED_TRANSFORMATION('','',#11,#27);
#5991 = PRODUCT_DEFINITION_SHAPE('Placement','Placement of an item',
  #5992);
#5992 = NEXT_ASSEMBLY_USAGE_OCCURRENCE('4','base_R','',#5,#4759,$);
#5993 = PRODUCT_RELATED_PRODUCT_CATEGORY('part',$,(#4761));
#5994 = SHAPE_DEFINITION_REPRESENTATION(#5995,#6001);
#5995 = PRODUCT_DEFINITION_SHAPE('','',#5996);
#5996 = PRODUCT_DEFINITION('design','',#5997,#6000);
#5997 = PRODUCT_DEFINITION_FORMATION('','',#5998);
#5998 = PRODUCT('mid_R','mid_R','',(#5999));
#5999 = PRODUCT_CONTEXT('',#2,'mechanical');
#6000 = PRODUCT_DEFINITION_CONTEXT('part definition',#2,'design');
#6001 = ADVANCED_BREP_SHAPE_REPRESENTATION('',(#11,#6002),#8197);
#6002 = MANIFOLD_SOLID_BREP('',#6003);
#6003 = CLOSED_SHELL('',(#6004,#6112,#6210,#6308,#6435,#6562,#6667,#6772
    ,#6863,#6954,#7102,#7193,#7352,#7363,#7434,#7658,#7684,#7853,#7894,
    #7901,#7908,#7915,#7922,#8183,#8190));
#6004 = ADVANCED_FACE('',(#6005),#6018,.T.);
#6005 = FACE_BOUND('',#6006,.T.);
#6006 = EDGE_LOOP('',(#6007,#6039,#6064,#6089));
#6007 = ORIENTED_EDGE('',*,*,#6008,.T.);
#6008 = EDGE_CURVE('',#6009,#6011,#6013,.T.);
#6009 = VERTEX_POINT('',#6010);
#6010 = CARTESIAN_POINT('',(11.999999999974,-6.,0.5));
#6011 = VERTEX_POINT('',#6012);
#6012 = CARTESIAN_POINT('',(11.999999999974,6.,0.5));
#6013 = SURFACE_CURVE('',#6014,(#6017,#6028),.PCURVE_S1.);
#6014 = B_SPLINE_CURVE_WITH_KNOTS('',1,(#6015,#6016),.UNSPECIFIED.,.F.,
  .F.,(2,2),(3.,15.),.PIECEWISE_BEZIER_KNOTS.);
#6015 = CARTESIAN_POINT('',(11.999999999974,-6.,0.5));
#6016 = CARTESIAN_POINT('',(11.999999999974,6.,0.5));
#6017 = PCURVE('',#6018,#6023);
#6018 = PLANE('',#6019);
#6019 = AXIS2_PLACEMENT_3D('',#6020,#6021,#6022);
#6020 = CARTESIAN_POINT('',(11.999999999974,6.,-6.));
#6021 = DIRECTION('',(1.,0.,0.));
#6022 = DIRECTION('',(-0.,0.,1.));
#6023 = DEFINITIONAL_REPRESENTATION('',(#6024),#6027);
#6024 = B_SPLINE_CURVE_WITH_KNOTS('',1,(#6025,#6026),.UNSPECIFIED.,.F.,
  .F.,(2,2),(3.,15.),.PIECEWISE_BEZIER_KNOTS.);
#6025 = CARTESIAN_POINT('',(6.5,12.));
#6026 = CARTESIAN_POINT('',(6.5,0.));
#6027 = ( GEOMETRIC_REPRESENTATION_CONTEXT(2) 
PARAMETRIC_REPRESENTATION_CONTEXT() REPRESENTATION_CONTEXT('2D SPACE',''
  ) );
#6028 = PCURVE('',#6029,#6034);
#6029 = PLANE('',#6030);
#6030 = AXIS2_PLACEMENT_3D('',#6031,#6032,#6033);
#6031 = CARTESIAN_POINT('',(34.999999999974,-9.,0.5));
#6032 = DIRECTION('',(0.,0.,-1.));
#6033 = DIRECTION('',(-1.,0.,-0.));
#6034 = DEFINITIONAL_REPRESENTATION('',(#6035),#6038);
#6035 = B_SPLINE_CURVE_WITH_KNOTS('',1,(#6036,#6037),.UNSPECIFIED.,.F.,
  .F.,(2,2),(3.,15.),.PIECEWISE_BEZIER_KNOTS.);
#6036 = CARTESIAN_POINT('',(23.,3.));
#6037 = CARTESIAN_POINT('',(23.,15.));
#6038 = ( GEOMETRIC_REPRESENTATION_CONTEXT(2) 
PARAMETRIC_REPRESENTATION_CONTEXT() REPRESENTATION_CONTEXT('2D SPACE',''
  ) );
#6039 = ORIENTED_EDGE('',*,*,#6040,.F.);
#6040 = EDGE_CURVE('',#6041,#6011,#6043,.T.);
#6041 = VERTEX_POINT('',#6042);
#6042 = CARTESIAN_POINT('',(11.999999999974,6.,6.));
#6043 = SURFACE_CURVE('',#6044,(#6047,#6053),.PCURVE_S1.);
#6044 = B_SPLINE_CURVE_WITH_KNOTS('',1,(#6045,#6046),.UNSPECIFIED.,.F.,
  .F.,(2,2),(-12.,-6.5),.PIECEWISE_BEZIER_KNOTS.);
#6045 = CARTESIAN_POINT('',(11.999999999974,6.,6.));
#6046 = CARTESIAN_POINT('',(11.999999999974,6.,0.5));
#6047 = PCURVE('',#6018,#6048);
#6048 = DEFINITIONAL_REPRESENTATION('',(#6049),#6052);
#6049 = B_SPLINE_CURVE_WITH_KNOTS('',1,(#6050,#6051),.UNSPECIFIED.,.F.,
  .F.,(2,2),(-12.,-6.5),.PIECEWISE_BEZIER_KNOTS.);
#6050 = CARTESIAN_POINT('',(12.,0.));
#6051 = CARTESIAN_POINT('',(6.5,0.));
#6052 = ( GEOMETRIC_REPRESENTATION_CONTEXT(2) 
PARAMETRIC_REPRESENTATION_CONTEXT() REPRESENTATION_CONTEXT('2D SPACE',''
  ) );
#6053 = PCURVE('',#6054,#6059);
#6054 = PLANE('',#6055);
#6055 = AXIS2_PLACEMENT_3D('',#6056,#6057,#6058);
#6056 = CARTESIAN_POINT('',(-22.00000000002,6.,-6.));
#6057 = DIRECTION('',(0.,1.,0.));
#6058 = DIRECTION('',(0.,-0.,1.));
#6059 = DEFINITIONAL_REPRESENTATION('',(#6060),#6063);
#6060 = B_SPLINE_CURVE_WITH_KNOTS('',1,(#6061,#6062),.UNSPECIFIED.,.F.,
  .F.,(2,2),(-12.,-6.5),.PIECEWISE_BEZIER_KNOTS.);
#6061 = CARTESIAN_POINT('',(12.,34.));
#6062 = CARTESIAN_POINT('',(6.5,34.));
#6063 = ( GEOMETRIC_REPRESENTATION_CONTEXT(2) 
PARAMETRIC_REPRESENTATION_CONTEXT() REPRESENTATION_CONTEXT('2D SPACE',''
  ) );
#6064 = ORIENTED_EDGE('',*,*,#6065,.F.);
#6065 = EDGE_CURVE('',#6066,#6041,#6068,.T.);
#6066 = VERTEX_POINT('',#6067);
#6067 = CARTESIAN_POINT('',(11.999999999974,-6.,6.));
#6068 = SURFACE_CURVE('',#6069,(#6072,#6078),.PCURVE_S1.);
#6069 = B_SPLINE_CURVE_WITH_KNOTS('',1,(#6070,#6071),.UNSPECIFIED.,.F.,
  .F.,(2,2),(0.,12.),.PIECEWISE_BEZIER_KNOTS.);
#6070 = CARTESIAN_POINT('',(11.999999999974,-6.,6.));
#6071 = CARTESIAN_POINT('',(11.999999999974,6.,6.));
#6072 = PCURVE('',#6018,#6073);
#6073 = DEFINITIONAL_REPRESENTATION('',(#6074),#6077);
#6074 = B_SPLINE_CURVE_WITH_KNOTS('',1,(#6075,#6076),.UNSPECIFIED.,.F.,
  .F.,(2,2),(0.,12.),.PIECEWISE_BEZIER_KNOTS.);
#6075 = CARTESIAN_POINT('',(12.,12.));
#6076 = CARTESIAN_POINT('',(12.,0.));
#6077 = ( GEOMETRIC_REPRESENTATION_CONTEXT(2) 
PARAMETRIC_REPRESENTATION_CONTEXT() REPRESENTATION_CONTEXT('2D SPACE',''
  ) );
#6078 = PCURVE('',#6079,#6084);
#6079 = PLANE('',#6080);
#6080 = AXIS2_PLACEMENT_3D('',#6081,#6082,#6083);
#6081 = CARTESIAN_POINT('',(-22.00000000002,-6.,6.));
#6082 = DIRECTION('',(0.,0.,1.));
#6083 = DIRECTION('',(1.,0.,-0.));
#6084 = DEFINITIONAL_REPRESENTATION('',(#6085),#6088);
#6085 = B_SPLINE_CURVE_WITH_KNOTS('',1,(#6086,#6087),.UNSPECIFIED.,.F.,
  .F.,(2,2),(0.,12.),.PIECEWISE_BEZIER_KNOTS.);
#6086 = CARTESIAN_POINT('',(34.,0.));
#6087 = CARTESIAN_POINT('',(34.,12.));
#6088 = ( GEOMETRIC_REPRESENTATION_CONTEXT(2) 
PARAMETRIC_REPRESENTATION_CONTEXT() REPRESENTATION_CONTEXT('2D SPACE',''
  ) );
#6089 = ORIENTED_EDGE('',*,*,#6090,.T.);
#6090 = EDGE_CURVE('',#6066,#6009,#6091,.T.);
#6091 = SURFACE_CURVE('',#6092,(#6095,#6101),.PCURVE_S1.);
#6092 = B_SPLINE_CURVE_WITH_KNOTS('',1,(#6093,#6094),.UNSPECIFIED.,.F.,
  .F.,(2,2),(-12.,-6.5),.PIECEWISE_BEZIER_KNOTS.);
#6093 = CARTESIAN_POINT('',(11.999999999974,-6.,6.));
#6094 = CARTESIAN_POINT('',(11.999999999974,-6.,0.5));
#6095 = PCURVE('',#6018,#6096);
#6096 = DEFINITIONAL_REPRESENTATION('',(#6097),#6100);
#6097 = B_SPLINE_CURVE_WITH_KNOTS('',1,(#6098,#6099),.UNSPECIFIED.,.F.,
  .F.,(2,2),(-12.,-6.5),.PIECEWISE_BEZIER_KNOTS.);
#6098 = CARTESIAN_POINT('',(12.,12.));
#6099 = CARTESIAN_POINT('',(6.5,12.));
#6100 = ( GEOMETRIC_REPRESENTATION_CONTEXT(2) 
PARAMETRIC_REPRESENTATION_CONTEXT() REPRESENTATION_CONTEXT('2D SPACE',''
  ) );
#6101 = PCURVE('',#6102,#6107);
#6102 = PLANE('',#6103);
#6103 = AXIS2_PLACEMENT_3D('',#6104,#6105,#6106);
#6104 = CARTESIAN_POINT('',(11.999999999974,-6.,-6.));
#6105 = DIRECTION('',(0.,-1.,0.));
#6106 = DIRECTION('',(0.,-0.,-1.));
#6107 = DEFINITIONAL_REPRESENTATION('',(#6108),#6111);
#6108 = B_SPLINE_CURVE_WITH_KNOTS('',1,(#6109,#6110),.UNSPECIFIED.,.F.,
  .F.,(2,2),(-12.,-6.5),.PIECEWISE_BEZIER_KNOTS.);
#6109 = CARTESIAN_POINT('',(-12.,0.));
#6110 = CARTESIAN_POINT('',(-6.5,0.));
#6111 = ( GEOMETRIC_REPRESENTATION_CONTEXT(2) 
PARAMETRIC_REPRESENTATION_CONTEXT() REPRESENTATION_CONTEXT('2D SPACE',''
  ) );
#6112 = ADVANCED_FACE('',(#6113),#6126,.T.);
#6113 = FACE_BOUND('',#6114,.T.);
#6114 = EDGE_LOOP('',(#6115,#6147,#6167,#6192));
#6115 = ORIENTED_EDGE('',*,*,#6116,.T.);
#6116 = EDGE_CURVE('',#6117,#6119,#6121,.T.);
#6117 = VERTEX_POINT('',#6118);
#6118 = CARTESIAN_POINT('',(11.999999999974,6.,-0.5));
#6119 = VERTEX_POINT('',#6120);
#6120 = CARTESIAN_POINT('',(11.999999999974,-6.,-0.5));
#6121 = SURFACE_CURVE('',#6122,(#6125,#6136),.PCURVE_S1.);
#6122 = B_SPLINE_CURVE_WITH_KNOTS('',1,(#6123,#6124),.UNSPECIFIED.,.F.,
  .F.,(2,2),(-12.,0.),.PIECEWISE_BEZIER_KNOTS.);
#6123 = CARTESIAN_POINT('',(11.999999999974,6.,-0.5));
#6124 = CARTESIAN_POINT('',(11.999999999974,-6.,-0.5));
#6125 = PCURVE('',#6126,#6131);
#6126 = PLANE('',#6127);
#6127 = AXIS2_PLACEMENT_3D('',#6128,#6129,#6130);
#6128 = CARTESIAN_POINT('',(11.999999999974,6.,-6.));
#6129 = DIRECTION('',(1.,0.,0.));
#6130 = DIRECTION('',(-0.,0.,1.));
#6131 = DEFINITIONAL_REPRESENTATION('',(#6132),#6135);
#6132 = B_SPLINE_CURVE_WITH_KNOTS('',1,(#6133,#6134),.UNSPECIFIED.,.F.,
  .F.,(2,2),(-12.,0.),.PIECEWISE_BEZIER_KNOTS.);
#6133 = CARTESIAN_POINT('',(5.5,0.));
#6134 = CARTESIAN_POINT('',(5.5,12.));
#6135 = ( GEOMETRIC_REPRESENTATION_CONTEXT(2) 
PARAMETRIC_REPRESENTATION_CONTEXT() REPRESENTATION_CONTEXT('2D SPACE',''
  ) );
#6136 = PCURVE('',#6137,#6142);
#6137 = PLANE('',#6138);
#6138 = AXIS2_PLACEMENT_3D('',#6139,#6140,#6141);
#6139 = CARTESIAN_POINT('',(1.999999999974,-9.,-0.5));
#6140 = DIRECTION('',(0.,0.,1.));
#6141 = DIRECTION('',(1.,0.,-0.));
#6142 = DEFINITIONAL_REPRESENTATION('',(#6143),#6146);
#6143 = B_SPLINE_CURVE_WITH_KNOTS('',1,(#6144,#6145),.UNSPECIFIED.,.F.,
  .F.,(2,2),(-12.,0.),.PIECEWISE_BEZIER_KNOTS.);
#6144 = CARTESIAN_POINT('',(10.,15.));
#6145 = CARTESIAN_POINT('',(10.,3.));
#6146 = ( GEOMETRIC_REPRESENTATION_CONTEXT(2) 
PARAMETRIC_REPRESENTATION_CONTEXT() REPRESENTATION_CONTEXT('2D SPACE',''
  ) );
#6147 = ORIENTED_EDGE('',*,*,#6148,.T.);
#6148 = EDGE_CURVE('',#6119,#6149,#6151,.T.);
#6149 = VERTEX_POINT('',#6150);
#6150 = CARTESIAN_POINT('',(11.999999999974,-6.,-6.));
#6151 = SURFACE_CURVE('',#6152,(#6155,#6161),.PCURVE_S1.);
#6152 = B_SPLINE_CURVE_WITH_KNOTS('',1,(#6153,#6154),.UNSPECIFIED.,.F.,
  .F.,(2,2),(-5.5,0.),.PIECEWISE_BEZIER_KNOTS.);
#6153 = CARTESIAN_POINT('',(11.999999999974,-6.,-0.5));
#6154 = CARTESIAN_POINT('',(11.999999999974,-6.,-6.));
#6155 = PCURVE('',#6126,#6156);
#6156 = DEFINITIONAL_REPRESENTATION('',(#6157),#6160);
#6157 = B_SPLINE_CURVE_WITH_KNOTS('',1,(#6158,#6159),.UNSPECIFIED.,.F.,
  .F.,(2,2),(-5.5,0.),.PIECEWISE_BEZIER_KNOTS.);
#6158 = CARTESIAN_POINT('',(5.5,12.));
#6159 = CARTESIAN_POINT('',(0.,12.));
#6160 = ( GEOMETRIC_REPRESENTATION_CONTEXT(2) 
PARAMETRIC_REPRESENTATION_CONTEXT() REPRESENTATION_CONTEXT('2D SPACE',''
  ) );
#6161 = PCURVE('',#6102,#6162);
#6162 = DEFINITIONAL_REPRESENTATION('',(#6163),#6166);
#6163 = B_SPLINE_CURVE_WITH_KNOTS('',1,(#6164,#6165),.UNSPECIFIED.,.F.,
  .F.,(2,2),(-5.5,0.),.PIECEWISE_BEZIER_KNOTS.);
#6164 = CARTESIAN_POINT('',(-5.5,0.));
#6165 = CARTESIAN_POINT('',(0.,0.));
#6166 = ( GEOMETRIC_REPRESENTATION_CONTEXT(2) 
PARAMETRIC_REPRESENTATION_CONTEXT() REPRESENTATION_CONTEXT('2D SPACE',''
  ) );
#6167 = ORIENTED_EDGE('',*,*,#6168,.T.);
#6168 = EDGE_CURVE('',#6149,#6169,#6171,.T.);
#6169 = VERTEX_POINT('',#6170);
#6170 = CARTESIAN_POINT('',(11.999999999974,6.,-6.));
#6171 = SURFACE_CURVE('',#6172,(#6175,#6181),.PCURVE_S1.);
#6172 = B_SPLINE_CURVE_WITH_KNOTS('',1,(#6173,#6174),.UNSPECIFIED.,.F.,
  .F.,(2,2),(0.,12.),.PIECEWISE_BEZIER_KNOTS.);
#6173 = CARTESIAN_POINT('',(11.999999999974,-6.,-6.));
#6174 = CARTESIAN_POINT('',(11.999999999974,6.,-6.));
#6175 = PCURVE('',#6126,#6176);
#6176 = DEFINITIONAL_REPRESENTATION('',(#6177),#6180);
#6177 = B_SPLINE_CURVE_WITH_KNOTS('',1,(#6178,#6179),.UNSPECIFIED.,.F.,
  .F.,(2,2),(0.,12.),.PIECEWISE_BEZIER_KNOTS.);
#6178 = CARTESIAN_POINT('',(0.,12.));
#6179 = CARTESIAN_POINT('',(0.,0.));
#6180 = ( GEOMETRIC_REPRESENTATION_CONTEXT(2) 
PARAMETRIC_REPRESENTATION_CONTEXT() REPRESENTATION_CONTEXT('2D SPACE',''
  ) );
#6181 = PCURVE('',#6182,#6187);
#6182 = PLANE('',#6183);
#6183 = AXIS2_PLACEMENT_3D('',#6184,#6185,#6186);
#6184 = CARTESIAN_POINT('',(-22.00000000002,-6.,-6.));
#6185 = DIRECTION('',(0.,0.,-1.));
#6186 = DIRECTION('',(-1.,0.,-0.));
#6187 = DEFINITIONAL_REPRESENTATION('',(#6188),#6191);
#6188 = B_SPLINE_CURVE_WITH_KNOTS('',1,(#6189,#6190),.UNSPECIFIED.,.F.,
  .F.,(2,2),(0.,12.),.PIECEWISE_BEZIER_KNOTS.);
#6189 = CARTESIAN_POINT('',(-34.,0.));
#6190 = CARTESIAN_POINT('',(-34.,12.));
#6191 = ( GEOMETRIC_REPRESENTATION_CONTEXT(2) 
PARAMETRIC_REPRESENTATION_CONTEXT() REPRESENTATION_CONTEXT('2D SPACE',''
  ) );
#6192 = ORIENTED_EDGE('',*,*,#6193,.F.);
#6193 = EDGE_CURVE('',#6117,#6169,#6194,.T.);
#6194 = SURFACE_CURVE('',#6195,(#6198,#6204),.PCURVE_S1.);
#6195 = B_SPLINE_CURVE_WITH_KNOTS('',1,(#6196,#6197),.UNSPECIFIED.,.F.,
  .F.,(2,2),(-5.5,0.),.PIECEWISE_BEZIER_KNOTS.);
#6196 = CARTESIAN_POINT('',(11.999999999974,6.,-0.5));
#6197 = CARTESIAN_POINT('',(11.999999999974,6.,-6.));
#6198 = PCURVE('',#6126,#6199);
#6199 = DEFINITIONAL_REPRESENTATION('',(#6200),#6203);
#6200 = B_SPLINE_CURVE_WITH_KNOTS('',1,(#6201,#6202),.UNSPECIFIED.,.F.,
  .F.,(2,2),(-5.5,0.),.PIECEWISE_BEZIER_KNOTS.);
#6201 = CARTESIAN_POINT('',(5.5,0.));
#6202 = CARTESIAN_POINT('',(0.,0.));
#6203 = ( GEOMETRIC_REPRESENTATION_CONTEXT(2) 
PARAMETRIC_REPRESENTATION_CONTEXT() REPRESENTATION_CONTEXT('2D SPACE',''
  ) );
#6204 = PCURVE('',#6054,#6205);
#6205 = DEFINITIONAL_REPRESENTATION('',(#6206),#6209);
#6206 = B_SPLINE_CURVE_WITH_KNOTS('',1,(#6207,#6208),.UNSPECIFIED.,.F.,
  .F.,(2,2),(-5.5,0.),.PIECEWISE_BEZIER_KNOTS.);
#6207 = CARTESIAN_POINT('',(5.5,34.));
#6208 = CARTESIAN_POINT('',(0.,34.));
#6209 = ( GEOMETRIC_REPRESENTATION_CONTEXT(2) 
PARAMETRIC_REPRESENTATION_CONTEXT() REPRESENTATION_CONTEXT('2D SPACE',''
  ) );
#6210 = ADVANCED_FACE('',(#6211),#6226,.F.);
#6211 = FACE_BOUND('',#6212,.F.);
#6212 = EDGE_LOOP('',(#6213,#6244,#6265,#6289));
#6213 = ORIENTED_EDGE('',*,*,#6214,.F.);
#6214 = EDGE_CURVE('',#6215,#6217,#6219,.T.);
#6215 = VERTEX_POINT('',#6216);
#6216 = CARTESIAN_POINT('',(2.958039891551,6.,-0.5));
#6217 = VERTEX_POINT('',#6218);
#6218 = CARTESIAN_POINT('',(2.958039891551,6.,0.5));
#6219 = SURFACE_CURVE('',#6220,(#6225,#6237),.PCURVE_S1.);
#6220 = CIRCLE('',#6221,3.000000000001);
#6221 = AXIS2_PLACEMENT_3D('',#6222,#6223,#6224);
#6222 = CARTESIAN_POINT('',(5.424398993139E-14,6.,-3.413593938699E-13));
#6223 = DIRECTION('',(0.,1.,0.));
#6224 = DIRECTION('',(0.986013297183,0.,-0.166666666667));
#6225 = PCURVE('',#6226,#6231);
#6226 = CYLINDRICAL_SURFACE('',#6227,3.);
#6227 = AXIS2_PLACEMENT_3D('',#6228,#6229,#6230);
#6228 = CARTESIAN_POINT('',(1.023072246078E-12,14.5,-1.749082998974E-13)
  );
#6229 = DIRECTION('',(0.,1.,0.));
#6230 = DIRECTION('',(0.,-0.,1.));
#6231 = DEFINITIONAL_REPRESENTATION('',(#6232),#6236);
#6232 = LINE('',#6233,#6234);
#6233 = CARTESIAN_POINT('',(1.738244406015,-8.5));
#6234 = VECTOR('',#6235,1.);
#6235 = DIRECTION('',(1.,0.));
#6236 = ( GEOMETRIC_REPRESENTATION_CONTEXT(2) 
PARAMETRIC_REPRESENTATION_CONTEXT() REPRESENTATION_CONTEXT('2D SPACE',''
  ) );
#6237 = PCURVE('',#6054,#6238);
#6238 = DEFINITIONAL_REPRESENTATION('',(#6239),#6243);
#6239 = CIRCLE('',#6240,3.000000000001);
#6240 = AXIS2_PLACEMENT_2D('',#6241,#6242);
#6241 = CARTESIAN_POINT('',(6.,22.000000000026));
#6242 = DIRECTION('',(-0.166666666667,0.986013297183));
#6243 = ( GEOMETRIC_REPRESENTATION_CONTEXT(2) 
PARAMETRIC_REPRESENTATION_CONTEXT() REPRESENTATION_CONTEXT('2D SPACE',''
  ) );
#6244 = ORIENTED_EDGE('',*,*,#6245,.F.);
#6245 = EDGE_CURVE('',#6246,#6215,#6248,.T.);
#6246 = VERTEX_POINT('',#6247);
#6247 = CARTESIAN_POINT('',(2.958039891551,-6.,-0.5));
#6248 = SURFACE_CURVE('',#6249,(#6252,#6259),.PCURVE_S1.);
#6249 = B_SPLINE_CURVE_WITH_KNOTS('',1,(#6250,#6251),.UNSPECIFIED.,.F.,
  .F.,(2,2),(3.,15.),.PIECEWISE_BEZIER_KNOTS.);
#6250 = CARTESIAN_POINT('',(2.958039891551,-6.,-0.5));
#6251 = CARTESIAN_POINT('',(2.958039891551,6.,-0.5));
#6252 = PCURVE('',#6226,#6253);
#6253 = DEFINITIONAL_REPRESENTATION('',(#6254),#6258);
#6254 = LINE('',#6255,#6256);
#6255 = CARTESIAN_POINT('',(1.738244406015,-23.5));
#6256 = VECTOR('',#6257,1.);
#6257 = DIRECTION('',(9.251858538543E-17,1.));
#6258 = ( GEOMETRIC_REPRESENTATION_CONTEXT(2) 
PARAMETRIC_REPRESENTATION_CONTEXT() REPRESENTATION_CONTEXT('2D SPACE',''
  ) );
#6259 = PCURVE('',#6137,#6260);
#6260 = DEFINITIONAL_REPRESENTATION('',(#6261),#6264);
#6261 = B_SPLINE_CURVE_WITH_KNOTS('',1,(#6262,#6263),.UNSPECIFIED.,.F.,
  .F.,(2,2),(3.,15.),.PIECEWISE_BEZIER_KNOTS.);
#6262 = CARTESIAN_POINT('',(0.958039891577,3.));
#6263 = CARTESIAN_POINT('',(0.958039891577,15.));
#6264 = ( GEOMETRIC_REPRESENTATION_CONTEXT(2) 
PARAMETRIC_REPRESENTATION_CONTEXT() REPRESENTATION_CONTEXT('2D SPACE',''
  ) );
#6265 = ORIENTED_EDGE('',*,*,#6266,.F.);
#6266 = EDGE_CURVE('',#6267,#6246,#6269,.T.);
#6267 = VERTEX_POINT('',#6268);
#6268 = CARTESIAN_POINT('',(2.958039891551,-6.,0.5));
#6269 = SURFACE_CURVE('',#6270,(#6275,#6282),.PCURVE_S1.);
#6270 = CIRCLE('',#6271,3.000000000001);
#6271 = AXIS2_PLACEMENT_3D('',#6272,#6273,#6274);
#6272 = CARTESIAN_POINT('',(-3.403305530033E-15,-6.,-1.866938833755E-16)
  );
#6273 = DIRECTION('',(0.,-1.,0.));
#6274 = DIRECTION('',(0.986013297183,0.,0.166666666667));
#6275 = PCURVE('',#6226,#6276);
#6276 = DEFINITIONAL_REPRESENTATION('',(#6277),#6281);
#6277 = LINE('',#6278,#6279);
#6278 = CARTESIAN_POINT('',(7.686533554755,-20.5));
#6279 = VECTOR('',#6280,1.);
#6280 = DIRECTION('',(-1.,0.));
#6281 = ( GEOMETRIC_REPRESENTATION_CONTEXT(2) 
PARAMETRIC_REPRESENTATION_CONTEXT() REPRESENTATION_CONTEXT('2D SPACE',''
  ) );
#6282 = PCURVE('',#6102,#6283);
#6283 = DEFINITIONAL_REPRESENTATION('',(#6284),#6288);
#6284 = CIRCLE('',#6285,3.000000000001);
#6285 = AXIS2_PLACEMENT_2D('',#6286,#6287);
#6286 = CARTESIAN_POINT('',(-6.,-11.99999999997));
#6287 = DIRECTION('',(-0.166666666667,0.986013297183));
#6288 = ( GEOMETRIC_REPRESENTATION_CONTEXT(2) 
PARAMETRIC_REPRESENTATION_CONTEXT() REPRESENTATION_CONTEXT('2D SPACE',''
  ) );
#6289 = ORIENTED_EDGE('',*,*,#6290,.F.);
#6290 = EDGE_CURVE('',#6217,#6267,#6291,.T.);
#6291 = SURFACE_CURVE('',#6292,(#6295,#6302),.PCURVE_S1.);
#6292 = B_SPLINE_CURVE_WITH_KNOTS('',1,(#6293,#6294),.UNSPECIFIED.,.F.,
  .F.,(2,2),(-12.,0.),.PIECEWISE_BEZIER_KNOTS.);
#6293 = CARTESIAN_POINT('',(2.958039891551,6.,0.5));
#6294 = CARTESIAN_POINT('',(2.958039891551,-6.,0.5));
#6295 = PCURVE('',#6226,#6296);
#6296 = DEFINITIONAL_REPRESENTATION('',(#6297),#6301);
#6297 = LINE('',#6298,#6299);
#6298 = CARTESIAN_POINT('',(7.686533554755,-20.5));
#6299 = VECTOR('',#6300,1.);
#6300 = DIRECTION('',(5.181040781584E-16,-1.));
#6301 = ( GEOMETRIC_REPRESENTATION_CONTEXT(2) 
PARAMETRIC_REPRESENTATION_CONTEXT() REPRESENTATION_CONTEXT('2D SPACE',''
  ) );
#6302 = PCURVE('',#6029,#6303);
#6303 = DEFINITIONAL_REPRESENTATION('',(#6304),#6307);
#6304 = B_SPLINE_CURVE_WITH_KNOTS('',1,(#6305,#6306),.UNSPECIFIED.,.F.,
  .F.,(2,2),(-12.,0.),.PIECEWISE_BEZIER_KNOTS.);
#6305 = CARTESIAN_POINT('',(32.041960108423,15.));
#6306 = CARTESIAN_POINT('',(32.041960108423,3.));
#6307 = ( GEOMETRIC_REPRESENTATION_CONTEXT(2) 
PARAMETRIC_REPRESENTATION_CONTEXT() REPRESENTATION_CONTEXT('2D SPACE',''
  ) );
#6308 = ADVANCED_FACE('',(#6309),#6322,.F.);
#6309 = FACE_BOUND('',#6310,.F.);
#6310 = EDGE_LOOP('',(#6311,#6367,#6391,#6413));
#6311 = ORIENTED_EDGE('',*,*,#6312,.T.);
#6312 = EDGE_CURVE('',#6313,#6315,#6317,.T.);
#6313 = VERTEX_POINT('',#6314);
#6314 = CARTESIAN_POINT('',(5.499999999974,-2.5,6.));
#6315 = VERTEX_POINT('',#6316);
#6316 = CARTESIAN_POINT('',(5.499999999974,-2.5,0.5));
#6317 = SURFACE_CURVE('',#6318,(#6321,#6355),.PCURVE_S1.);
#6318 = B_SPLINE_CURVE_WITH_KNOTS('',1,(#6319,#6320),.UNSPECIFIED.,.F.,
  .F.,(2,2),(0.,5.5),.PIECEWISE_BEZIER_KNOTS.);
#6319 = CARTESIAN_POINT('',(5.499999999974,-2.5,6.));
#6320 = CARTESIAN_POINT('',(5.499999999974,-2.5,0.5));
#6321 = PCURVE('',#6322,#6327);
#6322 = CYLINDRICAL_SURFACE('',#6323,1.5);
#6323 = AXIS2_PLACEMENT_3D('',#6324,#6325,#6326);
#6324 = CARTESIAN_POINT('',(6.999999999974,-2.5,-4.5));
#6325 = DIRECTION('',(0.,0.,-1.));
#6326 = DIRECTION('',(-1.,0.,-0.));
#6327 = DEFINITIONAL_REPRESENTATION('',(#6328),#6354);
#6328 = B_SPLINE_CURVE_WITH_KNOTS('',3,(#6329,#6330,#6331,#6332,#6333,
    #6334,#6335,#6336,#6337,#6338,#6339,#6340,#6341,#6342,#6343,#6344,
    #6345,#6346,#6347,#6348,#6349,#6350,#6351,#6352,#6353),
  .UNSPECIFIED.,.F.,.F.,(4,1,1,1,1,1,1,1,1,1,1,1,1,1,1,1,1,1,1,1,1,1,4),
  (0.,0.25,0.5,0.75,1.,1.25,1.5,1.75,2.,2.25,2.5,2.75,3.,3.25,3.5,3.75,
    4.,4.25,4.5,4.75,5.,5.25,5.5),.QUASI_UNIFORM_KNOTS.);
#6329 = CARTESIAN_POINT('',(6.28318530718,-10.5));
#6330 = CARTESIAN_POINT('',(6.28318530718,-10.41666666666));
#6331 = CARTESIAN_POINT('',(6.28318530718,-10.25));
#6332 = CARTESIAN_POINT('',(6.28318530718,-10.));
#6333 = CARTESIAN_POINT('',(6.28318530718,-9.75));
#6334 = CARTESIAN_POINT('',(6.28318530718,-9.5));
#6335 = CARTESIAN_POINT('',(6.28318530718,-9.25));
#6336 = CARTESIAN_POINT('',(6.28318530718,-9.));
#6337 = CARTESIAN_POINT('',(6.28318530718,-8.75));
#6338 = CARTESIAN_POINT('',(6.28318530718,-8.5));
#6339 = CARTESIAN_POINT('',(6.28318530718,-8.25));
#6340 = CARTESIAN_POINT('',(6.28318530718,-8.));
#6341 = CARTESIAN_POINT('',(6.28318530718,-7.75));
#6342 = CARTESIAN_POINT('',(6.28318530718,-7.5));
#6343 = CARTESIAN_POINT('',(6.28318530718,-7.25));
#6344 = CARTESIAN_POINT('',(6.28318530718,-7.));
#6345 = CARTESIAN_POINT('',(6.28318530718,-6.75));
#6346 = CARTESIAN_POINT('',(6.28318530718,-6.5));
#6347 = CARTESIAN_POINT('',(6.28318530718,-6.25));
#6348 = CARTESIAN_POINT('',(6.28318530718,-6.));
#6349 = CARTESIAN_POINT('',(6.28318530718,-5.75));
#6350 = CARTESIAN_POINT('',(6.28318530718,-5.5));
#6351 = CARTESIAN_POINT('',(6.28318530718,-5.25));
#6352 = CARTESIAN_POINT('',(6.28318530718,-5.083333333333));
#6353 = CARTESIAN_POINT('',(6.28318530718,-5.));
#6354 = ( GEOMETRIC_REPRESENTATION_CONTEXT(2) 
PARAMETRIC_REPRESENTATION_CONTEXT() REPRESENTATION_CONTEXT('2D SPACE',''
  ) );
#6355 = PCURVE('',#6356,#6361);
#6356 = CYLINDRICAL_SURFACE('',#6357,1.5);
#6357 = AXIS2_PLACEMENT_3D('',#6358,#6359,#6360);
#6358 = CARTESIAN_POINT('',(6.999999999974,-2.5,-4.5));
#6359 = DIRECTION('',(0.,0.,-1.));
#6360 = DIRECTION('',(-1.,0.,-0.));
#6361 = DEFINITIONAL_REPRESENTATION('',(#6362),#6366);
#6362 = LINE('',#6363,#6364);
#6363 = CARTESIAN_POINT('',(0.,-10.5));
#6364 = VECTOR('',#6365,1.);
#6365 = DIRECTION('',(0.,1.));
#6366 = ( GEOMETRIC_REPRESENTATION_CONTEXT(2) 
PARAMETRIC_REPRESENTATION_CONTEXT() REPRESENTATION_CONTEXT('2D SPACE',''
  ) );
#6367 = ORIENTED_EDGE('',*,*,#6368,.F.);
#6368 = EDGE_CURVE('',#6369,#6315,#6371,.T.);
#6369 = VERTEX_POINT('',#6370);
#6370 = CARTESIAN_POINT('',(8.499999999974,-2.5,0.5));
#6371 = SURFACE_CURVE('',#6372,(#6377,#6384),.PCURVE_S1.);
#6372 = CIRCLE('',#6373,1.5);
#6373 = AXIS2_PLACEMENT_3D('',#6374,#6375,#6376);
#6374 = CARTESIAN_POINT('',(6.999999999974,-2.5,0.5));
#6375 = DIRECTION('',(0.,0.,-1.));
#6376 = DIRECTION('',(1.,5.921189464668E-16,0.));
#6377 = PCURVE('',#6322,#6378);
#6378 = DEFINITIONAL_REPRESENTATION('',(#6379),#6383);
#6379 = LINE('',#6380,#6381);
#6380 = CARTESIAN_POINT('',(3.14159265359,-5.));
#6381 = VECTOR('',#6382,1.);
#6382 = DIRECTION('',(1.,0.));
#6383 = ( GEOMETRIC_REPRESENTATION_CONTEXT(2) 
PARAMETRIC_REPRESENTATION_CONTEXT() REPRESENTATION_CONTEXT('2D SPACE',''
  ) );
#6384 = PCURVE('',#6029,#6385);
#6385 = DEFINITIONAL_REPRESENTATION('',(#6386),#6390);
#6386 = CIRCLE('',#6387,1.5);
#6387 = AXIS2_PLACEMENT_2D('',#6388,#6389);
#6388 = CARTESIAN_POINT('',(28.,6.5));
#6389 = DIRECTION('',(-1.,5.921189464668E-16));
#6390 = ( GEOMETRIC_REPRESENTATION_CONTEXT(2) 
PARAMETRIC_REPRESENTATION_CONTEXT() REPRESENTATION_CONTEXT('2D SPACE',''
  ) );
#6391 = ORIENTED_EDGE('',*,*,#6392,.F.);
#6392 = EDGE_CURVE('',#6393,#6369,#6395,.T.);
#6393 = VERTEX_POINT('',#6394);
#6394 = CARTESIAN_POINT('',(8.499999999974,-2.5,6.));
#6395 = SURFACE_CURVE('',#6396,(#6399,#6406),.PCURVE_S1.);
#6396 = B_SPLINE_CURVE_WITH_KNOTS('',1,(#6397,#6398),.UNSPECIFIED.,.F.,
  .F.,(2,2),(0.,5.5),.PIECEWISE_BEZIER_KNOTS.);
#6397 = CARTESIAN_POINT('',(8.499999999974,-2.5,6.));
#6398 = CARTESIAN_POINT('',(8.499999999974,-2.5,0.5));
#6399 = PCURVE('',#6322,#6400);
#6400 = DEFINITIONAL_REPRESENTATION('',(#6401),#6405);
#6401 = LINE('',#6402,#6403);
#6402 = CARTESIAN_POINT('',(3.14159265359,-10.5));
#6403 = VECTOR('',#6404,1.);
#6404 = DIRECTION('',(0.,1.));
#6405 = ( GEOMETRIC_REPRESENTATION_CONTEXT(2) 
PARAMETRIC_REPRESENTATION_CONTEXT() REPRESENTATION_CONTEXT('2D SPACE',''
  ) );
#6406 = PCURVE('',#6356,#6407);
#6407 = DEFINITIONAL_REPRESENTATION('',(#6408),#6412);
#6408 = LINE('',#6409,#6410);
#6409 = CARTESIAN_POINT('',(3.14159265359,-10.5));
#6410 = VECTOR('',#6411,1.);
#6411 = DIRECTION('',(0.,1.));
#6412 = ( GEOMETRIC_REPRESENTATION_CONTEXT(2) 
PARAMETRIC_REPRESENTATION_CONTEXT() REPRESENTATION_CONTEXT('2D SPACE',''
  ) );
#6413 = ORIENTED_EDGE('',*,*,#6414,.F.);
#6414 = EDGE_CURVE('',#6313,#6393,#6415,.T.);
#6415 = SURFACE_CURVE('',#6416,(#6421,#6428),.PCURVE_S1.);
#6416 = CIRCLE('',#6417,1.5);
#6417 = AXIS2_PLACEMENT_3D('',#6418,#6419,#6420);
#6418 = CARTESIAN_POINT('',(6.999999999974,-2.5,6.));
#6419 = DIRECTION('',(0.,0.,1.));
#6420 = DIRECTION('',(-1.,0.,0.));
#6421 = PCURVE('',#6322,#6422);
#6422 = DEFINITIONAL_REPRESENTATION('',(#6423),#6427);
#6423 = LINE('',#6424,#6425);
#6424 = CARTESIAN_POINT('',(6.28318530718,-10.5));
#6425 = VECTOR('',#6426,1.);
#6426 = DIRECTION('',(-1.,0.));
#6427 = ( GEOMETRIC_REPRESENTATION_CONTEXT(2) 
PARAMETRIC_REPRESENTATION_CONTEXT() REPRESENTATION_CONTEXT('2D SPACE',''
  ) );
#6428 = PCURVE('',#6079,#6429);
#6429 = DEFINITIONAL_REPRESENTATION('',(#6430),#6434);
#6430 = CIRCLE('',#6431,1.5);
#6431 = AXIS2_PLACEMENT_2D('',#6432,#6433);
#6432 = CARTESIAN_POINT('',(29.,3.5));
#6433 = DIRECTION('',(-1.,0.));
#6434 = ( GEOMETRIC_REPRESENTATION_CONTEXT(2) 
PARAMETRIC_REPRESENTATION_CONTEXT() REPRESENTATION_CONTEXT('2D SPACE',''
  ) );
#6435 = ADVANCED_FACE('',(#6436),#6449,.F.);
#6436 = FACE_BOUND('',#6437,.F.);
#6437 = EDGE_LOOP('',(#6438,#6494,#6518,#6540));
#6438 = ORIENTED_EDGE('',*,*,#6439,.T.);
#6439 = EDGE_CURVE('',#6440,#6442,#6444,.T.);
#6440 = VERTEX_POINT('',#6441);
#6441 = CARTESIAN_POINT('',(5.499999999974,-2.5,-0.5));
#6442 = VERTEX_POINT('',#6443);
#6443 = CARTESIAN_POINT('',(5.499999999974,-2.5,-6.));
#6444 = SURFACE_CURVE('',#6445,(#6448,#6482),.PCURVE_S1.);
#6445 = B_SPLINE_CURVE_WITH_KNOTS('',1,(#6446,#6447),.UNSPECIFIED.,.F.,
  .F.,(2,2),(6.5,12.),.PIECEWISE_BEZIER_KNOTS.);
#6446 = CARTESIAN_POINT('',(5.499999999974,-2.5,-0.5));
#6447 = CARTESIAN_POINT('',(5.499999999974,-2.5,-6.));
#6448 = PCURVE('',#6449,#6454);
#6449 = CYLINDRICAL_SURFACE('',#6450,1.5);
#6450 = AXIS2_PLACEMENT_3D('',#6451,#6452,#6453);
#6451 = CARTESIAN_POINT('',(6.999999999974,-2.5,-4.5));
#6452 = DIRECTION('',(0.,0.,-1.));
#6453 = DIRECTION('',(-1.,0.,-0.));
#6454 = DEFINITIONAL_REPRESENTATION('',(#6455),#6481);
#6455 = B_SPLINE_CURVE_WITH_KNOTS('',3,(#6456,#6457,#6458,#6459,#6460,
    #6461,#6462,#6463,#6464,#6465,#6466,#6467,#6468,#6469,#6470,#6471,
    #6472,#6473,#6474,#6475,#6476,#6477,#6478,#6479,#6480),
  .UNSPECIFIED.,.F.,.F.,(4,1,1,1,1,1,1,1,1,1,1,1,1,1,1,1,1,1,1,1,1,1,4),
  (6.5,6.75,7.,7.25,7.5,7.75,8.,8.25,8.5,8.75,9.,9.25,9.5,9.75,10.,10.25
    ,10.5,10.75,11.,11.25,11.5,11.75,12.),.QUASI_UNIFORM_KNOTS.);
#6456 = CARTESIAN_POINT('',(6.28318530718,-4.));
#6457 = CARTESIAN_POINT('',(6.28318530718,-3.916666666667));
#6458 = CARTESIAN_POINT('',(6.28318530718,-3.75));
#6459 = CARTESIAN_POINT('',(6.28318530718,-3.5));
#6460 = CARTESIAN_POINT('',(6.28318530718,-3.25));
#6461 = CARTESIAN_POINT('',(6.28318530718,-3.));
#6462 = CARTESIAN_POINT('',(6.28318530718,-2.75));
#6463 = CARTESIAN_POINT('',(6.28318530718,-2.5));
#6464 = CARTESIAN_POINT('',(6.28318530718,-2.25));
#6465 = CARTESIAN_POINT('',(6.28318530718,-2.));
#6466 = CARTESIAN_POINT('',(6.28318530718,-1.75));
#6467 = CARTESIAN_POINT('',(6.28318530718,-1.5));
#6468 = CARTESIAN_POINT('',(6.28318530718,-1.25));
#6469 = CARTESIAN_POINT('',(6.28318530718,-1.));
#6470 = CARTESIAN_POINT('',(6.28318530718,-0.75));
#6471 = CARTESIAN_POINT('',(6.28318530718,-0.5));
#6472 = CARTESIAN_POINT('',(6.28318530718,-0.25));
#6473 = CARTESIAN_POINT('',(6.28318530718,5.912481836977E-16));
#6474 = CARTESIAN_POINT('',(6.28318530718,0.25));
#6475 = CARTESIAN_POINT('',(6.28318530718,0.5));
#6476 = CARTESIAN_POINT('',(6.28318530718,0.75));
#6477 = CARTESIAN_POINT('',(6.28318530718,1.));
#6478 = CARTESIAN_POINT('',(6.28318530718,1.25));
#6479 = CARTESIAN_POINT('',(6.28318530718,1.416666666667));
#6480 = CARTESIAN_POINT('',(6.28318530718,1.5));
#6481 = ( GEOMETRIC_REPRESENTATION_CONTEXT(2) 
PARAMETRIC_REPRESENTATION_CONTEXT() REPRESENTATION_CONTEXT('2D SPACE',''
  ) );
#6482 = PCURVE('',#6483,#6488);
#6483 = CYLINDRICAL_SURFACE('',#6484,1.5);
#6484 = AXIS2_PLACEMENT_3D('',#6485,#6486,#6487);
#6485 = CARTESIAN_POINT('',(6.999999999974,-2.5,-4.5));
#6486 = DIRECTION('',(0.,0.,-1.));
#6487 = DIRECTION('',(-1.,0.,-0.));
#6488 = DEFINITIONAL_REPRESENTATION('',(#6489),#6493);
#6489 = LINE('',#6490,#6491);
#6490 = CARTESIAN_POINT('',(0.,-10.5));
#6491 = VECTOR('',#6492,1.);
#6492 = DIRECTION('',(0.,1.));
#6493 = ( GEOMETRIC_REPRESENTATION_CONTEXT(2) 
PARAMETRIC_REPRESENTATION_CONTEXT() REPRESENTATION_CONTEXT('2D SPACE',''
  ) );
#6494 = ORIENTED_EDGE('',*,*,#6495,.F.);
#6495 = EDGE_CURVE('',#6496,#6442,#6498,.T.);
#6496 = VERTEX_POINT('',#6497);
#6497 = CARTESIAN_POINT('',(8.499999999974,-2.5,-6.));
#6498 = SURFACE_CURVE('',#6499,(#6504,#6511),.PCURVE_S1.);
#6499 = CIRCLE('',#6500,1.5);
#6500 = AXIS2_PLACEMENT_3D('',#6501,#6502,#6503);
#6501 = CARTESIAN_POINT('',(6.999999999974,-2.5,-6.));
#6502 = DIRECTION('',(0.,0.,-1.));
#6503 = DIRECTION('',(1.,5.921189464668E-16,0.));
#6504 = PCURVE('',#6449,#6505);
#6505 = DEFINITIONAL_REPRESENTATION('',(#6506),#6510);
#6506 = LINE('',#6507,#6508);
#6507 = CARTESIAN_POINT('',(3.14159265359,1.5));
#6508 = VECTOR('',#6509,1.);
#6509 = DIRECTION('',(1.,0.));
#6510 = ( GEOMETRIC_REPRESENTATION_CONTEXT(2) 
PARAMETRIC_REPRESENTATION_CONTEXT() REPRESENTATION_CONTEXT('2D SPACE',''
  ) );
#6511 = PCURVE('',#6182,#6512);
#6512 = DEFINITIONAL_REPRESENTATION('',(#6513),#6517);
#6513 = CIRCLE('',#6514,1.5);
#6514 = AXIS2_PLACEMENT_2D('',#6515,#6516);
#6515 = CARTESIAN_POINT('',(-29.,3.5));
#6516 = DIRECTION('',(-1.,5.921189464668E-16));
#6517 = ( GEOMETRIC_REPRESENTATION_CONTEXT(2) 
PARAMETRIC_REPRESENTATION_CONTEXT() REPRESENTATION_CONTEXT('2D SPACE',''
  ) );
#6518 = ORIENTED_EDGE('',*,*,#6519,.F.);
#6519 = EDGE_CURVE('',#6520,#6496,#6522,.T.);
#6520 = VERTEX_POINT('',#6521);
#6521 = CARTESIAN_POINT('',(8.499999999974,-2.5,-0.5));
#6522 = SURFACE_CURVE('',#6523,(#6526,#6533),.PCURVE_S1.);
#6523 = B_SPLINE_CURVE_WITH_KNOTS('',1,(#6524,#6525),.UNSPECIFIED.,.F.,
  .F.,(2,2),(6.5,12.),.PIECEWISE_BEZIER_KNOTS.);
#6524 = CARTESIAN_POINT('',(8.499999999974,-2.5,-0.5));
#6525 = CARTESIAN_POINT('',(8.499999999974,-2.5,-6.));
#6526 = PCURVE('',#6449,#6527);
#6527 = DEFINITIONAL_REPRESENTATION('',(#6528),#6532);
#6528 = LINE('',#6529,#6530);
#6529 = CARTESIAN_POINT('',(3.14159265359,-10.5));
#6530 = VECTOR('',#6531,1.);
#6531 = DIRECTION('',(0.,1.));
#6532 = ( GEOMETRIC_REPRESENTATION_CONTEXT(2) 
PARAMETRIC_REPRESENTATION_CONTEXT() REPRESENTATION_CONTEXT('2D SPACE',''
  ) );
#6533 = PCURVE('',#6483,#6534);
#6534 = DEFINITIONAL_REPRESENTATION('',(#6535),#6539);
#6535 = LINE('',#6536,#6537);
#6536 = CARTESIAN_POINT('',(3.14159265359,-10.5));
#6537 = VECTOR('',#6538,1.);
#6538 = DIRECTION('',(0.,1.));
#6539 = ( GEOMETRIC_REPRESENTATION_CONTEXT(2) 
PARAMETRIC_REPRESENTATION_CONTEXT() REPRESENTATION_CONTEXT('2D SPACE',''
  ) );
#6540 = ORIENTED_EDGE('',*,*,#6541,.F.);
#6541 = EDGE_CURVE('',#6440,#6520,#6542,.T.);
#6542 = SURFACE_CURVE('',#6543,(#6548,#6555),.PCURVE_S1.);
#6543 = CIRCLE('',#6544,1.5);
#6544 = AXIS2_PLACEMENT_3D('',#6545,#6546,#6547);
#6545 = CARTESIAN_POINT('',(6.999999999974,-2.5,-0.5));
#6546 = DIRECTION('',(0.,0.,1.));
#6547 = DIRECTION('',(-1.,0.,0.));
#6548 = PCURVE('',#6449,#6549);
#6549 = DEFINITIONAL_REPRESENTATION('',(#6550),#6554);
#6550 = LINE('',#6551,#6552);
#6551 = CARTESIAN_POINT('',(6.28318530718,-4.));
#6552 = VECTOR('',#6553,1.);
#6553 = DIRECTION('',(-1.,0.));
#6554 = ( GEOMETRIC_REPRESENTATION_CONTEXT(2) 
PARAMETRIC_REPRESENTATION_CONTEXT() REPRESENTATION_CONTEXT('2D SPACE',''
  ) );
#6555 = PCURVE('',#6137,#6556);
#6556 = DEFINITIONAL_REPRESENTATION('',(#6557),#6561);
#6557 = CIRCLE('',#6558,1.5);
#6558 = AXIS2_PLACEMENT_2D('',#6559,#6560);
#6559 = CARTESIAN_POINT('',(5.,6.5));
#6560 = DIRECTION('',(-1.,0.));
#6561 = ( GEOMETRIC_REPRESENTATION_CONTEXT(2) 
PARAMETRIC_REPRESENTATION_CONTEXT() REPRESENTATION_CONTEXT('2D SPACE',''
  ) );
#6562 = ADVANCED_FACE('',(#6563),#6576,.F.);
#6563 = FACE_BOUND('',#6564,.F.);
#6564 = EDGE_LOOP('',(#6565,#6599,#6623,#6645));
#6565 = ORIENTED_EDGE('',*,*,#6566,.T.);
#6566 = EDGE_CURVE('',#6567,#6569,#6571,.T.);
#6567 = VERTEX_POINT('',#6568);
#6568 = CARTESIAN_POINT('',(5.499999999974,2.5,6.));
#6569 = VERTEX_POINT('',#6570);
#6570 = CARTESIAN_POINT('',(5.499999999974,2.5,0.5));
#6571 = SURFACE_CURVE('',#6572,(#6575,#6587),.PCURVE_S1.);
#6572 = B_SPLINE_CURVE_WITH_KNOTS('',1,(#6573,#6574),.UNSPECIFIED.,.F.,
  .F.,(2,2),(0.,5.5),.PIECEWISE_BEZIER_KNOTS.);
#6573 = CARTESIAN_POINT('',(5.499999999974,2.5,6.));
#6574 = CARTESIAN_POINT('',(5.499999999974,2.5,0.5));
#6575 = PCURVE('',#6576,#6581);
#6576 = CYLINDRICAL_SURFACE('',#6577,1.5);
#6577 = AXIS2_PLACEMENT_3D('',#6578,#6579,#6580);
#6578 = CARTESIAN_POINT('',(6.999999999974,2.5,-4.5));
#6579 = DIRECTION('',(0.,0.,-1.));
#6580 = DIRECTION('',(-1.,0.,-0.));
#6581 = DEFINITIONAL_REPRESENTATION('',(#6582),#6586);
#6582 = LINE('',#6583,#6584);
#6583 = CARTESIAN_POINT('',(6.28318530718,-10.5));
#6584 = VECTOR('',#6585,1.);
#6585 = DIRECTION('',(0.,1.));
#6586 = ( GEOMETRIC_REPRESENTATION_CONTEXT(2) 
PARAMETRIC_REPRESENTATION_CONTEXT() REPRESENTATION_CONTEXT('2D SPACE',''
  ) );
#6587 = PCURVE('',#6588,#6593);
#6588 = CYLINDRICAL_SURFACE('',#6589,1.5);
#6589 = AXIS2_PLACEMENT_3D('',#6590,#6591,#6592);
#6590 = CARTESIAN_POINT('',(6.999999999974,2.5,-4.5));
#6591 = DIRECTION('',(0.,0.,-1.));
#6592 = DIRECTION('',(-1.,0.,-0.));
#6593 = DEFINITIONAL_REPRESENTATION('',(#6594),#6598);
#6594 = LINE('',#6595,#6596);
#6595 = CARTESIAN_POINT('',(0.,-10.5));
#6596 = VECTOR('',#6597,1.);
#6597 = DIRECTION('',(0.,1.));
#6598 = ( GEOMETRIC_REPRESENTATION_CONTEXT(2) 
PARAMETRIC_REPRESENTATION_CONTEXT() REPRESENTATION_CONTEXT('2D SPACE',''
  ) );
#6599 = ORIENTED_EDGE('',*,*,#6600,.F.);
#6600 = EDGE_CURVE('',#6601,#6569,#6603,.T.);
#6601 = VERTEX_POINT('',#6602);
#6602 = CARTESIAN_POINT('',(8.499999999974,2.5,0.5));
#6603 = SURFACE_CURVE('',#6604,(#6609,#6616),.PCURVE_S1.);
#6604 = CIRCLE('',#6605,1.5);
#6605 = AXIS2_PLACEMENT_3D('',#6606,#6607,#6608);
#6606 = CARTESIAN_POINT('',(6.999999999974,2.5,0.5));
#6607 = DIRECTION('',(0.,0.,-1.));
#6608 = DIRECTION('',(1.,5.921189464668E-16,0.));
#6609 = PCURVE('',#6576,#6610);
#6610 = DEFINITIONAL_REPRESENTATION('',(#6611),#6615);
#6611 = LINE('',#6612,#6613);
#6612 = CARTESIAN_POINT('',(3.14159265359,-5.));
#6613 = VECTOR('',#6614,1.);
#6614 = DIRECTION('',(1.,0.));
#6615 = ( GEOMETRIC_REPRESENTATION_CONTEXT(2) 
PARAMETRIC_REPRESENTATION_CONTEXT() REPRESENTATION_CONTEXT('2D SPACE',''
  ) );
#6616 = PCURVE('',#6029,#6617);
#6617 = DEFINITIONAL_REPRESENTATION('',(#6618),#6622);
#6618 = CIRCLE('',#6619,1.5);
#6619 = AXIS2_PLACEMENT_2D('',#6620,#6621);
#6620 = CARTESIAN_POINT('',(28.,11.5));
#6621 = DIRECTION('',(-1.,5.921189464668E-16));
#6622 = ( GEOMETRIC_REPRESENTATION_CONTEXT(2) 
PARAMETRIC_REPRESENTATION_CONTEXT() REPRESENTATION_CONTEXT('2D SPACE',''
  ) );
#6623 = ORIENTED_EDGE('',*,*,#6624,.F.);
#6624 = EDGE_CURVE('',#6625,#6601,#6627,.T.);
#6625 = VERTEX_POINT('',#6626);
#6626 = CARTESIAN_POINT('',(8.499999999974,2.5,6.));
#6627 = SURFACE_CURVE('',#6628,(#6631,#6638),.PCURVE_S1.);
#6628 = B_SPLINE_CURVE_WITH_KNOTS('',1,(#6629,#6630),.UNSPECIFIED.,.F.,
  .F.,(2,2),(0.,5.5),.PIECEWISE_BEZIER_KNOTS.);
#6629 = CARTESIAN_POINT('',(8.499999999974,2.5,6.));
#6630 = CARTESIAN_POINT('',(8.499999999974,2.5,0.5));
#6631 = PCURVE('',#6576,#6632);
#6632 = DEFINITIONAL_REPRESENTATION('',(#6633),#6637);
#6633 = LINE('',#6634,#6635);
#6634 = CARTESIAN_POINT('',(3.14159265359,-10.5));
#6635 = VECTOR('',#6636,1.);
#6636 = DIRECTION('',(0.,1.));
#6637 = ( GEOMETRIC_REPRESENTATION_CONTEXT(2) 
PARAMETRIC_REPRESENTATION_CONTEXT() REPRESENTATION_CONTEXT('2D SPACE',''
  ) );
#6638 = PCURVE('',#6588,#6639);
#6639 = DEFINITIONAL_REPRESENTATION('',(#6640),#6644);
#6640 = LINE('',#6641,#6642);
#6641 = CARTESIAN_POINT('',(3.14159265359,-10.5));
#6642 = VECTOR('',#6643,1.);
#6643 = DIRECTION('',(0.,1.));
#6644 = ( GEOMETRIC_REPRESENTATION_CONTEXT(2) 
PARAMETRIC_REPRESENTATION_CONTEXT() REPRESENTATION_CONTEXT('2D SPACE',''
  ) );
#6645 = ORIENTED_EDGE('',*,*,#6646,.F.);
#6646 = EDGE_CURVE('',#6567,#6625,#6647,.T.);
#6647 = SURFACE_CURVE('',#6648,(#6653,#6660),.PCURVE_S1.);
#6648 = CIRCLE('',#6649,1.5);
#6649 = AXIS2_PLACEMENT_3D('',#6650,#6651,#6652);
#6650 = CARTESIAN_POINT('',(6.999999999974,2.5,6.));
#6651 = DIRECTION('',(0.,0.,1.));
#6652 = DIRECTION('',(-1.,0.,0.));
#6653 = PCURVE('',#6576,#6654);
#6654 = DEFINITIONAL_REPRESENTATION('',(#6655),#6659);
#6655 = LINE('',#6656,#6657);
#6656 = CARTESIAN_POINT('',(6.28318530718,-10.5));
#6657 = VECTOR('',#6658,1.);
#6658 = DIRECTION('',(-1.,0.));
#6659 = ( GEOMETRIC_REPRESENTATION_CONTEXT(2) 
PARAMETRIC_REPRESENTATION_CONTEXT() REPRESENTATION_CONTEXT('2D SPACE',''
  ) );
#6660 = PCURVE('',#6079,#6661);
#6661 = DEFINITIONAL_REPRESENTATION('',(#6662),#6666);
#6662 = CIRCLE('',#6663,1.5);
#6663 = AXIS2_PLACEMENT_2D('',#6664,#6665);
#6664 = CARTESIAN_POINT('',(29.,8.5));
#6665 = DIRECTION('',(-1.,0.));
#6666 = ( GEOMETRIC_REPRESENTATION_CONTEXT(2) 
PARAMETRIC_REPRESENTATION_CONTEXT() REPRESENTATION_CONTEXT('2D SPACE',''
  ) );
#6667 = ADVANCED_FACE('',(#6668),#6681,.F.);
#6668 = FACE_BOUND('',#6669,.F.);
#6669 = EDGE_LOOP('',(#6670,#6704,#6728,#6750));
#6670 = ORIENTED_EDGE('',*,*,#6671,.T.);
#6671 = EDGE_CURVE('',#6672,#6674,#6676,.T.);
#6672 = VERTEX_POINT('',#6673);
#6673 = CARTESIAN_POINT('',(5.499999999974,2.5,-0.5));
#6674 = VERTEX_POINT('',#6675);
#6675 = CARTESIAN_POINT('',(5.499999999974,2.5,-6.));
#6676 = SURFACE_CURVE('',#6677,(#6680,#6692),.PCURVE_S1.);
#6677 = B_SPLINE_CURVE_WITH_KNOTS('',1,(#6678,#6679),.UNSPECIFIED.,.F.,
  .F.,(2,2),(6.5,12.),.PIECEWISE_BEZIER_KNOTS.);
#6678 = CARTESIAN_POINT('',(5.499999999974,2.5,-0.5));
#6679 = CARTESIAN_POINT('',(5.499999999974,2.5,-6.));
#6680 = PCURVE('',#6681,#6686);
#6681 = CYLINDRICAL_SURFACE('',#6682,1.5);
#6682 = AXIS2_PLACEMENT_3D('',#6683,#6684,#6685);
#6683 = CARTESIAN_POINT('',(6.999999999974,2.5,-4.5));
#6684 = DIRECTION('',(0.,0.,-1.));
#6685 = DIRECTION('',(-1.,0.,-0.));
#6686 = DEFINITIONAL_REPRESENTATION('',(#6687),#6691);
#6687 = LINE('',#6688,#6689);
#6688 = CARTESIAN_POINT('',(6.28318530718,-10.5));
#6689 = VECTOR('',#6690,1.);
#6690 = DIRECTION('',(0.,1.));
#6691 = ( GEOMETRIC_REPRESENTATION_CONTEXT(2) 
PARAMETRIC_REPRESENTATION_CONTEXT() REPRESENTATION_CONTEXT('2D SPACE',''
  ) );
#6692 = PCURVE('',#6693,#6698);
#6693 = CYLINDRICAL_SURFACE('',#6694,1.5);
#6694 = AXIS2_PLACEMENT_3D('',#6695,#6696,#6697);
#6695 = CARTESIAN_POINT('',(6.999999999974,2.5,-4.5));
#6696 = DIRECTION('',(0.,0.,-1.));
#6697 = DIRECTION('',(-1.,0.,-0.));
#6698 = DEFINITIONAL_REPRESENTATION('',(#6699),#6703);
#6699 = LINE('',#6700,#6701);
#6700 = CARTESIAN_POINT('',(0.,-10.5));
#6701 = VECTOR('',#6702,1.);
#6702 = DIRECTION('',(0.,1.));
#6703 = ( GEOMETRIC_REPRESENTATION_CONTEXT(2) 
PARAMETRIC_REPRESENTATION_CONTEXT() REPRESENTATION_CONTEXT('2D SPACE',''
  ) );
#6704 = ORIENTED_EDGE('',*,*,#6705,.F.);
#6705 = EDGE_CURVE('',#6706,#6674,#6708,.T.);
#6706 = VERTEX_POINT('',#6707);
#6707 = CARTESIAN_POINT('',(8.499999999974,2.5,-6.));
#6708 = SURFACE_CURVE('',#6709,(#6714,#6721),.PCURVE_S1.);
#6709 = CIRCLE('',#6710,1.5);
#6710 = AXIS2_PLACEMENT_3D('',#6711,#6712,#6713);
#6711 = CARTESIAN_POINT('',(6.999999999974,2.5,-6.));
#6712 = DIRECTION('',(0.,0.,-1.));
#6713 = DIRECTION('',(1.,5.921189464668E-16,0.));
#6714 = PCURVE('',#6681,#6715);
#6715 = DEFINITIONAL_REPRESENTATION('',(#6716),#6720);
#6716 = LINE('',#6717,#6718);
#6717 = CARTESIAN_POINT('',(3.14159265359,1.5));
#6718 = VECTOR('',#6719,1.);
#6719 = DIRECTION('',(1.,0.));
#6720 = ( GEOMETRIC_REPRESENTATION_CONTEXT(2) 
PARAMETRIC_REPRESENTATION_CONTEXT() REPRESENTATION_CONTEXT('2D SPACE',''
  ) );
#6721 = PCURVE('',#6182,#6722);
#6722 = DEFINITIONAL_REPRESENTATION('',(#6723),#6727);
#6723 = CIRCLE('',#6724,1.5);
#6724 = AXIS2_PLACEMENT_2D('',#6725,#6726);
#6725 = CARTESIAN_POINT('',(-29.,8.5));
#6726 = DIRECTION('',(-1.,5.921189464668E-16));
#6727 = ( GEOMETRIC_REPRESENTATION_CONTEXT(2) 
PARAMETRIC_REPRESENTATION_CONTEXT() REPRESENTATION_CONTEXT('2D SPACE',''
  ) );
#6728 = ORIENTED_EDGE('',*,*,#6729,.F.);
#6729 = EDGE_CURVE('',#6730,#6706,#6732,.T.);
#6730 = VERTEX_POINT('',#6731);
#6731 = CARTESIAN_POINT('',(8.499999999974,2.5,-0.5));
#6732 = SURFACE_CURVE('',#6733,(#6736,#6743),.PCURVE_S1.);
#6733 = B_SPLINE_CURVE_WITH_KNOTS('',1,(#6734,#6735),.UNSPECIFIED.,.F.,
  .F.,(2,2),(6.5,12.),.PIECEWISE_BEZIER_KNOTS.);
#6734 = CARTESIAN_POINT('',(8.499999999974,2.5,-0.5));
#6735 = CARTESIAN_POINT('',(8.499999999974,2.5,-6.));
#6736 = PCURVE('',#6681,#6737);
#6737 = DEFINITIONAL_REPRESENTATION('',(#6738),#6742);
#6738 = LINE('',#6739,#6740);
#6739 = CARTESIAN_POINT('',(3.14159265359,-10.5));
#6740 = VECTOR('',#6741,1.);
#6741 = DIRECTION('',(0.,1.));
#6742 = ( GEOMETRIC_REPRESENTATION_CONTEXT(2) 
PARAMETRIC_REPRESENTATION_CONTEXT() REPRESENTATION_CONTEXT('2D SPACE',''
  ) );
#6743 = PCURVE('',#6693,#6744);
#6744 = DEFINITIONAL_REPRESENTATION('',(#6745),#6749);
#6745 = LINE('',#6746,#6747);
#6746 = CARTESIAN_POINT('',(3.14159265359,-10.5));
#6747 = VECTOR('',#6748,1.);
#6748 = DIRECTION('',(0.,1.));
#6749 = ( GEOMETRIC_REPRESENTATION_CONTEXT(2) 
PARAMETRIC_REPRESENTATION_CONTEXT() REPRESENTATION_CONTEXT('2D SPACE',''
  ) );
#6750 = ORIENTED_EDGE('',*,*,#6751,.F.);
#6751 = EDGE_CURVE('',#6672,#6730,#6752,.T.);
#6752 = SURFACE_CURVE('',#6753,(#6758,#6765),.PCURVE_S1.);
#6753 = CIRCLE('',#6754,1.5);
#6754 = AXIS2_PLACEMENT_3D('',#6755,#6756,#6757);
#6755 = CARTESIAN_POINT('',(6.999999999974,2.5,-0.5));
#6756 = DIRECTION('',(0.,0.,1.));
#6757 = DIRECTION('',(-1.,0.,0.));
#6758 = PCURVE('',#6681,#6759);
#6759 = DEFINITIONAL_REPRESENTATION('',(#6760),#6764);
#6760 = LINE('',#6761,#6762);
#6761 = CARTESIAN_POINT('',(6.28318530718,-4.));
#6762 = VECTOR('',#6763,1.);
#6763 = DIRECTION('',(-1.,0.));
#6764 = ( GEOMETRIC_REPRESENTATION_CONTEXT(2) 
PARAMETRIC_REPRESENTATION_CONTEXT() REPRESENTATION_CONTEXT('2D SPACE',''
  ) );
#6765 = PCURVE('',#6137,#6766);
#6766 = DEFINITIONAL_REPRESENTATION('',(#6767),#6771);
#6767 = CIRCLE('',#6768,1.5);
#6768 = AXIS2_PLACEMENT_2D('',#6769,#6770);
#6769 = CARTESIAN_POINT('',(5.,11.5));
#6770 = DIRECTION('',(-1.,0.));
#6771 = ( GEOMETRIC_REPRESENTATION_CONTEXT(2) 
PARAMETRIC_REPRESENTATION_CONTEXT() REPRESENTATION_CONTEXT('2D SPACE',''
  ) );
#6772 = ADVANCED_FACE('',(#6773,#6813,#6838),#6137,.T.);
#6773 = FACE_BOUND('',#6774,.T.);
#6774 = EDGE_LOOP('',(#6775,#6793,#6794,#6812));
#6775 = ORIENTED_EDGE('',*,*,#6776,.F.);
#6776 = EDGE_CURVE('',#6119,#6246,#6777,.T.);
#6777 = SURFACE_CURVE('',#6778,(#6781,#6787),.PCURVE_S1.);
#6778 = B_SPLINE_CURVE_WITH_KNOTS('',1,(#6779,#6780),.UNSPECIFIED.,.F.,
  .F.,(2,2),(6.272727272727,8.738716393206),.PIECEWISE_BEZIER_KNOTS.);
#6779 = CARTESIAN_POINT('',(11.999999999974,-6.,-0.5));
#6780 = CARTESIAN_POINT('',(2.958039891551,-6.,-0.5));
#6781 = PCURVE('',#6137,#6782);
#6782 = DEFINITIONAL_REPRESENTATION('',(#6783),#6786);
#6783 = B_SPLINE_CURVE_WITH_KNOTS('',1,(#6784,#6785),.UNSPECIFIED.,.F.,
  .F.,(2,2),(6.272727272727,8.738716393206),.PIECEWISE_BEZIER_KNOTS.);
#6784 = CARTESIAN_POINT('',(10.,3.));
#6785 = CARTESIAN_POINT('',(0.958039891577,3.));
#6786 = ( GEOMETRIC_REPRESENTATION_CONTEXT(2) 
PARAMETRIC_REPRESENTATION_CONTEXT() REPRESENTATION_CONTEXT('2D SPACE',''
  ) );
#6787 = PCURVE('',#6102,#6788);
#6788 = DEFINITIONAL_REPRESENTATION('',(#6789),#6792);
#6789 = B_SPLINE_CURVE_WITH_KNOTS('',1,(#6790,#6791),.UNSPECIFIED.,.F.,
  .F.,(2,2),(6.272727272727,8.738716393206),.PIECEWISE_BEZIER_KNOTS.);
#6790 = CARTESIAN_POINT('',(-5.5,0.));
#6791 = CARTESIAN_POINT('',(-5.5,-9.041960108423));
#6792 = ( GEOMETRIC_REPRESENTATION_CONTEXT(2) 
PARAMETRIC_REPRESENTATION_CONTEXT() REPRESENTATION_CONTEXT('2D SPACE',''
  ) );
#6793 = ORIENTED_EDGE('',*,*,#6116,.F.);
#6794 = ORIENTED_EDGE('',*,*,#6795,.F.);
#6795 = EDGE_CURVE('',#6215,#6117,#6796,.T.);
#6796 = SURFACE_CURVE('',#6797,(#6800,#6806),.PCURVE_S1.);
#6797 = B_SPLINE_CURVE_WITH_KNOTS('',1,(#6798,#6799),.UNSPECIFIED.,.F.,
  .F.,(2,2),(-9.041960108423,0.),.PIECEWISE_BEZIER_KNOTS.);
#6798 = CARTESIAN_POINT('',(2.958039891551,6.,-0.5));
#6799 = CARTESIAN_POINT('',(11.999999999974,6.,-0.5));
#6800 = PCURVE('',#6137,#6801);
#6801 = DEFINITIONAL_REPRESENTATION('',(#6802),#6805);
#6802 = B_SPLINE_CURVE_WITH_KNOTS('',1,(#6803,#6804),.UNSPECIFIED.,.F.,
  .F.,(2,2),(-9.041960108423,0.),.PIECEWISE_BEZIER_KNOTS.);
#6803 = CARTESIAN_POINT('',(0.958039891577,15.));
#6804 = CARTESIAN_POINT('',(10.,15.));
#6805 = ( GEOMETRIC_REPRESENTATION_CONTEXT(2) 
PARAMETRIC_REPRESENTATION_CONTEXT() REPRESENTATION_CONTEXT('2D SPACE',''
  ) );
#6806 = PCURVE('',#6054,#6807);
#6807 = DEFINITIONAL_REPRESENTATION('',(#6808),#6811);
#6808 = B_SPLINE_CURVE_WITH_KNOTS('',1,(#6809,#6810),.UNSPECIFIED.,.F.,
  .F.,(2,2),(-9.041960108423,0.),.PIECEWISE_BEZIER_KNOTS.);
#6809 = CARTESIAN_POINT('',(5.5,24.958039891577));
#6810 = CARTESIAN_POINT('',(5.5,34.));
#6811 = ( GEOMETRIC_REPRESENTATION_CONTEXT(2) 
PARAMETRIC_REPRESENTATION_CONTEXT() REPRESENTATION_CONTEXT('2D SPACE',''
  ) );
#6812 = ORIENTED_EDGE('',*,*,#6245,.F.);
#6813 = FACE_BOUND('',#6814,.T.);
#6814 = EDGE_LOOP('',(#6815,#6816));
#6815 = ORIENTED_EDGE('',*,*,#6751,.F.);
#6816 = ORIENTED_EDGE('',*,*,#6817,.F.);
#6817 = EDGE_CURVE('',#6730,#6672,#6818,.T.);
#6818 = SURFACE_CURVE('',#6819,(#6824,#6831),.PCURVE_S1.);
#6819 = CIRCLE('',#6820,1.5);
#6820 = AXIS2_PLACEMENT_3D('',#6821,#6822,#6823);
#6821 = CARTESIAN_POINT('',(6.999999999974,2.5,-0.5));
#6822 = DIRECTION('',(0.,0.,1.));
#6823 = DIRECTION('',(1.,-5.921189464668E-16,0.));
#6824 = PCURVE('',#6137,#6825);
#6825 = DEFINITIONAL_REPRESENTATION('',(#6826),#6830);
#6826 = CIRCLE('',#6827,1.5);
#6827 = AXIS2_PLACEMENT_2D('',#6828,#6829);
#6828 = CARTESIAN_POINT('',(5.,11.5));
#6829 = DIRECTION('',(1.,-5.921189464668E-16));
#6830 = ( GEOMETRIC_REPRESENTATION_CONTEXT(2) 
PARAMETRIC_REPRESENTATION_CONTEXT() REPRESENTATION_CONTEXT('2D SPACE',''
  ) );
#6831 = PCURVE('',#6693,#6832);
#6832 = DEFINITIONAL_REPRESENTATION('',(#6833),#6837);
#6833 = LINE('',#6834,#6835);
#6834 = CARTESIAN_POINT('',(3.14159265359,-4.));
#6835 = VECTOR('',#6836,1.);
#6836 = DIRECTION('',(-1.,0.));
#6837 = ( GEOMETRIC_REPRESENTATION_CONTEXT(2) 
PARAMETRIC_REPRESENTATION_CONTEXT() REPRESENTATION_CONTEXT('2D SPACE',''
  ) );
#6838 = FACE_BOUND('',#6839,.T.);
#6839 = EDGE_LOOP('',(#6840,#6841));
#6840 = ORIENTED_EDGE('',*,*,#6541,.F.);
#6841 = ORIENTED_EDGE('',*,*,#6842,.F.);
#6842 = EDGE_CURVE('',#6520,#6440,#6843,.T.);
#6843 = SURFACE_CURVE('',#6844,(#6849,#6856),.PCURVE_S1.);
#6844 = CIRCLE('',#6845,1.5);
#6845 = AXIS2_PLACEMENT_3D('',#6846,#6847,#6848);
#6846 = CARTESIAN_POINT('',(6.999999999974,-2.5,-0.5));
#6847 = DIRECTION('',(0.,0.,1.));
#6848 = DIRECTION('',(1.,-5.921189464668E-16,0.));
#6849 = PCURVE('',#6137,#6850);
#6850 = DEFINITIONAL_REPRESENTATION('',(#6851),#6855);
#6851 = CIRCLE('',#6852,1.5);
#6852 = AXIS2_PLACEMENT_2D('',#6853,#6854);
#6853 = CARTESIAN_POINT('',(5.,6.5));
#6854 = DIRECTION('',(1.,-5.921189464668E-16));
#6855 = ( GEOMETRIC_REPRESENTATION_CONTEXT(2) 
PARAMETRIC_REPRESENTATION_CONTEXT() REPRESENTATION_CONTEXT('2D SPACE',''
  ) );
#6856 = PCURVE('',#6483,#6857);
#6857 = DEFINITIONAL_REPRESENTATION('',(#6858),#6862);
#6858 = LINE('',#6859,#6860);
#6859 = CARTESIAN_POINT('',(3.14159265359,-4.));
#6860 = VECTOR('',#6861,1.);
#6861 = DIRECTION('',(-1.,0.));
#6862 = ( GEOMETRIC_REPRESENTATION_CONTEXT(2) 
PARAMETRIC_REPRESENTATION_CONTEXT() REPRESENTATION_CONTEXT('2D SPACE',''
  ) );
#6863 = ADVANCED_FACE('',(#6864,#6904,#6929),#6029,.T.);
#6864 = FACE_BOUND('',#6865,.T.);
#6865 = EDGE_LOOP('',(#6866,#6867,#6885,#6886));
#6866 = ORIENTED_EDGE('',*,*,#6290,.F.);
#6867 = ORIENTED_EDGE('',*,*,#6868,.F.);
#6868 = EDGE_CURVE('',#6011,#6217,#6869,.T.);
#6869 = SURFACE_CURVE('',#6870,(#6873,#6879),.PCURVE_S1.);
#6870 = B_SPLINE_CURVE_WITH_KNOTS('',1,(#6871,#6872),.UNSPECIFIED.,.F.,
  .F.,(2,2),(0.,9.041960108423),.PIECEWISE_BEZIER_KNOTS.);
#6871 = CARTESIAN_POINT('',(11.999999999974,6.,0.5));
#6872 = CARTESIAN_POINT('',(2.958039891551,6.,0.5));
#6873 = PCURVE('',#6029,#6874);
#6874 = DEFINITIONAL_REPRESENTATION('',(#6875),#6878);
#6875 = B_SPLINE_CURVE_WITH_KNOTS('',1,(#6876,#6877),.UNSPECIFIED.,.F.,
  .F.,(2,2),(0.,9.041960108423),.PIECEWISE_BEZIER_KNOTS.);
#6876 = CARTESIAN_POINT('',(23.,15.));
#6877 = CARTESIAN_POINT('',(32.041960108423,15.));
#6878 = ( GEOMETRIC_REPRESENTATION_CONTEXT(2) 
PARAMETRIC_REPRESENTATION_CONTEXT() REPRESENTATION_CONTEXT('2D SPACE',''
  ) );
#6879 = PCURVE('',#6054,#6880);
#6880 = DEFINITIONAL_REPRESENTATION('',(#6881),#6884);
#6881 = B_SPLINE_CURVE_WITH_KNOTS('',1,(#6882,#6883),.UNSPECIFIED.,.F.,
  .F.,(2,2),(0.,9.041960108423),.PIECEWISE_BEZIER_KNOTS.);
#6882 = CARTESIAN_POINT('',(6.5,34.));
#6883 = CARTESIAN_POINT('',(6.5,24.958039891577));
#6884 = ( GEOMETRIC_REPRESENTATION_CONTEXT(2) 
PARAMETRIC_REPRESENTATION_CONTEXT() REPRESENTATION_CONTEXT('2D SPACE',''
  ) );
#6885 = ORIENTED_EDGE('',*,*,#6008,.F.);
#6886 = ORIENTED_EDGE('',*,*,#6887,.F.);
#6887 = EDGE_CURVE('',#6267,#6009,#6888,.T.);
#6888 = SURFACE_CURVE('',#6889,(#6892,#6898),.PCURVE_S1.);
#6889 = B_SPLINE_CURVE_WITH_KNOTS('',1,(#6890,#6891),.UNSPECIFIED.,.F.,
  .F.,(2,2),(-8.738716393206,-6.272727272727),.PIECEWISE_BEZIER_KNOTS.);
#6890 = CARTESIAN_POINT('',(2.958039891551,-6.,0.5));
#6891 = CARTESIAN_POINT('',(11.999999999974,-6.,0.5));
#6892 = PCURVE('',#6029,#6893);
#6893 = DEFINITIONAL_REPRESENTATION('',(#6894),#6897);
#6894 = B_SPLINE_CURVE_WITH_KNOTS('',1,(#6895,#6896),.UNSPECIFIED.,.F.,
  .F.,(2,2),(-8.738716393206,-6.272727272727),.PIECEWISE_BEZIER_KNOTS.);
#6895 = CARTESIAN_POINT('',(32.041960108423,3.));
#6896 = CARTESIAN_POINT('',(23.,3.));
#6897 = ( GEOMETRIC_REPRESENTATION_CONTEXT(2) 
PARAMETRIC_REPRESENTATION_CONTEXT() REPRESENTATION_CONTEXT('2D SPACE',''
  ) );
#6898 = PCURVE('',#6102,#6899);
#6899 = DEFINITIONAL_REPRESENTATION('',(#6900),#6903);
#6900 = B_SPLINE_CURVE_WITH_KNOTS('',1,(#6901,#6902),.UNSPECIFIED.,.F.,
  .F.,(2,2),(-8.738716393206,-6.272727272727),.PIECEWISE_BEZIER_KNOTS.);
#6901 = CARTESIAN_POINT('',(-6.5,-9.041960108423));
#6902 = CARTESIAN_POINT('',(-6.5,0.));
#6903 = ( GEOMETRIC_REPRESENTATION_CONTEXT(2) 
PARAMETRIC_REPRESENTATION_CONTEXT() REPRESENTATION_CONTEXT('2D SPACE',''
  ) );
#6904 = FACE_BOUND('',#6905,.T.);
#6905 = EDGE_LOOP('',(#6906,#6928));
#6906 = ORIENTED_EDGE('',*,*,#6907,.F.);
#6907 = EDGE_CURVE('',#6569,#6601,#6908,.T.);
#6908 = SURFACE_CURVE('',#6909,(#6914,#6921),.PCURVE_S1.);
#6909 = CIRCLE('',#6910,1.5);
#6910 = AXIS2_PLACEMENT_3D('',#6911,#6912,#6913);
#6911 = CARTESIAN_POINT('',(6.999999999974,2.5,0.5));
#6912 = DIRECTION('',(0.,0.,-1.));
#6913 = DIRECTION('',(-1.,0.,0.));
#6914 = PCURVE('',#6029,#6915);
#6915 = DEFINITIONAL_REPRESENTATION('',(#6916),#6920);
#6916 = CIRCLE('',#6917,1.5);
#6917 = AXIS2_PLACEMENT_2D('',#6918,#6919);
#6918 = CARTESIAN_POINT('',(28.,11.5));
#6919 = DIRECTION('',(1.,0.));
#6920 = ( GEOMETRIC_REPRESENTATION_CONTEXT(2) 
PARAMETRIC_REPRESENTATION_CONTEXT() REPRESENTATION_CONTEXT('2D SPACE',''
  ) );
#6921 = PCURVE('',#6588,#6922);
#6922 = DEFINITIONAL_REPRESENTATION('',(#6923),#6927);
#6923 = LINE('',#6924,#6925);
#6924 = CARTESIAN_POINT('',(0.,-5.));
#6925 = VECTOR('',#6926,1.);
#6926 = DIRECTION('',(1.,0.));
#6927 = ( GEOMETRIC_REPRESENTATION_CONTEXT(2) 
PARAMETRIC_REPRESENTATION_CONTEXT() REPRESENTATION_CONTEXT('2D SPACE',''
  ) );
#6928 = ORIENTED_EDGE('',*,*,#6600,.F.);
#6929 = FACE_BOUND('',#6930,.T.);
#6930 = EDGE_LOOP('',(#6931,#6953));
#6931 = ORIENTED_EDGE('',*,*,#6932,.F.);
#6932 = EDGE_CURVE('',#6315,#6369,#6933,.T.);
#6933 = SURFACE_CURVE('',#6934,(#6939,#6946),.PCURVE_S1.);
#6934 = CIRCLE('',#6935,1.5);
#6935 = AXIS2_PLACEMENT_3D('',#6936,#6937,#6938);
#6936 = CARTESIAN_POINT('',(6.999999999974,-2.5,0.5));
#6937 = DIRECTION('',(0.,0.,-1.));
#6938 = DIRECTION('',(-1.,0.,0.));
#6939 = PCURVE('',#6029,#6940);
#6940 = DEFINITIONAL_REPRESENTATION('',(#6941),#6945);
#6941 = CIRCLE('',#6942,1.5);
#6942 = AXIS2_PLACEMENT_2D('',#6943,#6944);
#6943 = CARTESIAN_POINT('',(28.,6.5));
#6944 = DIRECTION('',(1.,0.));
#6945 = ( GEOMETRIC_REPRESENTATION_CONTEXT(2) 
PARAMETRIC_REPRESENTATION_CONTEXT() REPRESENTATION_CONTEXT('2D SPACE',''
  ) );
#6946 = PCURVE('',#6356,#6947);
#6947 = DEFINITIONAL_REPRESENTATION('',(#6948),#6952);
#6948 = LINE('',#6949,#6950);
#6949 = CARTESIAN_POINT('',(0.,-5.));
#6950 = VECTOR('',#6951,1.);
#6951 = DIRECTION('',(1.,0.));
#6952 = ( GEOMETRIC_REPRESENTATION_CONTEXT(2) 
PARAMETRIC_REPRESENTATION_CONTEXT() REPRESENTATION_CONTEXT('2D SPACE',''
  ) );
#6953 = ORIENTED_EDGE('',*,*,#6368,.F.);
#6954 = ADVANCED_FACE('',(#6955,#7042),#6968,.T.);
#6955 = FACE_BOUND('',#6956,.T.);
#6956 = EDGE_LOOP('',(#6957,#6984,#7004,#7024));
#6957 = ORIENTED_EDGE('',*,*,#6958,.F.);
#6958 = EDGE_CURVE('',#6959,#6961,#6963,.T.);
#6959 = VERTEX_POINT('',#6960);
#6960 = CARTESIAN_POINT('',(-22.00000000002,6.,6.));
#6961 = VERTEX_POINT('',#6962);
#6962 = CARTESIAN_POINT('',(-22.00000000002,-6.,6.));
#6963 = SURFACE_CURVE('',#6964,(#6967,#6978),.PCURVE_S1.);
#6964 = B_SPLINE_CURVE_WITH_KNOTS('',1,(#6965,#6966),.UNSPECIFIED.,.F.,
  .F.,(2,2),(-12.,0.),.PIECEWISE_BEZIER_KNOTS.);
#6965 = CARTESIAN_POINT('',(-22.00000000002,6.,6.));
#6966 = CARTESIAN_POINT('',(-22.00000000002,-6.,6.));
#6967 = PCURVE('',#6968,#6973);
#6968 = PLANE('',#6969);
#6969 = AXIS2_PLACEMENT_3D('',#6970,#6971,#6972);
#6970 = CARTESIAN_POINT('',(-22.00000000002,-6.,6.));
#6971 = DIRECTION('',(-1.,0.,0.));
#6972 = DIRECTION('',(0.,0.,-1.));
#6973 = DEFINITIONAL_REPRESENTATION('',(#6974),#6977);
#6974 = B_SPLINE_CURVE_WITH_KNOTS('',1,(#6975,#6976),.UNSPECIFIED.,.F.,
  .F.,(2,2),(-12.,0.),.PIECEWISE_BEZIER_KNOTS.);
#6975 = CARTESIAN_POINT('',(0.,-12.));
#6976 = CARTESIAN_POINT('',(0.,0.));
#6977 = ( GEOMETRIC_REPRESENTATION_CONTEXT(2) 
PARAMETRIC_REPRESENTATION_CONTEXT() REPRESENTATION_CONTEXT('2D SPACE',''
  ) );
#6978 = PCURVE('',#6079,#6979);
#6979 = DEFINITIONAL_REPRESENTATION('',(#6980),#6983);
#6980 = B_SPLINE_CURVE_WITH_KNOTS('',1,(#6981,#6982),.UNSPECIFIED.,.F.,
  .F.,(2,2),(-12.,0.),.PIECEWISE_BEZIER_KNOTS.);
#6981 = CARTESIAN_POINT('',(0.,12.));
#6982 = CARTESIAN_POINT('',(0.,0.));
#6983 = ( GEOMETRIC_REPRESENTATION_CONTEXT(2) 
PARAMETRIC_REPRESENTATION_CONTEXT() REPRESENTATION_CONTEXT('2D SPACE',''
  ) );
#6984 = ORIENTED_EDGE('',*,*,#6985,.F.);
#6985 = EDGE_CURVE('',#6986,#6959,#6988,.T.);
#6986 = VERTEX_POINT('',#6987);
#6987 = CARTESIAN_POINT('',(-22.00000000002,6.,-6.));
#6988 = SURFACE_CURVE('',#6989,(#6992,#6998),.PCURVE_S1.);
#6989 = B_SPLINE_CURVE_WITH_KNOTS('',1,(#6990,#6991),.UNSPECIFIED.,.F.,
  .F.,(2,2),(-12.,0.),.PIECEWISE_BEZIER_KNOTS.);
#6990 = CARTESIAN_POINT('',(-22.00000000002,6.,-6.));
#6991 = CARTESIAN_POINT('',(-22.00000000002,6.,6.));
#6992 = PCURVE('',#6968,#6993);
#6993 = DEFINITIONAL_REPRESENTATION('',(#6994),#6997);
#6994 = B_SPLINE_CURVE_WITH_KNOTS('',1,(#6995,#6996),.UNSPECIFIED.,.F.,
  .F.,(2,2),(-12.,0.),.PIECEWISE_BEZIER_KNOTS.);
#6995 = CARTESIAN_POINT('',(12.,-12.));
#6996 = CARTESIAN_POINT('',(0.,-12.));
#6997 = ( GEOMETRIC_REPRESENTATION_CONTEXT(2) 
PARAMETRIC_REPRESENTATION_CONTEXT() REPRESENTATION_CONTEXT('2D SPACE',''
  ) );
#6998 = PCURVE('',#6054,#6999);
#6999 = DEFINITIONAL_REPRESENTATION('',(#7000),#7003);
#7000 = B_SPLINE_CURVE_WITH_KNOTS('',1,(#7001,#7002),.UNSPECIFIED.,.F.,
  .F.,(2,2),(-12.,0.),.PIECEWISE_BEZIER_KNOTS.);
#7001 = CARTESIAN_POINT('',(0.,0.));
#7002 = CARTESIAN_POINT('',(12.,0.));
#7003 = ( GEOMETRIC_REPRESENTATION_CONTEXT(2) 
PARAMETRIC_REPRESENTATION_CONTEXT() REPRESENTATION_CONTEXT('2D SPACE',''
  ) );
#7004 = ORIENTED_EDGE('',*,*,#7005,.T.);
#7005 = EDGE_CURVE('',#6986,#7006,#7008,.T.);
#7006 = VERTEX_POINT('',#7007);
#7007 = CARTESIAN_POINT('',(-22.00000000002,-6.,-6.));
#7008 = SURFACE_CURVE('',#7009,(#7012,#7018),.PCURVE_S1.);
#7009 = B_SPLINE_CURVE_WITH_KNOTS('',1,(#7010,#7011),.UNSPECIFIED.,.F.,
  .F.,(2,2),(-12.,0.),.PIECEWISE_BEZIER_KNOTS.);
#7010 = CARTESIAN_POINT('',(-22.00000000002,6.,-6.));
#7011 = CARTESIAN_POINT('',(-22.00000000002,-6.,-6.));
#7012 = PCURVE('',#6968,#7013);
#7013 = DEFINITIONAL_REPRESENTATION('',(#7014),#7017);
#7014 = B_SPLINE_CURVE_WITH_KNOTS('',1,(#7015,#7016),.UNSPECIFIED.,.F.,
  .F.,(2,2),(-12.,0.),.PIECEWISE_BEZIER_KNOTS.);
#7015 = CARTESIAN_POINT('',(12.,-12.));
#7016 = CARTESIAN_POINT('',(12.,0.));
#7017 = ( GEOMETRIC_REPRESENTATION_CONTEXT(2) 
PARAMETRIC_REPRESENTATION_CONTEXT() REPRESENTATION_CONTEXT('2D SPACE',''
  ) );
#7018 = PCURVE('',#6182,#7019);
#7019 = DEFINITIONAL_REPRESENTATION('',(#7020),#7023);
#7020 = B_SPLINE_CURVE_WITH_KNOTS('',1,(#7021,#7022),.UNSPECIFIED.,.F.,
  .F.,(2,2),(-12.,0.),.PIECEWISE_BEZIER_KNOTS.);
#7021 = CARTESIAN_POINT('',(0.,12.));
#7022 = CARTESIAN_POINT('',(0.,0.));
#7023 = ( GEOMETRIC_REPRESENTATION_CONTEXT(2) 
PARAMETRIC_REPRESENTATION_CONTEXT() REPRESENTATION_CONTEXT('2D SPACE',''
  ) );
#7024 = ORIENTED_EDGE('',*,*,#7025,.F.);
#7025 = EDGE_CURVE('',#6961,#7006,#7026,.T.);
#7026 = SURFACE_CURVE('',#7027,(#7030,#7036),.PCURVE_S1.);
#7027 = B_SPLINE_CURVE_WITH_KNOTS('',1,(#7028,#7029),.UNSPECIFIED.,.F.,
  .F.,(2,2),(0.,12.),.PIECEWISE_BEZIER_KNOTS.);
#7028 = CARTESIAN_POINT('',(-22.00000000002,-6.,6.));
#7029 = CARTESIAN_POINT('',(-22.00000000002,-6.,-6.));
#7030 = PCURVE('',#6968,#7031);
#7031 = DEFINITIONAL_REPRESENTATION('',(#7032),#7035);
#7032 = B_SPLINE_CURVE_WITH_KNOTS('',1,(#7033,#7034),.UNSPECIFIED.,.F.,
  .F.,(2,2),(0.,12.),.PIECEWISE_BEZIER_KNOTS.);
#7033 = CARTESIAN_POINT('',(0.,0.));
#7034 = CARTESIAN_POINT('',(12.,0.));
#7035 = ( GEOMETRIC_REPRESENTATION_CONTEXT(2) 
PARAMETRIC_REPRESENTATION_CONTEXT() REPRESENTATION_CONTEXT('2D SPACE',''
  ) );
#7036 = PCURVE('',#6102,#7037);
#7037 = DEFINITIONAL_REPRESENTATION('',(#7038),#7041);
#7038 = B_SPLINE_CURVE_WITH_KNOTS('',1,(#7039,#7040),.UNSPECIFIED.,.F.,
  .F.,(2,2),(0.,12.),.PIECEWISE_BEZIER_KNOTS.);
#7039 = CARTESIAN_POINT('',(-12.,-34.));
#7040 = CARTESIAN_POINT('',(0.,-34.));
#7041 = ( GEOMETRIC_REPRESENTATION_CONTEXT(2) 
PARAMETRIC_REPRESENTATION_CONTEXT() REPRESENTATION_CONTEXT('2D SPACE',''
  ) );
#7042 = FACE_BOUND('',#7043,.T.);
#7043 = EDGE_LOOP('',(#7044,#7075));
#7044 = ORIENTED_EDGE('',*,*,#7045,.F.);
#7045 = EDGE_CURVE('',#7046,#7048,#7050,.T.);
#7046 = VERTEX_POINT('',#7047);
#7047 = CARTESIAN_POINT('',(-22.00000000002,-3.,-1.749711486809E-13));
#7048 = VERTEX_POINT('',#7049);
#7049 = CARTESIAN_POINT('',(-22.00000000002,3.,-1.749711486809E-13));
#7050 = SURFACE_CURVE('',#7051,(#7056,#7063),.PCURVE_S1.);
#7051 = CIRCLE('',#7052,3.);
#7052 = AXIS2_PLACEMENT_3D('',#7053,#7054,#7055);
#7053 = CARTESIAN_POINT('',(-22.00000000002,0.,-1.749082998974E-13));
#7054 = DIRECTION('',(-1.,0.,0.));
#7055 = DIRECTION('',(-0.,-1.,-2.094959451737E-17));
#7056 = PCURVE('',#6968,#7057);
#7057 = DEFINITIONAL_REPRESENTATION('',(#7058),#7062);
#7058 = CIRCLE('',#7059,3.);
#7059 = AXIS2_PLACEMENT_2D('',#7060,#7061);
#7060 = CARTESIAN_POINT('',(6.,-6.));
#7061 = DIRECTION('',(2.094959451737E-17,1.));
#7062 = ( GEOMETRIC_REPRESENTATION_CONTEXT(2) 
PARAMETRIC_REPRESENTATION_CONTEXT() REPRESENTATION_CONTEXT('2D SPACE',''
  ) );
#7063 = PCURVE('',#7064,#7069);
#7064 = CYLINDRICAL_SURFACE('',#7065,3.);
#7065 = AXIS2_PLACEMENT_3D('',#7066,#7067,#7068);
#7066 = CARTESIAN_POINT('',(-16.00000000002,0.,-1.749082998974E-13));
#7067 = DIRECTION('',(1.,0.,0.));
#7068 = DIRECTION('',(-0.,0.,1.));
#7069 = DEFINITIONAL_REPRESENTATION('',(#7070),#7074);
#7070 = LINE('',#7071,#7072);
#7071 = CARTESIAN_POINT('',(7.853981633974,-6.));
#7072 = VECTOR('',#7073,1.);
#7073 = DIRECTION('',(-1.,0.));
#7074 = ( GEOMETRIC_REPRESENTATION_CONTEXT(2) 
PARAMETRIC_REPRESENTATION_CONTEXT() REPRESENTATION_CONTEXT('2D SPACE',''
  ) );
#7075 = ORIENTED_EDGE('',*,*,#7076,.F.);
#7076 = EDGE_CURVE('',#7048,#7046,#7077,.T.);
#7077 = SURFACE_CURVE('',#7078,(#7083,#7090),.PCURVE_S1.);
#7078 = CIRCLE('',#7079,3.);
#7079 = AXIS2_PLACEMENT_3D('',#7080,#7081,#7082);
#7080 = CARTESIAN_POINT('',(-22.00000000002,0.,-1.749082998974E-13));
#7081 = DIRECTION('',(-1.,0.,0.));
#7082 = DIRECTION('',(0.,1.,-2.094959451737E-17));
#7083 = PCURVE('',#6968,#7084);
#7084 = DEFINITIONAL_REPRESENTATION('',(#7085),#7089);
#7085 = CIRCLE('',#7086,3.);
#7086 = AXIS2_PLACEMENT_2D('',#7087,#7088);
#7087 = CARTESIAN_POINT('',(6.,-6.));
#7088 = DIRECTION('',(2.094959451737E-17,-1.));
#7089 = ( GEOMETRIC_REPRESENTATION_CONTEXT(2) 
PARAMETRIC_REPRESENTATION_CONTEXT() REPRESENTATION_CONTEXT('2D SPACE',''
  ) );
#7090 = PCURVE('',#7091,#7096);
#7091 = CYLINDRICAL_SURFACE('',#7092,3.);
#7092 = AXIS2_PLACEMENT_3D('',#7093,#7094,#7095);
#7093 = CARTESIAN_POINT('',(-16.00000000002,0.,-1.749082998974E-13));
#7094 = DIRECTION('',(1.,0.,0.));
#7095 = DIRECTION('',(-0.,0.,1.));
#7096 = DEFINITIONAL_REPRESENTATION('',(#7097),#7101);
#7097 = LINE('',#7098,#7099);
#7098 = CARTESIAN_POINT('',(4.712388980385,-6.));
#7099 = VECTOR('',#7100,1.);
#7100 = DIRECTION('',(-1.,0.));
#7101 = ( GEOMETRIC_REPRESENTATION_CONTEXT(2) 
PARAMETRIC_REPRESENTATION_CONTEXT() REPRESENTATION_CONTEXT('2D SPACE',''
  ) );
#7102 = ADVANCED_FACE('',(#7103,#7143,#7168),#6079,.T.);
#7103 = FACE_BOUND('',#7104,.T.);
#7104 = EDGE_LOOP('',(#7105,#7123,#7124,#7142));
#7105 = ORIENTED_EDGE('',*,*,#7106,.T.);
#7106 = EDGE_CURVE('',#6961,#6066,#7107,.T.);
#7107 = SURFACE_CURVE('',#7108,(#7111,#7117),.PCURVE_S1.);
#7108 = B_SPLINE_CURVE_WITH_KNOTS('',1,(#7109,#7110),.UNSPECIFIED.,.F.,
  .F.,(2,2),(0.,34.),.PIECEWISE_BEZIER_KNOTS.);
#7109 = CARTESIAN_POINT('',(-22.00000000002,-6.,6.));
#7110 = CARTESIAN_POINT('',(11.999999999974,-6.,6.));
#7111 = PCURVE('',#6079,#7112);
#7112 = DEFINITIONAL_REPRESENTATION('',(#7113),#7116);
#7113 = B_SPLINE_CURVE_WITH_KNOTS('',1,(#7114,#7115),.UNSPECIFIED.,.F.,
  .F.,(2,2),(0.,34.),.PIECEWISE_BEZIER_KNOTS.);
#7114 = CARTESIAN_POINT('',(0.,0.));
#7115 = CARTESIAN_POINT('',(34.,0.));
#7116 = ( GEOMETRIC_REPRESENTATION_CONTEXT(2) 
PARAMETRIC_REPRESENTATION_CONTEXT() REPRESENTATION_CONTEXT('2D SPACE',''
  ) );
#7117 = PCURVE('',#6102,#7118);
#7118 = DEFINITIONAL_REPRESENTATION('',(#7119),#7122);
#7119 = B_SPLINE_CURVE_WITH_KNOTS('',1,(#7120,#7121),.UNSPECIFIED.,.F.,
  .F.,(2,2),(0.,34.),.PIECEWISE_BEZIER_KNOTS.);
#7120 = CARTESIAN_POINT('',(-12.,-34.));
#7121 = CARTESIAN_POINT('',(-12.,0.));
#7122 = ( GEOMETRIC_REPRESENTATION_CONTEXT(2) 
PARAMETRIC_REPRESENTATION_CONTEXT() REPRESENTATION_CONTEXT('2D SPACE',''
  ) );
#7123 = ORIENTED_EDGE('',*,*,#6065,.T.);
#7124 = ORIENTED_EDGE('',*,*,#7125,.T.);
#7125 = EDGE_CURVE('',#6041,#6959,#7126,.T.);
#7126 = SURFACE_CURVE('',#7127,(#7130,#7136),.PCURVE_S1.);
#7127 = B_SPLINE_CURVE_WITH_KNOTS('',1,(#7128,#7129),.UNSPECIFIED.,.F.,
  .F.,(2,2),(0.,34.),.PIECEWISE_BEZIER_KNOTS.);
#7128 = CARTESIAN_POINT('',(11.999999999974,6.,6.));
#7129 = CARTESIAN_POINT('',(-22.00000000002,6.,6.));
#7130 = PCURVE('',#6079,#7131);
#7131 = DEFINITIONAL_REPRESENTATION('',(#7132),#7135);
#7132 = B_SPLINE_CURVE_WITH_KNOTS('',1,(#7133,#7134),.UNSPECIFIED.,.F.,
  .F.,(2,2),(0.,34.),.PIECEWISE_BEZIER_KNOTS.);
#7133 = CARTESIAN_POINT('',(34.,12.));
#7134 = CARTESIAN_POINT('',(0.,12.));
#7135 = ( GEOMETRIC_REPRESENTATION_CONTEXT(2) 
PARAMETRIC_REPRESENTATION_CONTEXT() REPRESENTATION_CONTEXT('2D SPACE',''
  ) );
#7136 = PCURVE('',#6054,#7137);
#7137 = DEFINITIONAL_REPRESENTATION('',(#7138),#7141);
#7138 = B_SPLINE_CURVE_WITH_KNOTS('',1,(#7139,#7140),.UNSPECIFIED.,.F.,
  .F.,(2,2),(0.,34.),.PIECEWISE_BEZIER_KNOTS.);
#7139 = CARTESIAN_POINT('',(12.,34.));
#7140 = CARTESIAN_POINT('',(12.,0.));
#7141 = ( GEOMETRIC_REPRESENTATION_CONTEXT(2) 
PARAMETRIC_REPRESENTATION_CONTEXT() REPRESENTATION_CONTEXT('2D SPACE',''
  ) );
#7142 = ORIENTED_EDGE('',*,*,#6958,.T.);
#7143 = FACE_BOUND('',#7144,.T.);
#7144 = EDGE_LOOP('',(#7145,#7146));
#7145 = ORIENTED_EDGE('',*,*,#6414,.F.);
#7146 = ORIENTED_EDGE('',*,*,#7147,.F.);
#7147 = EDGE_CURVE('',#6393,#6313,#7148,.T.);
#7148 = SURFACE_CURVE('',#7149,(#7154,#7161),.PCURVE_S1.);
#7149 = CIRCLE('',#7150,1.5);
#7150 = AXIS2_PLACEMENT_3D('',#7151,#7152,#7153);
#7151 = CARTESIAN_POINT('',(6.999999999974,-2.5,6.));
#7152 = DIRECTION('',(0.,0.,1.));
#7153 = DIRECTION('',(1.,-5.921189464668E-16,0.));
#7154 = PCURVE('',#6079,#7155);
#7155 = DEFINITIONAL_REPRESENTATION('',(#7156),#7160);
#7156 = CIRCLE('',#7157,1.5);
#7157 = AXIS2_PLACEMENT_2D('',#7158,#7159);
#7158 = CARTESIAN_POINT('',(29.,3.5));
#7159 = DIRECTION('',(1.,-5.921189464668E-16));
#7160 = ( GEOMETRIC_REPRESENTATION_CONTEXT(2) 
PARAMETRIC_REPRESENTATION_CONTEXT() REPRESENTATION_CONTEXT('2D SPACE',''
  ) );
#7161 = PCURVE('',#6356,#7162);
#7162 = DEFINITIONAL_REPRESENTATION('',(#7163),#7167);
#7163 = LINE('',#7164,#7165);
#7164 = CARTESIAN_POINT('',(3.14159265359,-10.5));
#7165 = VECTOR('',#7166,1.);
#7166 = DIRECTION('',(-1.,0.));
#7167 = ( GEOMETRIC_REPRESENTATION_CONTEXT(2) 
PARAMETRIC_REPRESENTATION_CONTEXT() REPRESENTATION_CONTEXT('2D SPACE',''
  ) );
#7168 = FACE_BOUND('',#7169,.T.);
#7169 = EDGE_LOOP('',(#7170,#7171));
#7170 = ORIENTED_EDGE('',*,*,#6646,.F.);
#7171 = ORIENTED_EDGE('',*,*,#7172,.F.);
#7172 = EDGE_CURVE('',#6625,#6567,#7173,.T.);
#7173 = SURFACE_CURVE('',#7174,(#7179,#7186),.PCURVE_S1.);
#7174 = CIRCLE('',#7175,1.5);
#7175 = AXIS2_PLACEMENT_3D('',#7176,#7177,#7178);
#7176 = CARTESIAN_POINT('',(6.999999999974,2.5,6.));
#7177 = DIRECTION('',(0.,0.,1.));
#7178 = DIRECTION('',(1.,-5.921189464668E-16,0.));
#7179 = PCURVE('',#6079,#7180);
#7180 = DEFINITIONAL_REPRESENTATION('',(#7181),#7185);
#7181 = CIRCLE('',#7182,1.5);
#7182 = AXIS2_PLACEMENT_2D('',#7183,#7184);
#7183 = CARTESIAN_POINT('',(29.,8.5));
#7184 = DIRECTION('',(1.,-5.921189464668E-16));
#7185 = ( GEOMETRIC_REPRESENTATION_CONTEXT(2) 
PARAMETRIC_REPRESENTATION_CONTEXT() REPRESENTATION_CONTEXT('2D SPACE',''
  ) );
#7186 = PCURVE('',#6588,#7187);
#7187 = DEFINITIONAL_REPRESENTATION('',(#7188),#7192);
#7188 = LINE('',#7189,#7190);
#7189 = CARTESIAN_POINT('',(3.14159265359,-10.5));
#7190 = VECTOR('',#7191,1.);
#7191 = DIRECTION('',(-1.,0.));
#7192 = ( GEOMETRIC_REPRESENTATION_CONTEXT(2) 
PARAMETRIC_REPRESENTATION_CONTEXT() REPRESENTATION_CONTEXT('2D SPACE',''
  ) );
#7193 = ADVANCED_FACE('',(#7194,#7234,#7259,#7284),#6182,.T.);
#7194 = FACE_BOUND('',#7195,.T.);
#7195 = EDGE_LOOP('',(#7196,#7197,#7215,#7216));
#7196 = ORIENTED_EDGE('',*,*,#7005,.F.);
#7197 = ORIENTED_EDGE('',*,*,#7198,.F.);
#7198 = EDGE_CURVE('',#6169,#6986,#7199,.T.);
#7199 = SURFACE_CURVE('',#7200,(#7203,#7209),.PCURVE_S1.);
#7200 = B_SPLINE_CURVE_WITH_KNOTS('',1,(#7201,#7202),.UNSPECIFIED.,.F.,
  .F.,(2,2),(0.,34.),.PIECEWISE_BEZIER_KNOTS.);
#7201 = CARTESIAN_POINT('',(11.999999999974,6.,-6.));
#7202 = CARTESIAN_POINT('',(-22.00000000002,6.,-6.));
#7203 = PCURVE('',#6182,#7204);
#7204 = DEFINITIONAL_REPRESENTATION('',(#7205),#7208);
#7205 = B_SPLINE_CURVE_WITH_KNOTS('',1,(#7206,#7207),.UNSPECIFIED.,.F.,
  .F.,(2,2),(0.,34.),.PIECEWISE_BEZIER_KNOTS.);
#7206 = CARTESIAN_POINT('',(-34.,12.));
#7207 = CARTESIAN_POINT('',(0.,12.));
#7208 = ( GEOMETRIC_REPRESENTATION_CONTEXT(2) 
PARAMETRIC_REPRESENTATION_CONTEXT() REPRESENTATION_CONTEXT('2D SPACE',''
  ) );
#7209 = PCURVE('',#6054,#7210);
#7210 = DEFINITIONAL_REPRESENTATION('',(#7211),#7214);
#7211 = B_SPLINE_CURVE_WITH_KNOTS('',1,(#7212,#7213),.UNSPECIFIED.,.F.,
  .F.,(2,2),(0.,34.),.PIECEWISE_BEZIER_KNOTS.);
#7212 = CARTESIAN_POINT('',(0.,34.));
#7213 = CARTESIAN_POINT('',(0.,0.));
#7214 = ( GEOMETRIC_REPRESENTATION_CONTEXT(2) 
PARAMETRIC_REPRESENTATION_CONTEXT() REPRESENTATION_CONTEXT('2D SPACE',''
  ) );
#7215 = ORIENTED_EDGE('',*,*,#6168,.F.);
#7216 = ORIENTED_EDGE('',*,*,#7217,.F.);
#7217 = EDGE_CURVE('',#7006,#6149,#7218,.T.);
#7218 = SURFACE_CURVE('',#7219,(#7222,#7228),.PCURVE_S1.);
#7219 = B_SPLINE_CURVE_WITH_KNOTS('',1,(#7220,#7221),.UNSPECIFIED.,.F.,
  .F.,(2,2),(0.,34.),.PIECEWISE_BEZIER_KNOTS.);
#7220 = CARTESIAN_POINT('',(-22.00000000002,-6.,-6.));
#7221 = CARTESIAN_POINT('',(11.999999999974,-6.,-6.));
#7222 = PCURVE('',#6182,#7223);
#7223 = DEFINITIONAL_REPRESENTATION('',(#7224),#7227);
#7224 = B_SPLINE_CURVE_WITH_KNOTS('',1,(#7225,#7226),.UNSPECIFIED.,.F.,
  .F.,(2,2),(0.,34.),.PIECEWISE_BEZIER_KNOTS.);
#7225 = CARTESIAN_POINT('',(0.,0.));
#7226 = CARTESIAN_POINT('',(-34.,0.));
#7227 = ( GEOMETRIC_REPRESENTATION_CONTEXT(2) 
PARAMETRIC_REPRESENTATION_CONTEXT() REPRESENTATION_CONTEXT('2D SPACE',''
  ) );
#7228 = PCURVE('',#6102,#7229);
#7229 = DEFINITIONAL_REPRESENTATION('',(#7230),#7233);
#7230 = B_SPLINE_CURVE_WITH_KNOTS('',1,(#7231,#7232),.UNSPECIFIED.,.F.,
  .F.,(2,2),(0.,34.),.PIECEWISE_BEZIER_KNOTS.);
#7231 = CARTESIAN_POINT('',(0.,-34.));
#7232 = CARTESIAN_POINT('',(0.,0.));
#7233 = ( GEOMETRIC_REPRESENTATION_CONTEXT(2) 
PARAMETRIC_REPRESENTATION_CONTEXT() REPRESENTATION_CONTEXT('2D SPACE',''
  ) );
#7234 = FACE_BOUND('',#7235,.T.);
#7235 = EDGE_LOOP('',(#7236,#7258));
#7236 = ORIENTED_EDGE('',*,*,#7237,.F.);
#7237 = EDGE_CURVE('',#6442,#6496,#7238,.T.);
#7238 = SURFACE_CURVE('',#7239,(#7244,#7251),.PCURVE_S1.);
#7239 = CIRCLE('',#7240,1.5);
#7240 = AXIS2_PLACEMENT_3D('',#7241,#7242,#7243);
#7241 = CARTESIAN_POINT('',(6.999999999974,-2.5,-6.));
#7242 = DIRECTION('',(0.,0.,-1.));
#7243 = DIRECTION('',(-1.,0.,0.));
#7244 = PCURVE('',#6182,#7245);
#7245 = DEFINITIONAL_REPRESENTATION('',(#7246),#7250);
#7246 = CIRCLE('',#7247,1.5);
#7247 = AXIS2_PLACEMENT_2D('',#7248,#7249);
#7248 = CARTESIAN_POINT('',(-29.,3.5));
#7249 = DIRECTION('',(1.,0.));
#7250 = ( GEOMETRIC_REPRESENTATION_CONTEXT(2) 
PARAMETRIC_REPRESENTATION_CONTEXT() REPRESENTATION_CONTEXT('2D SPACE',''
  ) );
#7251 = PCURVE('',#6483,#7252);
#7252 = DEFINITIONAL_REPRESENTATION('',(#7253),#7257);
#7253 = LINE('',#7254,#7255);
#7254 = CARTESIAN_POINT('',(0.,1.5));
#7255 = VECTOR('',#7256,1.);
#7256 = DIRECTION('',(1.,0.));
#7257 = ( GEOMETRIC_REPRESENTATION_CONTEXT(2) 
PARAMETRIC_REPRESENTATION_CONTEXT() REPRESENTATION_CONTEXT('2D SPACE',''
  ) );
#7258 = ORIENTED_EDGE('',*,*,#6495,.F.);
#7259 = FACE_BOUND('',#7260,.T.);
#7260 = EDGE_LOOP('',(#7261,#7283));
#7261 = ORIENTED_EDGE('',*,*,#7262,.F.);
#7262 = EDGE_CURVE('',#6674,#6706,#7263,.T.);
#7263 = SURFACE_CURVE('',#7264,(#7269,#7276),.PCURVE_S1.);
#7264 = CIRCLE('',#7265,1.5);
#7265 = AXIS2_PLACEMENT_3D('',#7266,#7267,#7268);
#7266 = CARTESIAN_POINT('',(6.999999999974,2.5,-6.));
#7267 = DIRECTION('',(0.,0.,-1.));
#7268 = DIRECTION('',(-1.,0.,0.));
#7269 = PCURVE('',#6182,#7270);
#7270 = DEFINITIONAL_REPRESENTATION('',(#7271),#7275);
#7271 = CIRCLE('',#7272,1.5);
#7272 = AXIS2_PLACEMENT_2D('',#7273,#7274);
#7273 = CARTESIAN_POINT('',(-29.,8.5));
#7274 = DIRECTION('',(1.,0.));
#7275 = ( GEOMETRIC_REPRESENTATION_CONTEXT(2) 
PARAMETRIC_REPRESENTATION_CONTEXT() REPRESENTATION_CONTEXT('2D SPACE',''
  ) );
#7276 = PCURVE('',#6693,#7277);
#7277 = DEFINITIONAL_REPRESENTATION('',(#7278),#7282);
#7278 = LINE('',#7279,#7280);
#7279 = CARTESIAN_POINT('',(0.,1.5));
#7280 = VECTOR('',#7281,1.);
#7281 = DIRECTION('',(1.,0.));
#7282 = ( GEOMETRIC_REPRESENTATION_CONTEXT(2) 
PARAMETRIC_REPRESENTATION_CONTEXT() REPRESENTATION_CONTEXT('2D SPACE',''
  ) );
#7283 = ORIENTED_EDGE('',*,*,#6705,.F.);
#7284 = FACE_BOUND('',#7285,.T.);
#7285 = EDGE_LOOP('',(#7286,#7321));
#7286 = ORIENTED_EDGE('',*,*,#7287,.T.);
#7287 = EDGE_CURVE('',#7288,#7290,#7292,.T.);
#7288 = VERTEX_POINT('',#7289);
#7289 = CARTESIAN_POINT('',(-14.00000000002,0.,-6.));
#7290 = VERTEX_POINT('',#7291);
#7291 = CARTESIAN_POINT('',(-17.00000000002,0.,-6.));
#7292 = SURFACE_CURVE('',#7293,(#7298,#7309),.PCURVE_S1.);
#7293 = CIRCLE('',#7294,1.5);
#7294 = AXIS2_PLACEMENT_3D('',#7295,#7296,#7297);
#7295 = CARTESIAN_POINT('',(-15.50000000002,3.552713678801E-15,-6.));
#7296 = DIRECTION('',(0.,-2.064126647383E-12,1.));
#7297 = DIRECTION('',(1.,-2.368475785867E-15,-4.88883398329E-27));
#7298 = PCURVE('',#6182,#7299);
#7299 = DEFINITIONAL_REPRESENTATION('',(#7300),#7308);
#7300 = ( BOUNDED_CURVE() B_SPLINE_CURVE(2,(#7301,#7302,#7303,#7304,
#7305,#7306,#7307),.UNSPECIFIED.,.T.,.F.) B_SPLINE_CURVE_WITH_KNOTS((1,2
    ,2,2,2,1),(-2.094395102393,0.,2.094395102393,4.188790204786,
6.28318530718,8.377580409573),.UNSPECIFIED.) CURVE() 
GEOMETRIC_REPRESENTATION_ITEM() RATIONAL_B_SPLINE_CURVE((1.,0.5,1.,0.5,
1.,0.5,1.)) REPRESENTATION_ITEM('') );
#7301 = CARTESIAN_POINT('',(-8.,6.));
#7302 = CARTESIAN_POINT('',(-8.,8.598076211353));
#7303 = CARTESIAN_POINT('',(-5.75,7.299038105677));
#7304 = CARTESIAN_POINT('',(-3.5,6.));
#7305 = CARTESIAN_POINT('',(-5.75,4.700961894323));
#7306 = CARTESIAN_POINT('',(-8.,3.401923788647));
#7307 = CARTESIAN_POINT('',(-8.,6.));
#7308 = ( GEOMETRIC_REPRESENTATION_CONTEXT(2) 
PARAMETRIC_REPRESENTATION_CONTEXT() REPRESENTATION_CONTEXT('2D SPACE',''
  ) );
#7309 = PCURVE('',#7310,#7315);
#7310 = CYLINDRICAL_SURFACE('',#7311,1.5);
#7311 = AXIS2_PLACEMENT_3D('',#7312,#7313,#7314);
#7312 = CARTESIAN_POINT('',(-15.50000000002,1.23847598843E-11,-3.));
#7313 = DIRECTION('',(0.,2.064422706856E-12,-1.));
#7314 = DIRECTION('',(0.,-1.,-2.064422706856E-12));
#7315 = DEFINITIONAL_REPRESENTATION('',(#7316),#7320);
#7316 = LINE('',#7317,#7318);
#7317 = CARTESIAN_POINT('',(4.712388980397,3.));
#7318 = VECTOR('',#7319,1.);
#7319 = DIRECTION('',(-1.,0.));
#7320 = ( GEOMETRIC_REPRESENTATION_CONTEXT(2) 
PARAMETRIC_REPRESENTATION_CONTEXT() REPRESENTATION_CONTEXT('2D SPACE',''
  ) );
#7321 = ORIENTED_EDGE('',*,*,#7322,.T.);
#7322 = EDGE_CURVE('',#7290,#7288,#7323,.T.);
#7323 = SURFACE_CURVE('',#7324,(#7329,#7340),.PCURVE_S1.);
#7324 = CIRCLE('',#7325,1.5);
#7325 = AXIS2_PLACEMENT_3D('',#7326,#7327,#7328);
#7326 = CARTESIAN_POINT('',(-15.50000000002,0.,-6.));
#7327 = DIRECTION('',(0.,-2.06471876633E-12,1.));
#7328 = DIRECTION('',(-1.,0.,0.));
#7329 = PCURVE('',#6182,#7330);
#7330 = DEFINITIONAL_REPRESENTATION('',(#7331),#7339);
#7331 = ( BOUNDED_CURVE() B_SPLINE_CURVE(2,(#7332,#7333,#7334,#7335,
#7336,#7337,#7338),.UNSPECIFIED.,.T.,.F.) B_SPLINE_CURVE_WITH_KNOTS((1,2
    ,2,2,2,1),(-2.094395102393,0.,2.094395102393,4.188790204786,
6.28318530718,8.377580409573),.UNSPECIFIED.) CURVE() 
GEOMETRIC_REPRESENTATION_ITEM() RATIONAL_B_SPLINE_CURVE((1.,0.5,1.,0.5,
1.,0.5,1.)) REPRESENTATION_ITEM('') );
#7332 = CARTESIAN_POINT('',(-5.,6.));
#7333 = CARTESIAN_POINT('',(-5.,3.401923788647));
#7334 = CARTESIAN_POINT('',(-7.25,4.700961894323));
#7335 = CARTESIAN_POINT('',(-9.5,6.));
#7336 = CARTESIAN_POINT('',(-7.25,7.299038105677));
#7337 = CARTESIAN_POINT('',(-5.,8.598076211353));
#7338 = CARTESIAN_POINT('',(-5.,6.));
#7339 = ( GEOMETRIC_REPRESENTATION_CONTEXT(2) 
PARAMETRIC_REPRESENTATION_CONTEXT() REPRESENTATION_CONTEXT('2D SPACE',''
  ) );
#7340 = PCURVE('',#7341,#7346);
#7341 = CYLINDRICAL_SURFACE('',#7342,1.5);
#7342 = AXIS2_PLACEMENT_3D('',#7343,#7344,#7345);
#7343 = CARTESIAN_POINT('',(-15.50000000002,1.23758781001E-11,-3.));
#7344 = DIRECTION('',(0.,2.064422706856E-12,-1.));
#7345 = DIRECTION('',(0.,-1.,-2.064422706856E-12));
#7346 = DEFINITIONAL_REPRESENTATION('',(#7347),#7351);
#7347 = LINE('',#7348,#7349);
#7348 = CARTESIAN_POINT('',(1.570796326783,3.));
#7349 = VECTOR('',#7350,1.);
#7350 = DIRECTION('',(-1.,0.));
#7351 = ( GEOMETRIC_REPRESENTATION_CONTEXT(2) 
PARAMETRIC_REPRESENTATION_CONTEXT() REPRESENTATION_CONTEXT('2D SPACE',''
  ) );
#7352 = ADVANCED_FACE('',(#7353),#6102,.T.);
#7353 = FACE_BOUND('',#7354,.T.);
#7354 = EDGE_LOOP('',(#7355,#7356,#7357,#7358,#7359,#7360,#7361,#7362));
#7355 = ORIENTED_EDGE('',*,*,#7025,.T.);
#7356 = ORIENTED_EDGE('',*,*,#7217,.T.);
#7357 = ORIENTED_EDGE('',*,*,#6148,.F.);
#7358 = ORIENTED_EDGE('',*,*,#6776,.T.);
#7359 = ORIENTED_EDGE('',*,*,#6266,.F.);
#7360 = ORIENTED_EDGE('',*,*,#6887,.T.);
#7361 = ORIENTED_EDGE('',*,*,#6090,.F.);
#7362 = ORIENTED_EDGE('',*,*,#7106,.F.);
#7363 = ADVANCED_FACE('',(#7364,#7374),#6054,.T.);
#7364 = FACE_BOUND('',#7365,.T.);
#7365 = EDGE_LOOP('',(#7366,#7367,#7368,#7369,#7370,#7371,#7372,#7373));
#7366 = ORIENTED_EDGE('',*,*,#6985,.T.);
#7367 = ORIENTED_EDGE('',*,*,#7125,.F.);
#7368 = ORIENTED_EDGE('',*,*,#6040,.T.);
#7369 = ORIENTED_EDGE('',*,*,#6868,.T.);
#7370 = ORIENTED_EDGE('',*,*,#6214,.F.);
#7371 = ORIENTED_EDGE('',*,*,#6795,.T.);
#7372 = ORIENTED_EDGE('',*,*,#6193,.T.);
#7373 = ORIENTED_EDGE('',*,*,#7198,.T.);
#7374 = FACE_BOUND('',#7375,.T.);
#7375 = EDGE_LOOP('',(#7376,#7407));
#7376 = ORIENTED_EDGE('',*,*,#7377,.F.);
#7377 = EDGE_CURVE('',#7378,#7380,#7382,.T.);
#7378 = VERTEX_POINT('',#7379);
#7379 = CARTESIAN_POINT('',(-17.00000000002,5.999999982579,
    -1.742133992622E-08));
#7380 = VERTEX_POINT('',#7381);
#7381 = CARTESIAN_POINT('',(-14.00000000002,5.999999982579,
    -1.742133992622E-08));
#7382 = SURFACE_CURVE('',#7383,(#7388,#7395),.PCURVE_S1.);
#7383 = CIRCLE('',#7384,1.5);
#7384 = AXIS2_PLACEMENT_3D('',#7385,#7386,#7387);
#7385 = CARTESIAN_POINT('',(-15.50000000002,5.999999982579,
    -1.742134020966E-08));
#7386 = DIRECTION('',(0.,1.,0.));
#7387 = DIRECTION('',(-1.,0.,1.889653963545E-16));
#7388 = PCURVE('',#6054,#7389);
#7389 = DEFINITIONAL_REPRESENTATION('',(#7390),#7394);
#7390 = CIRCLE('',#7391,1.5);
#7391 = AXIS2_PLACEMENT_2D('',#7392,#7393);
#7392 = CARTESIAN_POINT('',(5.999999982579,6.5));
#7393 = DIRECTION('',(1.889653963545E-16,-1.));
#7394 = ( GEOMETRIC_REPRESENTATION_CONTEXT(2) 
PARAMETRIC_REPRESENTATION_CONTEXT() REPRESENTATION_CONTEXT('2D SPACE',''
  ) );
#7395 = PCURVE('',#7396,#7401);
#7396 = CYLINDRICAL_SURFACE('',#7397,1.5);
#7397 = AXIS2_PLACEMENT_3D('',#7398,#7399,#7400);
#7398 = CARTESIAN_POINT('',(-15.50000000002,2.999999991289,
    -1.742134020966E-08));
#7399 = DIRECTION('',(0.,-1.,0.));
#7400 = DIRECTION('',(0.,-0.,-1.));
#7401 = DEFINITIONAL_REPRESENTATION('',(#7402),#7406);
#7402 = LINE('',#7403,#7404);
#7403 = CARTESIAN_POINT('',(4.712388980385,-2.999999991289));
#7404 = VECTOR('',#7405,1.);
#7405 = DIRECTION('',(-1.,0.));
#7406 = ( GEOMETRIC_REPRESENTATION_CONTEXT(2) 
PARAMETRIC_REPRESENTATION_CONTEXT() REPRESENTATION_CONTEXT('2D SPACE',''
  ) );
#7407 = ORIENTED_EDGE('',*,*,#7408,.F.);
#7408 = EDGE_CURVE('',#7380,#7378,#7409,.T.);
#7409 = SURFACE_CURVE('',#7410,(#7415,#7422),.PCURVE_S1.);
#7410 = CIRCLE('',#7411,1.5);
#7411 = AXIS2_PLACEMENT_3D('',#7412,#7413,#7414);
#7412 = CARTESIAN_POINT('',(-15.50000000002,5.999999982579,
    -1.742134020966E-08));
#7413 = DIRECTION('',(0.,1.,0.));
#7414 = DIRECTION('',(1.,-0.,1.889653963545E-16));
#7415 = PCURVE('',#6054,#7416);
#7416 = DEFINITIONAL_REPRESENTATION('',(#7417),#7421);
#7417 = CIRCLE('',#7418,1.5);
#7418 = AXIS2_PLACEMENT_2D('',#7419,#7420);
#7419 = CARTESIAN_POINT('',(5.999999982579,6.5));
#7420 = DIRECTION('',(1.889653963545E-16,1.));
#7421 = ( GEOMETRIC_REPRESENTATION_CONTEXT(2) 
PARAMETRIC_REPRESENTATION_CONTEXT() REPRESENTATION_CONTEXT('2D SPACE',''
  ) );
#7422 = PCURVE('',#7423,#7428);
#7423 = CYLINDRICAL_SURFACE('',#7424,1.5);
#7424 = AXIS2_PLACEMENT_3D('',#7425,#7426,#7427);
#7425 = CARTESIAN_POINT('',(-15.50000000002,2.999999991289,
    -1.742134020966E-08));
#7426 = DIRECTION('',(0.,-1.,0.));
#7427 = DIRECTION('',(0.,-0.,-1.));
#7428 = DEFINITIONAL_REPRESENTATION('',(#7429),#7433);
#7429 = LINE('',#7430,#7431);
#7430 = CARTESIAN_POINT('',(1.570796326795,-2.999999991289));
#7431 = VECTOR('',#7432,1.);
#7432 = DIRECTION('',(-1.,0.));
#7433 = ( GEOMETRIC_REPRESENTATION_CONTEXT(2) 
PARAMETRIC_REPRESENTATION_CONTEXT() REPRESENTATION_CONTEXT('2D SPACE',''
  ) );
#7434 = ADVANCED_FACE('',(#7435),#7064,.F.);
#7435 = FACE_BOUND('',#7436,.F.);
#7436 = EDGE_LOOP('',(#7437,#7459,#7488,#7510,#7637,#7657));
#7437 = ORIENTED_EDGE('',*,*,#7438,.T.);
#7438 = EDGE_CURVE('',#7046,#7439,#7441,.T.);
#7439 = VERTEX_POINT('',#7440);
#7440 = CARTESIAN_POINT('',(-10.00000000002,-3.,-1.749711486809E-13));
#7441 = SURFACE_CURVE('',#7442,(#7445,#7452),.PCURVE_S1.);
#7442 = B_SPLINE_CURVE_WITH_KNOTS('',1,(#7443,#7444),.UNSPECIFIED.,.F.,
  .F.,(2,2),(0.,12.),.PIECEWISE_BEZIER_KNOTS.);
#7443 = CARTESIAN_POINT('',(-22.00000000002,-3.,-1.749711486809E-13));
#7444 = CARTESIAN_POINT('',(-10.00000000002,-3.,-1.749711486809E-13));
#7445 = PCURVE('',#7064,#7446);
#7446 = DEFINITIONAL_REPRESENTATION('',(#7447),#7451);
#7447 = LINE('',#7448,#7449);
#7448 = CARTESIAN_POINT('',(7.853981633974,-6.));
#7449 = VECTOR('',#7450,1.);
#7450 = DIRECTION('',(0.,1.));
#7451 = ( GEOMETRIC_REPRESENTATION_CONTEXT(2) 
PARAMETRIC_REPRESENTATION_CONTEXT() REPRESENTATION_CONTEXT('2D SPACE',''
  ) );
#7452 = PCURVE('',#7091,#7453);
#7453 = DEFINITIONAL_REPRESENTATION('',(#7454),#7458);
#7454 = LINE('',#7455,#7456);
#7455 = CARTESIAN_POINT('',(1.570796326795,-6.));
#7456 = VECTOR('',#7457,1.);
#7457 = DIRECTION('',(0.,1.));
#7458 = ( GEOMETRIC_REPRESENTATION_CONTEXT(2) 
PARAMETRIC_REPRESENTATION_CONTEXT() REPRESENTATION_CONTEXT('2D SPACE',''
  ) );
#7459 = ORIENTED_EDGE('',*,*,#7460,.T.);
#7460 = EDGE_CURVE('',#7439,#7461,#7463,.T.);
#7461 = VERTEX_POINT('',#7462);
#7462 = CARTESIAN_POINT('',(-10.00000000002,3.,-1.749711486809E-13));
#7463 = SURFACE_CURVE('',#7464,(#7469,#7476),.PCURVE_S1.);
#7464 = CIRCLE('',#7465,3.);
#7465 = AXIS2_PLACEMENT_3D('',#7466,#7467,#7468);
#7466 = CARTESIAN_POINT('',(-10.00000000002,0.,-1.749082998974E-13));
#7467 = DIRECTION('',(-1.,0.,0.));
#7468 = DIRECTION('',(-0.,-1.,-2.094959451737E-17));
#7469 = PCURVE('',#7064,#7470);
#7470 = DEFINITIONAL_REPRESENTATION('',(#7471),#7475);
#7471 = LINE('',#7472,#7473);
#7472 = CARTESIAN_POINT('',(7.853981633974,6.));
#7473 = VECTOR('',#7474,1.);
#7474 = DIRECTION('',(-1.,0.));
#7475 = ( GEOMETRIC_REPRESENTATION_CONTEXT(2) 
PARAMETRIC_REPRESENTATION_CONTEXT() REPRESENTATION_CONTEXT('2D SPACE',''
  ) );
#7476 = PCURVE('',#7477,#7482);
#7477 = PLANE('',#7478);
#7478 = AXIS2_PLACEMENT_3D('',#7479,#7480,#7481);
#7479 = CARTESIAN_POINT('',(-10.00000000002,-3.06,3.06));
#7480 = DIRECTION('',(-1.,0.,0.));
#7481 = DIRECTION('',(0.,0.,-1.));
#7482 = DEFINITIONAL_REPRESENTATION('',(#7483),#7487);
#7483 = CIRCLE('',#7484,3.);
#7484 = AXIS2_PLACEMENT_2D('',#7485,#7486);
#7485 = CARTESIAN_POINT('',(3.06,-3.06));
#7486 = DIRECTION('',(2.094959451737E-17,1.));
#7487 = ( GEOMETRIC_REPRESENTATION_CONTEXT(2) 
PARAMETRIC_REPRESENTATION_CONTEXT() REPRESENTATION_CONTEXT('2D SPACE',''
  ) );
#7488 = ORIENTED_EDGE('',*,*,#7489,.F.);
#7489 = EDGE_CURVE('',#7490,#7461,#7492,.T.);
#7490 = VERTEX_POINT('',#7491);
#7491 = CARTESIAN_POINT('',(-14.00000000002,3.,-8.710757448682E-09));
#7492 = SURFACE_CURVE('',#7493,(#7496,#7503),.PCURVE_S1.);
#7493 = B_SPLINE_CURVE_WITH_KNOTS('',1,(#7494,#7495),.UNSPECIFIED.,.F.,
  .F.,(2,2),(8.,12.),.PIECEWISE_BEZIER_KNOTS.);
#7494 = CARTESIAN_POINT('',(-14.00000000002,3.,-8.710757448682E-09));
#7495 = CARTESIAN_POINT('',(-10.00000000002,3.,-1.749711486809E-13));
#7496 = PCURVE('',#7064,#7497);
#7497 = DEFINITIONAL_REPRESENTATION('',(#7498),#7502);
#7498 = LINE('',#7499,#7500);
#7499 = CARTESIAN_POINT('',(4.712388971674,-6.));
#7500 = VECTOR('',#7501,1.);
#7501 = DIRECTION('',(7.258820211575E-10,1.));
#7502 = ( GEOMETRIC_REPRESENTATION_CONTEXT(2) 
PARAMETRIC_REPRESENTATION_CONTEXT() REPRESENTATION_CONTEXT('2D SPACE',''
  ) );
#7503 = PCURVE('',#7091,#7504);
#7504 = DEFINITIONAL_REPRESENTATION('',(#7505),#7509);
#7505 = LINE('',#7506,#7507);
#7506 = CARTESIAN_POINT('',(4.712388971674,-6.));
#7507 = VECTOR('',#7508,1.);
#7508 = DIRECTION('',(7.258820211575E-10,1.));
#7509 = ( GEOMETRIC_REPRESENTATION_CONTEXT(2) 
PARAMETRIC_REPRESENTATION_CONTEXT() REPRESENTATION_CONTEXT('2D SPACE',''
  ) );
#7510 = ORIENTED_EDGE('',*,*,#7511,.T.);
#7511 = EDGE_CURVE('',#7490,#7512,#7514,.T.);
#7512 = VERTEX_POINT('',#7513);
#7513 = CARTESIAN_POINT('',(-17.00000000002,3.,-1.749711486809E-13));
#7514 = SURFACE_CURVE('',#7515,(#7535,#7586),.PCURVE_S1.);
#7515 = B_SPLINE_CURVE_WITH_KNOTS('',3,(#7516,#7517,#7518,#7519,#7520,
    #7521,#7522,#7523,#7524,#7525,#7526,#7527,#7528,#7529,#7530,#7531,
    #7532,#7533,#7534),.UNSPECIFIED.,.F.,.F.,(4,2,2,2,3,2,2,2,4),(0.,
    0.605490453982,1.207770894089,1.809047675295,2.415090677451,
    3.021133679606,3.622410460812,4.224690900919,4.830181354902),
  .UNSPECIFIED.);
#7516 = CARTESIAN_POINT('',(-14.00000000002,3.,-8.710757448682E-09));
#7517 = CARTESIAN_POINT('',(-14.00000000002,3.,0.201578959398));
#7518 = CARTESIAN_POINT('',(-14.04040050981,2.979236940027,
    0.398424949094));
#7519 = CARTESIAN_POINT('',(-14.19329202748,2.907396812015,
    0.762412697455));
#7520 = CARTESIAN_POINT('',(-14.30358412592,2.857515628998,
    0.925140229768));
#7521 = CARTESIAN_POINT('',(-14.57670607716,2.754361929075,
    1.197789428112));
#7522 = CARTESIAN_POINT('',(-14.73929510218,2.701407876687,
    1.307547537336));
#7523 = CARTESIAN_POINT('',(-15.10192658793,2.622384513356,
    1.459623408862));
#7524 = CARTESIAN_POINT('',(-15.29808194497,2.598076221411,
    1.499999982579));
#7525 = CARTESIAN_POINT('',(-15.50000000002,2.598076221411,
    1.499999982579));
#7526 = CARTESIAN_POINT('',(-15.70191805508,2.598076221411,
    1.499999982579));
#7527 = CARTESIAN_POINT('',(-15.89807341211,2.622384513356,
    1.459623408862));
#7528 = CARTESIAN_POINT('',(-16.26070489786,2.701407876687,
    1.307547537336));
#7529 = CARTESIAN_POINT('',(-16.42329392288,2.754361929075,
    1.197789428112));
#7530 = CARTESIAN_POINT('',(-16.69641587412,2.857515628998,
    0.925140229768));
#7531 = CARTESIAN_POINT('',(-16.80670797256,2.907396812015,
    0.762412697455));
#7532 = CARTESIAN_POINT('',(-16.95959949023,2.979236940027,
    0.398424949094));
#7533 = CARTESIAN_POINT('',(-17.00000000002,3.,0.201578959398));
#7534 = CARTESIAN_POINT('',(-17.00000000002,3.,-1.749711486809E-13));
#7535 = PCURVE('',#7064,#7536);
#7536 = DEFINITIONAL_REPRESENTATION('',(#7537),#7585);
#7537 = B_SPLINE_CURVE_WITH_KNOTS('',3,(#7538,#7539,#7540,#7541,#7542,
    #7543,#7544,#7545,#7546,#7547,#7548,#7549,#7550,#7551,#7552,#7553,
    #7554,#7555,#7556,#7557,#7558,#7559,#7560,#7561,#7562,#7563,#7564,
    #7565,#7566,#7567,#7568,#7569,#7570,#7571,#7572,#7573,#7574,#7575,
    #7576,#7577,#7578,#7579,#7580,#7581,#7582,#7583,#7584),
  .UNSPECIFIED.,.F.,.F.,(4,1,1,1,1,1,1,1,1,1,1,1,1,1,1,1,1,1,1,1,1,1,1,1
    ,1,1,1,1,1,1,1,1,1,1,1,1,1,1,1,1,1,1,1,1,4),(0.,0.109776848975,
    0.21955369795,0.329330546925,0.4391073959,0.548884244875,
    0.65866109385,0.768437942825,0.8782147918,0.987991640775,
    1.09776848975,1.207545338725,1.3173221877,1.427099036675,
    1.536875885651,1.646652734626,1.756429583601,1.866206432576,
    1.975983281551,2.085760130526,2.195536979501,2.305313828476,
    2.415090677451,2.524867526426,2.634644375401,2.744421224376,
    2.854198073351,2.963974922326,3.073751771301,3.183528620276,
    3.293305469251,3.403082318226,3.512859167201,3.622636016176,
    3.732412865151,3.842189714126,3.951966563101,4.061743412076,
    4.171520261051,4.281297110026,4.391073959001,4.500850807976,
    4.610627656952,4.720404505927,4.830181354902),
  .QUASI_UNIFORM_KNOTS.);
#7538 = CARTESIAN_POINT('',(4.712388977481,2.));
#7539 = CARTESIAN_POINT('',(4.724570750847,2.));
#7540 = CARTESIAN_POINT('',(4.748832386071,1.997344069372));
#7541 = CARTESIAN_POINT('',(4.784846845315,1.985540460626));
#7542 = CARTESIAN_POINT('',(4.820411970775,1.966066766753));
#7543 = CARTESIAN_POINT('',(4.855453206188,1.939067195331));
#7544 = CARTESIAN_POINT('',(4.889879695074,1.904706085744));
#7545 = CARTESIAN_POINT('',(4.92364797611,1.863072670253));
#7546 = CARTESIAN_POINT('',(4.956308870164,1.814805962408));
#7547 = CARTESIAN_POINT('',(4.987807879424,1.760160588825));
#7548 = CARTESIAN_POINT('',(5.018040695331,1.699421161042));
#7549 = CARTESIAN_POINT('',(5.046905496091,1.632865890832));
#7550 = CARTESIAN_POINT('',(5.074295985857,1.560768604098));
#7551 = CARTESIAN_POINT('',(5.100082993413,1.483427069997));
#7552 = CARTESIAN_POINT('',(5.124116548647,1.401157310786));
#7553 = CARTESIAN_POINT('',(5.146258139613,1.314252540244));
#7554 = CARTESIAN_POINT('',(5.166358825247,1.223005257639));
#7555 = CARTESIAN_POINT('',(5.184263814079,1.127733628376));
#7556 = CARTESIAN_POINT('',(5.199820382457,1.028653867826));
#7557 = CARTESIAN_POINT('',(5.212750627257,0.927032785289));
#7558 = CARTESIAN_POINT('',(5.222983660467,0.823067574078));
#7559 = CARTESIAN_POINT('',(5.230417584341,0.717057749558));
#7560 = CARTESIAN_POINT('',(5.234957031901,0.609396969405));
#7561 = CARTESIAN_POINT('',(5.236503107966,0.5));
#7562 = CARTESIAN_POINT('',(5.234957031901,0.390603030595));
#7563 = CARTESIAN_POINT('',(5.230417584341,0.282942250442));
#7564 = CARTESIAN_POINT('',(5.222983660467,0.176932425922));
#7565 = CARTESIAN_POINT('',(5.212750627257,7.296721471145E-02));
#7566 = CARTESIAN_POINT('',(5.199820382457,-2.865386782584E-02));
#7567 = CARTESIAN_POINT('',(5.184263814079,-0.127733628376));
#7568 = CARTESIAN_POINT('',(5.166358825247,-0.223005257639));
#7569 = CARTESIAN_POINT('',(5.146258139613,-0.314252540243));
#7570 = CARTESIAN_POINT('',(5.124116548647,-0.401157310786));
#7571 = CARTESIAN_POINT('',(5.100082993413,-0.483427069997));
#7572 = CARTESIAN_POINT('',(5.074295985857,-0.560768604098));
#7573 = CARTESIAN_POINT('',(5.046905496091,-0.632865890832));
#7574 = CARTESIAN_POINT('',(5.018040695331,-0.699421161042));
#7575 = CARTESIAN_POINT('',(4.987807879424,-0.760160588825));
#7576 = CARTESIAN_POINT('',(4.956308870163,-0.814805962408));
#7577 = CARTESIAN_POINT('',(4.923647976112,-0.863072670253));
#7578 = CARTESIAN_POINT('',(4.889879695069,-0.904706085744));
#7579 = CARTESIAN_POINT('',(4.855453206221,-0.939067195331));
#7580 = CARTESIAN_POINT('',(4.820411971005,-0.966066766753));
#7581 = CARTESIAN_POINT('',(4.784846846004,-0.985540460626));
#7582 = CARTESIAN_POINT('',(4.748832387585,-0.997344069372));
#7583 = CARTESIAN_POINT('',(4.724570753224,-1.));
#7584 = CARTESIAN_POINT('',(4.712388980385,-1.));
#7585 = ( GEOMETRIC_REPRESENTATION_CONTEXT(2) 
PARAMETRIC_REPRESENTATION_CONTEXT() REPRESENTATION_CONTEXT('2D SPACE',''
  ) );
#7586 = PCURVE('',#7396,#7587);
#7587 = DEFINITIONAL_REPRESENTATION('',(#7588),#7636);
#7588 = B_SPLINE_CURVE_WITH_KNOTS('',3,(#7589,#7590,#7591,#7592,#7593,
    #7594,#7595,#7596,#7597,#7598,#7599,#7600,#7601,#7602,#7603,#7604,
    #7605,#7606,#7607,#7608,#7609,#7610,#7611,#7612,#7613,#7614,#7615,
    #7616,#7617,#7618,#7619,#7620,#7621,#7622,#7623,#7624,#7625,#7626,
    #7627,#7628,#7629,#7630,#7631,#7632,#7633,#7634,#7635),
  .UNSPECIFIED.,.F.,.F.,(4,1,1,1,1,1,1,1,1,1,1,1,1,1,1,1,1,1,1,1,1,1,1,1
    ,1,1,1,1,1,1,1,1,1,1,1,1,1,1,1,1,1,1,1,1,4),(0.,0.109776848975,
    0.21955369795,0.329330546925,0.4391073959,0.548884244875,
    0.65866109385,0.768437942825,0.8782147918,0.987991640775,
    1.09776848975,1.207545338725,1.3173221877,1.427099036675,
    1.536875885651,1.646652734626,1.756429583601,1.866206432576,
    1.975983281551,2.085760130526,2.195536979501,2.305313828476,
    2.415090677451,2.524867526426,2.634644375401,2.744421224376,
    2.854198073351,2.963974922326,3.073751771301,3.183528620276,
    3.293305469251,3.403082318226,3.512859167201,3.622636016176,
    3.732412865151,3.842189714126,3.951966563101,4.061743412076,
    4.171520261051,4.281297110026,4.391073959001,4.500850807976,
    4.610627656952,4.720404505927,4.830181354902),
  .QUASI_UNIFORM_KNOTS.);
#7589 = CARTESIAN_POINT('',(1.570796332602,-8.71059002705E-09));
#7590 = CARTESIAN_POINT('',(1.595160095572,-8.710590027304E-09));
#7591 = CARTESIAN_POINT('',(1.643682913899,1.36494040257E-03));
#7592 = CARTESIAN_POINT('',(1.715993517781,7.310503246141E-03));
#7593 = CARTESIAN_POINT('',(1.787972167502,1.69561604303E-02));
#7594 = CARTESIAN_POINT('',(1.85975643676,3.01085454584E-02));
#7595 = CARTESIAN_POINT('',(1.931449359879,4.655691515502E-02));
#7596 = CARTESIAN_POINT('',(2.003252252119,6.615535472316E-02));
#7597 = CARTESIAN_POINT('',(2.074513315167,8.834240982626E-02));
#7598 = CARTESIAN_POINT('',(2.145417365475,0.112666010031));
#7599 = CARTESIAN_POINT('',(2.216052566061,0.138680539883));
#7600 = CARTESIAN_POINT('',(2.286520094564,0.165935338486));
#7601 = CARTESIAN_POINT('',(2.356917031138,0.193993471725));
#7602 = CARTESIAN_POINT('',(2.427308098555,0.222368143812));
#7603 = CARTESIAN_POINT('',(2.497747733391,0.250471210499));
#7604 = CARTESIAN_POINT('',(2.568321013109,0.277764818987));
#7605 = CARTESIAN_POINT('',(2.639113765648,0.303698190056));
#7606 = CARTESIAN_POINT('',(2.710202414949,0.327721959507));
#7607 = CARTESIAN_POINT('',(2.781741335469,0.349294029482));
#7608 = CARTESIAN_POINT('',(2.85317315266,0.367626876663));
#7609 = CARTESIAN_POINT('',(2.924712962196,0.382463977664));
#7610 = CARTESIAN_POINT('',(2.996509718253,0.393469447757));
#7611 = CARTESIAN_POINT('',(3.068661182026,0.400328674328));
#7612 = CARTESIAN_POINT('',(3.14159265359,0.402721317653));
#7613 = CARTESIAN_POINT('',(3.214524125154,0.400328674328));
#7614 = CARTESIAN_POINT('',(3.286675588926,0.393469447757));
#7615 = CARTESIAN_POINT('',(3.358472344983,0.382463977664));
#7616 = CARTESIAN_POINT('',(3.43001215452,0.367626876663));
#7617 = CARTESIAN_POINT('',(3.50144397171,0.349294029482));
#7618 = CARTESIAN_POINT('',(3.57298289223,0.327721959507));
#7619 = CARTESIAN_POINT('',(3.644071541532,0.303698190056));
#7620 = CARTESIAN_POINT('',(3.714864294071,0.277764818987));
#7621 = CARTESIAN_POINT('',(3.785437573788,0.250471210499));
#7622 = CARTESIAN_POINT('',(3.855877208624,0.222368143812));
#7623 = CARTESIAN_POINT('',(3.926268276042,0.193993471725));
#7624 = CARTESIAN_POINT('',(3.996665212616,0.165935338486));
#7625 = CARTESIAN_POINT('',(4.067132741118,0.138680539883));
#7626 = CARTESIAN_POINT('',(4.137767941704,0.112666010031));
#7627 = CARTESIAN_POINT('',(4.208671992013,8.834240982614E-02));
#7628 = CARTESIAN_POINT('',(4.279933055058,6.615535472303E-02));
#7629 = CARTESIAN_POINT('',(4.351735947311,4.655691515491E-02));
#7630 = CARTESIAN_POINT('',(4.423428870357,3.010854545831E-02));
#7631 = CARTESIAN_POINT('',(4.495213139227,1.695616043025E-02));
#7632 = CARTESIAN_POINT('',(4.567191788035,7.310503246116E-03));
#7633 = CARTESIAN_POINT('',(4.639502390259,1.364940402565E-03));
#7634 = CARTESIAN_POINT('',(4.688025206855,-8.710589818336E-09));
#7635 = CARTESIAN_POINT('',(4.712388968771,-8.71059002705E-09));
#7636 = ( GEOMETRIC_REPRESENTATION_CONTEXT(2) 
PARAMETRIC_REPRESENTATION_CONTEXT() REPRESENTATION_CONTEXT('2D SPACE',''
  ) );
#7637 = ORIENTED_EDGE('',*,*,#7638,.F.);
#7638 = EDGE_CURVE('',#7048,#7512,#7639,.T.);
#7639 = SURFACE_CURVE('',#7640,(#7643,#7650),.PCURVE_S1.);
#7640 = B_SPLINE_CURVE_WITH_KNOTS('',1,(#7641,#7642),.UNSPECIFIED.,.F.,
  .F.,(2,2),(0.,5.),.PIECEWISE_BEZIER_KNOTS.);
#7641 = CARTESIAN_POINT('',(-22.00000000002,3.,-1.749711486809E-13));
#7642 = CARTESIAN_POINT('',(-17.00000000002,3.,-1.749711486809E-13));
#7643 = PCURVE('',#7064,#7644);
#7644 = DEFINITIONAL_REPRESENTATION('',(#7645),#7649);
#7645 = LINE('',#7646,#7647);
#7646 = CARTESIAN_POINT('',(4.712388980385,-6.));
#7647 = VECTOR('',#7648,1.);
#7648 = DIRECTION('',(0.,1.));
#7649 = ( GEOMETRIC_REPRESENTATION_CONTEXT(2) 
PARAMETRIC_REPRESENTATION_CONTEXT() REPRESENTATION_CONTEXT('2D SPACE',''
  ) );
#7650 = PCURVE('',#7091,#7651);
#7651 = DEFINITIONAL_REPRESENTATION('',(#7652),#7656);
#7652 = LINE('',#7653,#7654);
#7653 = CARTESIAN_POINT('',(4.712388980385,-6.));
#7654 = VECTOR('',#7655,1.);
#7655 = DIRECTION('',(0.,1.));
#7656 = ( GEOMETRIC_REPRESENTATION_CONTEXT(2) 
PARAMETRIC_REPRESENTATION_CONTEXT() REPRESENTATION_CONTEXT('2D SPACE',''
  ) );
#7657 = ORIENTED_EDGE('',*,*,#7045,.F.);
#7658 = ADVANCED_FACE('',(#7659),#7477,.T.);
#7659 = FACE_BOUND('',#7660,.T.);
#7660 = EDGE_LOOP('',(#7661,#7683));
#7661 = ORIENTED_EDGE('',*,*,#7662,.T.);
#7662 = EDGE_CURVE('',#7461,#7439,#7663,.T.);
#7663 = SURFACE_CURVE('',#7664,(#7669,#7676),.PCURVE_S1.);
#7664 = CIRCLE('',#7665,3.);
#7665 = AXIS2_PLACEMENT_3D('',#7666,#7667,#7668);
#7666 = CARTESIAN_POINT('',(-10.00000000002,0.,-1.749082998974E-13));
#7667 = DIRECTION('',(-1.,0.,0.));
#7668 = DIRECTION('',(0.,1.,-2.094959451737E-17));
#7669 = PCURVE('',#7477,#7670);
#7670 = DEFINITIONAL_REPRESENTATION('',(#7671),#7675);
#7671 = CIRCLE('',#7672,3.);
#7672 = AXIS2_PLACEMENT_2D('',#7673,#7674);
#7673 = CARTESIAN_POINT('',(3.06,-3.06));
#7674 = DIRECTION('',(2.094959451737E-17,-1.));
#7675 = ( GEOMETRIC_REPRESENTATION_CONTEXT(2) 
PARAMETRIC_REPRESENTATION_CONTEXT() REPRESENTATION_CONTEXT('2D SPACE',''
  ) );
#7676 = PCURVE('',#7091,#7677);
#7677 = DEFINITIONAL_REPRESENTATION('',(#7678),#7682);
#7678 = LINE('',#7679,#7680);
#7679 = CARTESIAN_POINT('',(4.712388980385,6.));
#7680 = VECTOR('',#7681,1.);
#7681 = DIRECTION('',(-1.,0.));
#7682 = ( GEOMETRIC_REPRESENTATION_CONTEXT(2) 
PARAMETRIC_REPRESENTATION_CONTEXT() REPRESENTATION_CONTEXT('2D SPACE',''
  ) );
#7683 = ORIENTED_EDGE('',*,*,#7460,.T.);
#7684 = ADVANCED_FACE('',(#7685),#7341,.F.);
#7685 = FACE_BOUND('',#7686,.F.);
#7686 = EDGE_LOOP('',(#7687,#7707,#7708,#7728));
#7687 = ORIENTED_EDGE('',*,*,#7688,.T.);
#7688 = EDGE_CURVE('',#7689,#7290,#7691,.T.);
#7689 = VERTEX_POINT('',#7690);
#7690 = CARTESIAN_POINT('',(-17.00000000002,6.181721801113E-12,-3.));
#7691 = SURFACE_CURVE('',#7692,(#7695,#7701),.PCURVE_S1.);
#7692 = B_SPLINE_CURVE_WITH_KNOTS('',1,(#7693,#7694),.UNSPECIFIED.,.F.,
  .F.,(2,2),(6.,12.),.PIECEWISE_BEZIER_KNOTS.);
#7693 = CARTESIAN_POINT('',(-17.00000000002,1.239186531166E-11,-3.));
#7694 = CARTESIAN_POINT('',(-17.00000000002,0.,-6.));
#7695 = PCURVE('',#7341,#7696);
#7696 = DEFINITIONAL_REPRESENTATION('',(#7697),#7700);
#7697 = B_SPLINE_CURVE_WITH_KNOTS('',1,(#7698,#7699),.UNSPECIFIED.,.F.,
  .F.,(2,2),(6.,12.),.PIECEWISE_BEZIER_KNOTS.);
#7698 = CARTESIAN_POINT('',(1.570796326795,0.));
#7699 = CARTESIAN_POINT('',(1.570796326783,3.));
#7700 = ( GEOMETRIC_REPRESENTATION_CONTEXT(2) 
PARAMETRIC_REPRESENTATION_CONTEXT() REPRESENTATION_CONTEXT('2D SPACE',''
  ) );
#7701 = PCURVE('',#7310,#7702);
#7702 = DEFINITIONAL_REPRESENTATION('',(#7703),#7706);
#7703 = B_SPLINE_CURVE_WITH_KNOTS('',1,(#7704,#7705),.UNSPECIFIED.,.F.,
  .F.,(2,2),(6.,12.),.PIECEWISE_BEZIER_KNOTS.);
#7704 = CARTESIAN_POINT('',(1.570796326795,0.));
#7705 = CARTESIAN_POINT('',(1.570796326783,3.));
#7706 = ( GEOMETRIC_REPRESENTATION_CONTEXT(2) 
PARAMETRIC_REPRESENTATION_CONTEXT() REPRESENTATION_CONTEXT('2D SPACE',''
  ) );
#7707 = ORIENTED_EDGE('',*,*,#7322,.T.);
#7708 = ORIENTED_EDGE('',*,*,#7709,.F.);
#7709 = EDGE_CURVE('',#7710,#7288,#7712,.T.);
#7710 = VERTEX_POINT('',#7711);
#7711 = CARTESIAN_POINT('',(-14.00000000002,1.237765445694E-11,-3.));
#7712 = SURFACE_CURVE('',#7713,(#7716,#7722),.PCURVE_S1.);
#7713 = B_SPLINE_CURVE_WITH_KNOTS('',1,(#7714,#7715),.UNSPECIFIED.,.F.,
  .F.,(2,2),(6.,12.),.PIECEWISE_BEZIER_KNOTS.);
#7714 = CARTESIAN_POINT('',(-14.00000000002,1.237765445694E-11,-3.));
#7715 = CARTESIAN_POINT('',(-14.00000000002,0.,-6.));
#7716 = PCURVE('',#7341,#7717);
#7717 = DEFINITIONAL_REPRESENTATION('',(#7718),#7721);
#7718 = B_SPLINE_CURVE_WITH_KNOTS('',1,(#7719,#7720),.UNSPECIFIED.,.F.,
  .F.,(2,2),(6.,12.),.PIECEWISE_BEZIER_KNOTS.);
#7719 = CARTESIAN_POINT('',(-1.570796326795,0.));
#7720 = CARTESIAN_POINT('',(-1.570796326783,3.));
#7721 = ( GEOMETRIC_REPRESENTATION_CONTEXT(2) 
PARAMETRIC_REPRESENTATION_CONTEXT() REPRESENTATION_CONTEXT('2D SPACE',''
  ) );
#7722 = PCURVE('',#7310,#7723);
#7723 = DEFINITIONAL_REPRESENTATION('',(#7724),#7727);
#7724 = B_SPLINE_CURVE_WITH_KNOTS('',1,(#7725,#7726),.UNSPECIFIED.,.F.,
  .F.,(2,2),(6.,12.),.PIECEWISE_BEZIER_KNOTS.);
#7725 = CARTESIAN_POINT('',(4.712388980385,0.));
#7726 = CARTESIAN_POINT('',(4.712388980397,3.));
#7727 = ( GEOMETRIC_REPRESENTATION_CONTEXT(2) 
PARAMETRIC_REPRESENTATION_CONTEXT() REPRESENTATION_CONTEXT('2D SPACE',''
  ) );
#7728 = ORIENTED_EDGE('',*,*,#7729,.F.);
#7729 = EDGE_CURVE('',#7689,#7710,#7730,.T.);
#7730 = SURFACE_CURVE('',#7731,(#7751,#7802),.PCURVE_S1.);
#7731 = B_SPLINE_CURVE_WITH_KNOTS('',3,(#7732,#7733,#7734,#7735,#7736,
    #7737,#7738,#7739,#7740,#7741,#7742,#7743,#7744,#7745,#7746,#7747,
    #7748,#7749,#7750),.UNSPECIFIED.,.F.,.F.,(4,2,2,2,3,2,2,2,4),(
    4.830181376165,5.435671836978,6.037952278301,6.63922906071,
    7.245272064229,7.851315067748,8.452591850157,9.05487229148,
    9.660362752294),.UNSPECIFIED.);
#7732 = CARTESIAN_POINT('',(-17.00000000002,6.181721801113E-12,-3.));
#7733 = CARTESIAN_POINT('',(-17.00000000002,-0.201578970748,-3.));
#7734 = CARTESIAN_POINT('',(-16.95959949289,-0.398424958015,
    -2.979236939013));
#7735 = CARTESIAN_POINT('',(-16.8067079755,-0.762412710014,
    -2.907396808794));
#7736 = CARTESIAN_POINT('',(-16.69641587725,-0.925140243253,
    -2.857515624691));
#7737 = CARTESIAN_POINT('',(-16.42329392598,-1.197789443227,
    -2.754361922563));
#7738 = CARTESIAN_POINT('',(-16.26070490066,-1.307547553216,
    -2.70140786903));
#7739 = CARTESIAN_POINT('',(-15.89807341383,-1.459623425901,
    -2.622384503903));
#7740 = CARTESIAN_POINT('',(-15.70191805602,-1.499999999986,
    -2.598076211362));
#7741 = CARTESIAN_POINT('',(-15.50000000002,-1.499999999986,
    -2.598076211362));
#7742 = CARTESIAN_POINT('',(-15.29808194402,-1.499999999986,
    -2.598076211362));
#7743 = CARTESIAN_POINT('',(-15.10192658621,-1.459623425901,
    -2.622384503903));
#7744 = CARTESIAN_POINT('',(-14.73929509938,-1.307547553215,
    -2.70140786903));
#7745 = CARTESIAN_POINT('',(-14.57670607406,-1.197789443228,
    -2.754361922563));
#7746 = CARTESIAN_POINT('',(-14.3035841228,-0.925140243252,
    -2.857515624691));
#7747 = CARTESIAN_POINT('',(-14.19329202455,-0.762412710014,
    -2.907396808794));
#7748 = CARTESIAN_POINT('',(-14.04040050715,-0.398424958014,
    -2.979236939013));
#7749 = CARTESIAN_POINT('',(-14.00000000002,-0.201578970748,-3.));
#7750 = CARTESIAN_POINT('',(-14.00000000002,1.237765445694E-11,-3.));
#7751 = PCURVE('',#7341,#7752);
#7752 = DEFINITIONAL_REPRESENTATION('',(#7753),#7801);
#7753 = B_SPLINE_CURVE_WITH_KNOTS('',3,(#7754,#7755,#7756,#7757,#7758,
    #7759,#7760,#7761,#7762,#7763,#7764,#7765,#7766,#7767,#7768,#7769,
    #7770,#7771,#7772,#7773,#7774,#7775,#7776,#7777,#7778,#7779,#7780,
    #7781,#7782,#7783,#7784,#7785,#7786,#7787,#7788,#7789,#7790,#7791,
    #7792,#7793,#7794,#7795,#7796,#7797,#7798,#7799,#7800),
  .UNSPECIFIED.,.F.,.F.,(4,1,1,1,1,1,1,1,1,1,1,1,1,1,1,1,1,1,1,1,1,1,1,1
    ,1,1,1,1,1,1,1,1,1,1,1,1,1,1,1,1,1,1,1,1,4),(4.830181376165,
    4.939958225622,5.04973507508,5.159511924537,5.269288773995,
    5.379065623452,5.48884247291,5.598619322367,5.708396171825,
    5.818173021282,5.92794987074,6.037726720197,6.147503569655,
    6.257280419112,6.367057268569,6.476834118027,6.586610967484,
    6.696387816942,6.806164666399,6.915941515857,7.025718365314,
    7.135495214772,7.245272064229,7.355048913687,7.464825763144,
    7.574602612602,7.684379462059,7.794156311517,7.903933160974,
    8.013710010432,8.123486859889,8.233263709347,8.343040558804,
    8.452817408262,8.562594257719,8.672371107177,8.782147956634,
    8.891924806092,9.001701655549,9.111478505007,9.221255354464,
    9.331032203922,9.440809053379,9.550585902837,9.660362752294),
  .QUASI_UNIFORM_KNOTS.);
#7754 = CARTESIAN_POINT('',(1.570796326791,0.));
#7755 = CARTESIAN_POINT('',(1.546432563665,-7.490293347664E-14));
#7756 = CARTESIAN_POINT('',(1.497909745251,-1.364949161261E-03));
#7757 = CARTESIAN_POINT('',(1.425599141683,-7.310512197538E-03));
#7758 = CARTESIAN_POINT('',(1.353620492513,-1.695616967213E-02));
#7759 = CARTESIAN_POINT('',(1.281836223771,-3.010855506535E-02));
#7760 = CARTESIAN_POINT('',(1.210143300892,-4.655692517914E-02));
#7761 = CARTESIAN_POINT('',(1.138340408185,-6.615536519242E-02));
#7762 = CARTESIAN_POINT('',(1.067079344711,-8.83424208049E-02));
#7763 = CARTESIAN_POINT('',(0.996175293985,-0.112666021566));
#7764 = CARTESIAN_POINT('',(0.925540092996,-0.138680552014));
#7765 = CARTESIAN_POINT('',(0.855072564099,-0.165935351248));
#7766 = CARTESIAN_POINT('',(0.784675627141,-0.19399348514));
#7767 = CARTESIAN_POINT('',(0.714284559339,-0.222368157902));
#7768 = CARTESIAN_POINT('',(0.643844924112,-0.250471225274));
#7769 = CARTESIAN_POINT('',(0.573271643998,-0.27776483444));
#7770 = CARTESIAN_POINT('',(0.502478891056,-0.303698206167));
#7771 = CARTESIAN_POINT('',(0.431390241345,-0.327721976239));
#7772 = CARTESIAN_POINT('',(0.3598513204,-0.349294046789));
#7773 = CARTESIAN_POINT('',(0.288419502777,-0.367626894469));
#7774 = CARTESIAN_POINT('',(0.216879692801,-0.382463995879));
#7775 = CARTESIAN_POINT('',(0.145082936293,-0.39346946628));
#7776 = CARTESIAN_POINT('',(7.293147205542E-02,-0.400328693045));
#7777 = CARTESIAN_POINT('',(2.57571741713E-14,-0.40272133644));
#7778 = CARTESIAN_POINT('',(-7.293147205554E-02,-0.400328693045));
#7779 = CARTESIAN_POINT('',(-0.145082936293,-0.39346946628));
#7780 = CARTESIAN_POINT('',(-0.216879692802,-0.382463995879));
#7781 = CARTESIAN_POINT('',(-0.288419502778,-0.367626894468));
#7782 = CARTESIAN_POINT('',(-0.359851320401,-0.349294046789));
#7783 = CARTESIAN_POINT('',(-0.431390241346,-0.327721976239));
#7784 = CARTESIAN_POINT('',(-0.502478891057,-0.303698206167));
#7785 = CARTESIAN_POINT('',(-0.573271643999,-0.27776483444));
#7786 = CARTESIAN_POINT('',(-0.643844924113,-0.250471225273));
#7787 = CARTESIAN_POINT('',(-0.71428455934,-0.222368157902));
#7788 = CARTESIAN_POINT('',(-0.784675627142,-0.193993485139));
#7789 = CARTESIAN_POINT('',(-0.8550725641,-0.165935351248));
#7790 = CARTESIAN_POINT('',(-0.925540092997,-0.138680552014));
#7791 = CARTESIAN_POINT('',(-0.996175293986,-0.112666021566));
#7792 = CARTESIAN_POINT('',(-1.067079344711,-8.83424208047E-02));
#7793 = CARTESIAN_POINT('',(-1.138340408185,-6.615536519227E-02));
#7794 = CARTESIAN_POINT('',(-1.210143300892,-4.655692517897E-02));
#7795 = CARTESIAN_POINT('',(-1.281836223772,-3.010855506521E-02));
#7796 = CARTESIAN_POINT('',(-1.353620492514,-1.695616967203E-02));
#7797 = CARTESIAN_POINT('',(-1.425599141684,-7.310512197487E-03));
#7798 = CARTESIAN_POINT('',(-1.497909745253,-1.36494916125E-03));
#7799 = CARTESIAN_POINT('',(-1.546432563668,-7.519899250224E-14));
#7800 = CARTESIAN_POINT('',(-1.570796326795,0.));
#7801 = ( GEOMETRIC_REPRESENTATION_CONTEXT(2) 
PARAMETRIC_REPRESENTATION_CONTEXT() REPRESENTATION_CONTEXT('2D SPACE',''
  ) );
#7802 = PCURVE('',#7091,#7803);
#7803 = DEFINITIONAL_REPRESENTATION('',(#7804),#7852);
#7804 = B_SPLINE_CURVE_WITH_KNOTS('',3,(#7805,#7806,#7807,#7808,#7809,
    #7810,#7811,#7812,#7813,#7814,#7815,#7816,#7817,#7818,#7819,#7820,
    #7821,#7822,#7823,#7824,#7825,#7826,#7827,#7828,#7829,#7830,#7831,
    #7832,#7833,#7834,#7835,#7836,#7837,#7838,#7839,#7840,#7841,#7842,
    #7843,#7844,#7845,#7846,#7847,#7848,#7849,#7850,#7851),
  .UNSPECIFIED.,.F.,.F.,(4,1,1,1,1,1,1,1,1,1,1,1,1,1,1,1,1,1,1,1,1,1,1,1
    ,1,1,1,1,1,1,1,1,1,1,1,1,1,1,1,1,1,1,1,1,4),(4.830181376165,
    4.939958225622,5.04973507508,5.159511924537,5.269288773995,
    5.379065623452,5.48884247291,5.598619322367,5.708396171825,
    5.818173021282,5.92794987074,6.037726720197,6.147503569655,
    6.257280419112,6.367057268569,6.476834118027,6.586610967484,
    6.696387816942,6.806164666399,6.915941515857,7.025718365314,
    7.135495214772,7.245272064229,7.355048913687,7.464825763144,
    7.574602612602,7.684379462059,7.794156311517,7.903933160974,
    8.013710010432,8.123486859889,8.233263709347,8.343040558804,
    8.452817408262,8.562594257719,8.672371107177,8.782147956634,
    8.891924806092,9.001701655549,9.111478505007,9.221255354464,
    9.331032203922,9.440809053379,9.550585902837,9.660362752294),
  .QUASI_UNIFORM_KNOTS.);
#7805 = CARTESIAN_POINT('',(3.141592653592,-1.));
#7806 = CARTESIAN_POINT('',(3.12941088015,-1.));
#7807 = CARTESIAN_POINT('',(3.105149244885,-0.997344069584));
#7808 = CARTESIAN_POINT('',(3.069134785784,-0.985540461588));
#7809 = CARTESIAN_POINT('',(3.033569660545,-0.966066768699));
#7810 = CARTESIAN_POINT('',(2.998528425299,-0.939067198289));
#7811 = CARTESIAN_POINT('',(2.96410193642,-0.904706089559));
#7812 = CARTESIAN_POINT('',(2.930333655048,-0.863072674493));
#7813 = CARTESIAN_POINT('',(2.89767276067,-0.814805966977));
#7814 = CARTESIAN_POINT('',(2.866173751081,-0.760160593628));
#7815 = CARTESIAN_POINT('',(2.835940934849,-0.699421165989));
#7816 = CARTESIAN_POINT('',(2.807076133766,-0.632865895839));
#7817 = CARTESIAN_POINT('',(2.779685643684,-0.560768609088));
#7818 = CARTESIAN_POINT('',(2.753898635816,-0.483427074888));
#7819 = CARTESIAN_POINT('',(2.729865080276,-0.401157315492));
#7820 = CARTESIAN_POINT('',(2.707723489015,-0.314252544687));
#7821 = CARTESIAN_POINT('',(2.687622803103,-0.223005261742));
#7822 = CARTESIAN_POINT('',(2.669717814012,-0.127733632069));
#7823 = CARTESIAN_POINT('',(2.6541612454,-2.865387103433E-02));
#7824 = CARTESIAN_POINT('',(2.641231000399,7.29672120483E-02));
#7825 = CARTESIAN_POINT('',(2.630997967025,0.176932423855));
#7826 = CARTESIAN_POINT('',(2.623564043028,0.282942249019));
#7827 = CARTESIAN_POINT('',(2.619024595392,0.390603029858));
#7828 = CARTESIAN_POINT('',(2.617478519299,0.5));
#7829 = CARTESIAN_POINT('',(2.619024595392,0.609396970142));
#7830 = CARTESIAN_POINT('',(2.623564043028,0.717057750981));
#7831 = CARTESIAN_POINT('',(2.630997967025,0.823067576146));
#7832 = CARTESIAN_POINT('',(2.641231000399,0.927032787952));
#7833 = CARTESIAN_POINT('',(2.6541612454,1.028653871035));
#7834 = CARTESIAN_POINT('',(2.669717814012,1.127733632071));
#7835 = CARTESIAN_POINT('',(2.687622803103,1.223005261743));
#7836 = CARTESIAN_POINT('',(2.707723489016,1.314252544688));
#7837 = CARTESIAN_POINT('',(2.729865080276,1.401157315493));
#7838 = CARTESIAN_POINT('',(2.753898635816,1.483427074889));
#7839 = CARTESIAN_POINT('',(2.779685643684,1.560768609089));
#7840 = CARTESIAN_POINT('',(2.807076133766,1.63286589584));
#7841 = CARTESIAN_POINT('',(2.835940934849,1.69942116599));
#7842 = CARTESIAN_POINT('',(2.866173751081,1.760160593629));
#7843 = CARTESIAN_POINT('',(2.89767276067,1.814805966977));
#7844 = CARTESIAN_POINT('',(2.930333655048,1.863072674493));
#7845 = CARTESIAN_POINT('',(2.96410193642,1.904706089559));
#7846 = CARTESIAN_POINT('',(2.998528425299,1.939067198289));
#7847 = CARTESIAN_POINT('',(3.033569660546,1.966066768699));
#7848 = CARTESIAN_POINT('',(3.069134785785,1.985540461588));
#7849 = CARTESIAN_POINT('',(3.105149244886,1.997344069584));
#7850 = CARTESIAN_POINT('',(3.129410880152,2.));
#7851 = CARTESIAN_POINT('',(3.141592653594,2.));
#7852 = ( GEOMETRIC_REPRESENTATION_CONTEXT(2) 
PARAMETRIC_REPRESENTATION_CONTEXT() REPRESENTATION_CONTEXT('2D SPACE',''
  ) );
#7853 = ADVANCED_FACE('',(#7854),#7396,.F.);
#7854 = FACE_BOUND('',#7855,.F.);
#7855 = EDGE_LOOP('',(#7856,#7874,#7875,#7893));
#7856 = ORIENTED_EDGE('',*,*,#7857,.T.);
#7857 = EDGE_CURVE('',#7378,#7512,#7858,.T.);
#7858 = SURFACE_CURVE('',#7859,(#7862,#7868),.PCURVE_S1.);
#7859 = B_SPLINE_CURVE_WITH_KNOTS('',1,(#7860,#7861),.UNSPECIFIED.,.F.,
  .F.,(2,2),(0.,5.999999982579),.PIECEWISE_BEZIER_KNOTS.);
#7860 = CARTESIAN_POINT('',(-17.00000000002,5.999999982579,
    -1.742133992622E-08));
#7861 = CARTESIAN_POINT('',(-17.00000000002,3.,-1.742133992622E-08));
#7862 = PCURVE('',#7396,#7863);
#7863 = DEFINITIONAL_REPRESENTATION('',(#7864),#7867);
#7864 = B_SPLINE_CURVE_WITH_KNOTS('',1,(#7865,#7866),.UNSPECIFIED.,.F.,
  .F.,(2,2),(0.,5.999999982579),.PIECEWISE_BEZIER_KNOTS.);
#7865 = CARTESIAN_POINT('',(4.712388980385,-2.999999991289));
#7866 = CARTESIAN_POINT('',(4.712388980385,-8.71059002705E-09));
#7867 = ( GEOMETRIC_REPRESENTATION_CONTEXT(2) 
PARAMETRIC_REPRESENTATION_CONTEXT() REPRESENTATION_CONTEXT('2D SPACE',''
  ) );
#7868 = PCURVE('',#7423,#7869);
#7869 = DEFINITIONAL_REPRESENTATION('',(#7870),#7873);
#7870 = B_SPLINE_CURVE_WITH_KNOTS('',1,(#7871,#7872),.UNSPECIFIED.,.F.,
  .F.,(2,2),(0.,5.999999982579),.PIECEWISE_BEZIER_KNOTS.);
#7871 = CARTESIAN_POINT('',(-1.570796326795,-2.999999991289));
#7872 = CARTESIAN_POINT('',(-1.570796326795,-8.71059002705E-09));
#7873 = ( GEOMETRIC_REPRESENTATION_CONTEXT(2) 
PARAMETRIC_REPRESENTATION_CONTEXT() REPRESENTATION_CONTEXT('2D SPACE',''
  ) );
#7874 = ORIENTED_EDGE('',*,*,#7511,.F.);
#7875 = ORIENTED_EDGE('',*,*,#7876,.F.);
#7876 = EDGE_CURVE('',#7380,#7490,#7877,.T.);
#7877 = SURFACE_CURVE('',#7878,(#7881,#7887),.PCURVE_S1.);
#7878 = B_SPLINE_CURVE_WITH_KNOTS('',1,(#7879,#7880),.UNSPECIFIED.,.F.,
  .F.,(2,2),(0.,5.999999982579),.PIECEWISE_BEZIER_KNOTS.);
#7879 = CARTESIAN_POINT('',(-14.00000000002,5.999999982579,
    -1.742133992622E-08));
#7880 = CARTESIAN_POINT('',(-14.00000000002,3.,-8.710757448682E-09));
#7881 = PCURVE('',#7396,#7882);
#7882 = DEFINITIONAL_REPRESENTATION('',(#7883),#7886);
#7883 = B_SPLINE_CURVE_WITH_KNOTS('',1,(#7884,#7885),.UNSPECIFIED.,.F.,
  .F.,(2,2),(0.,5.999999982579),.PIECEWISE_BEZIER_KNOTS.);
#7884 = CARTESIAN_POINT('',(1.570796326795,-2.999999991289));
#7885 = CARTESIAN_POINT('',(1.570796332602,-8.71059002705E-09));
#7886 = ( GEOMETRIC_REPRESENTATION_CONTEXT(2) 
PARAMETRIC_REPRESENTATION_CONTEXT() REPRESENTATION_CONTEXT('2D SPACE',''
  ) );
#7887 = PCURVE('',#7423,#7888);
#7888 = DEFINITIONAL_REPRESENTATION('',(#7889),#7892);
#7889 = B_SPLINE_CURVE_WITH_KNOTS('',1,(#7890,#7891),.UNSPECIFIED.,.F.,
  .F.,(2,2),(0.,5.999999982579),.PIECEWISE_BEZIER_KNOTS.);
#7890 = CARTESIAN_POINT('',(1.570796326795,-2.999999991289));
#7891 = CARTESIAN_POINT('',(1.570796332602,-8.71059002705E-09));
#7892 = ( GEOMETRIC_REPRESENTATION_CONTEXT(2) 
PARAMETRIC_REPRESENTATION_CONTEXT() REPRESENTATION_CONTEXT('2D SPACE',''
  ) );
#7893 = ORIENTED_EDGE('',*,*,#7377,.F.);
#7894 = ADVANCED_FACE('',(#7895),#6356,.F.);
#7895 = FACE_BOUND('',#7896,.F.);
#7896 = EDGE_LOOP('',(#7897,#7898,#7899,#7900));
#7897 = ORIENTED_EDGE('',*,*,#7147,.F.);
#7898 = ORIENTED_EDGE('',*,*,#6392,.T.);
#7899 = ORIENTED_EDGE('',*,*,#6932,.F.);
#7900 = ORIENTED_EDGE('',*,*,#6312,.F.);
#7901 = ADVANCED_FACE('',(#7902),#6483,.F.);
#7902 = FACE_BOUND('',#7903,.F.);
#7903 = EDGE_LOOP('',(#7904,#7905,#7906,#7907));
#7904 = ORIENTED_EDGE('',*,*,#6842,.F.);
#7905 = ORIENTED_EDGE('',*,*,#6519,.T.);
#7906 = ORIENTED_EDGE('',*,*,#7237,.F.);
#7907 = ORIENTED_EDGE('',*,*,#6439,.F.);
#7908 = ADVANCED_FACE('',(#7909),#6588,.F.);
#7909 = FACE_BOUND('',#7910,.F.);
#7910 = EDGE_LOOP('',(#7911,#7912,#7913,#7914));
#7911 = ORIENTED_EDGE('',*,*,#7172,.F.);
#7912 = ORIENTED_EDGE('',*,*,#6624,.T.);
#7913 = ORIENTED_EDGE('',*,*,#6907,.F.);
#7914 = ORIENTED_EDGE('',*,*,#6566,.F.);
#7915 = ADVANCED_FACE('',(#7916),#6693,.F.);
#7916 = FACE_BOUND('',#7917,.F.);
#7917 = EDGE_LOOP('',(#7918,#7919,#7920,#7921));
#7918 = ORIENTED_EDGE('',*,*,#6817,.F.);
#7919 = ORIENTED_EDGE('',*,*,#6729,.T.);
#7920 = ORIENTED_EDGE('',*,*,#7262,.F.);
#7921 = ORIENTED_EDGE('',*,*,#6671,.F.);
#7922 = ADVANCED_FACE('',(#7923,#8055),#7091,.F.);
#7923 = FACE_BOUND('',#7924,.F.);
#7924 = EDGE_LOOP('',(#7925,#7926,#7927,#8052,#8053,#8054));
#7925 = ORIENTED_EDGE('',*,*,#7076,.F.);
#7926 = ORIENTED_EDGE('',*,*,#7638,.T.);
#7927 = ORIENTED_EDGE('',*,*,#7928,.T.);
#7928 = EDGE_CURVE('',#7512,#7490,#7929,.T.);
#7929 = SURFACE_CURVE('',#7930,(#7950,#8001),.PCURVE_S1.);
#7930 = B_SPLINE_CURVE_WITH_KNOTS('',3,(#7931,#7932,#7933,#7934,#7935,
    #7936,#7937,#7938,#7939,#7940,#7941,#7942,#7943,#7944,#7945,#7946,
    #7947,#7948,#7949),.UNSPECIFIED.,.F.,.F.,(4,2,2,2,3,2,2,2,4),(0.,
    0.605524022419,1.207724873124,1.808944180345,2.415090304769,
    3.021236429196,3.622455736421,4.224656587122,4.830180609537),
  .UNSPECIFIED.);
#7931 = CARTESIAN_POINT('',(-17.00000000002,3.,-1.749711486809E-13));
#7932 = CARTESIAN_POINT('',(-17.00000000002,3.,-0.201512052743));
#7933 = CARTESIAN_POINT('',(-16.95962578634,2.979249291419,
    -0.398362376667));
#7934 = CARTESIAN_POINT('',(-16.80669613184,2.90739123913,
    -0.762440925707));
#7935 = CARTESIAN_POINT('',(-16.69639367255,2.857507232844,
    -0.925162426145));
#7936 = CARTESIAN_POINT('',(-16.42331111152,2.754368405566,
    -1.197772305672));
#7937 = CARTESIAN_POINT('',(-16.26072700025,2.701412676611,
    -1.30753830245));
#7938 = CARTESIAN_POINT('',(-15.89800275952,2.622369097321,
    -1.459653073816));
#7939 = CARTESIAN_POINT('',(-15.70184550209,2.598076201295,
    -1.500000017421));
#7940 = CARTESIAN_POINT('',(-15.50000000002,2.598076201295,
    -1.500000017421));
#7941 = CARTESIAN_POINT('',(-15.29815449795,2.598076201295,
    -1.500000017421));
#7942 = CARTESIAN_POINT('',(-15.10199724052,2.622369097322,
    -1.459653073816));
#7943 = CARTESIAN_POINT('',(-14.73927299979,2.701412676611,
    -1.30753830245));
#7944 = CARTESIAN_POINT('',(-14.57668888853,2.754368405566,
    -1.197772305672));
#7945 = CARTESIAN_POINT('',(-14.30360632749,2.857507232843,
    -0.925162426147));
#7946 = CARTESIAN_POINT('',(-14.1933038682,2.907391239131,
    -0.762440925705));
#7947 = CARTESIAN_POINT('',(-14.0403742137,2.979249291419,-0.39836237667
    ));
#7948 = CARTESIAN_POINT('',(-14.00000000002,3.,-0.20151205274));
#7949 = CARTESIAN_POINT('',(-14.00000000002,3.,-8.710757448682E-09));
#7950 = PCURVE('',#7091,#7951);
#7951 = DEFINITIONAL_REPRESENTATION('',(#7952),#8000);
#7952 = B_SPLINE_CURVE_WITH_KNOTS('',3,(#7953,#7954,#7955,#7956,#7957,
    #7958,#7959,#7960,#7961,#7962,#7963,#7964,#7965,#7966,#7967,#7968,
    #7969,#7970,#7971,#7972,#7973,#7974,#7975,#7976,#7977,#7978,#7979,
    #7980,#7981,#7982,#7983,#7984,#7985,#7986,#7987,#7988,#7989,#7990,
    #7991,#7992,#7993,#7994,#7995,#7996,#7997,#7998,#7999),
  .UNSPECIFIED.,.F.,.F.,(4,1,1,1,1,1,1,1,1,1,1,1,1,1,1,1,1,1,1,1,1,1,1,1
    ,1,1,1,1,1,1,1,1,1,1,1,1,1,1,1,1,1,1,1,1,4),(0.,0.109776832035,
    0.21955366407,0.329330496105,0.43910732814,0.548884160175,
    0.65866099221,0.768437824245,0.87821465628,0.987991488314,
    1.097768320349,1.207545152384,1.317321984419,1.427098816454,
    1.536875648489,1.646652480524,1.756429312559,1.866206144594,
    1.975982976629,2.085759808664,2.195536640699,2.305313472734,
    2.415090304769,2.524867136804,2.634643968839,2.744420800874,
    2.854197632908,2.963974464943,3.073751296978,3.183528129013,
    3.293304961048,3.403081793083,3.512858625118,3.622635457153,
    3.732412289188,3.842189121223,3.951965953258,4.061742785293,
    4.171519617328,4.281296449363,4.391073281398,4.500850113433,
    4.610626945468,4.720403777502,4.830180609537),
  .QUASI_UNIFORM_KNOTS.);
#7953 = CARTESIAN_POINT('',(4.712388980385,-1.));
#7954 = CARTESIAN_POINT('',(4.700211925389,-1.));
#7955 = CARTESIAN_POINT('',(4.675958164747,-0.99734609431));
#7956 = CARTESIAN_POINT('',(4.639950960968,-0.98554874291));
#7957 = CARTESIAN_POINT('',(4.604388700998,-0.966081711237));
#7958 = CARTESIAN_POINT('',(4.569345980249,-0.939086252525));
#7959 = CARTESIAN_POINT('',(4.534913976184,-0.904724269052));
#7960 = CARTESIAN_POINT('',(4.501135274032,-0.863080626284));
#7961 = CARTESIAN_POINT('',(4.468466889868,-0.814802964379));
#7962 = CARTESIAN_POINT('',(4.436962517992,-0.760146807307));
#7963 = CARTESIAN_POINT('',(4.406726518394,-0.699398194229));
#7964 = CARTESIAN_POINT('',(4.377860387039,-0.632836169722));
#7965 = CARTESIAN_POINT('',(4.350470827925,-0.560737241498));
#7966 = CARTESIAN_POINT('',(4.324684947582,-0.483395059322));
#7967 = CARTESIAN_POINT('',(4.300651036206,-0.401119708028));
#7968 = CARTESIAN_POINT('',(4.278508482849,-0.314205442446));
#7969 = CARTESIAN_POINT('',(4.258406417178,-0.222943814091));
#7970 = CARTESIAN_POINT('',(4.240500015732,-0.127653017562));
#7971 = CARTESIAN_POINT('',(4.22494227821,-2.854737843094E-02));
#7972 = CARTESIAN_POINT('',(4.212014341291,7.30822068579E-02));
#7973 = CARTESIAN_POINT('',(4.201785190592,0.177041851519));
#7974 = CARTESIAN_POINT('',(4.194355661484,0.283030749447));
#7975 = CARTESIAN_POINT('',(4.189819834581,0.390656794905));
#7976 = CARTESIAN_POINT('',(4.188275379831,0.5));
#7977 = CARTESIAN_POINT('',(4.189819834581,0.609343205094));
#7978 = CARTESIAN_POINT('',(4.194355661484,0.716969250552));
#7979 = CARTESIAN_POINT('',(4.201785190591,0.822958148479));
#7980 = CARTESIAN_POINT('',(4.212014341291,0.92691779314));
#7981 = CARTESIAN_POINT('',(4.224942278209,1.028547378428));
#7982 = CARTESIAN_POINT('',(4.240500015732,1.127653017558));
#7983 = CARTESIAN_POINT('',(4.258406417177,1.222943814087));
#7984 = CARTESIAN_POINT('',(4.278508482848,1.314205442442));
#7985 = CARTESIAN_POINT('',(4.300651036205,1.401119708024));
#7986 = CARTESIAN_POINT('',(4.32468494758,1.483395059317));
#7987 = CARTESIAN_POINT('',(4.350470827923,1.560737241492));
#7988 = CARTESIAN_POINT('',(4.377860387037,1.632836169717));
#7989 = CARTESIAN_POINT('',(4.406726518392,1.699398194224));
#7990 = CARTESIAN_POINT('',(4.436962517991,1.760146807304));
#7991 = CARTESIAN_POINT('',(4.468466889867,1.814802964377));
#7992 = CARTESIAN_POINT('',(4.501135274029,1.863080626283));
#7993 = CARTESIAN_POINT('',(4.534913976188,1.904724269051));
#7994 = CARTESIAN_POINT('',(4.569345980215,1.939086252524));
#7995 = CARTESIAN_POINT('',(4.604388700767,1.966081711236));
#7996 = CARTESIAN_POINT('',(4.639950960279,1.98554874291));
#7997 = CARTESIAN_POINT('',(4.675958163233,1.99734609431));
#7998 = CARTESIAN_POINT('',(4.700211923012,2.));
#7999 = CARTESIAN_POINT('',(4.712388977481,2.));
#8000 = ( GEOMETRIC_REPRESENTATION_CONTEXT(2) 
PARAMETRIC_REPRESENTATION_CONTEXT() REPRESENTATION_CONTEXT('2D SPACE',''
  ) );
#8001 = PCURVE('',#7423,#8002);
#8002 = DEFINITIONAL_REPRESENTATION('',(#8003),#8051);
#8003 = B_SPLINE_CURVE_WITH_KNOTS('',3,(#8004,#8005,#8006,#8007,#8008,
    #8009,#8010,#8011,#8012,#8013,#8014,#8015,#8016,#8017,#8018,#8019,
    #8020,#8021,#8022,#8023,#8024,#8025,#8026,#8027,#8028,#8029,#8030,
    #8031,#8032,#8033,#8034,#8035,#8036,#8037,#8038,#8039,#8040,#8041,
    #8042,#8043,#8044,#8045,#8046,#8047,#8048,#8049,#8050),
  .UNSPECIFIED.,.F.,.F.,(4,1,1,1,1,1,1,1,1,1,1,1,1,1,1,1,1,1,1,1,1,1,1,1
    ,1,1,1,1,1,1,1,1,1,1,1,1,1,1,1,1,1,1,1,1,4),(0.,0.109776832035,
    0.21955366407,0.329330496105,0.43910732814,0.548884160175,
    0.65866099221,0.768437824245,0.87821465628,0.987991488314,
    1.097768320349,1.207545152384,1.317321984419,1.427098816454,
    1.536875648489,1.646652480524,1.756429312559,1.866206144594,
    1.975982976629,2.085759808664,2.195536640699,2.305313472734,
    2.415090304769,2.524867136804,2.634643968839,2.744420800874,
    2.854197632908,2.963974464943,3.073751296978,3.183528129013,
    3.293304961048,3.403081793083,3.512858625118,3.622635457153,
    3.732412289188,3.842189121223,3.951965953258,4.061742785293,
    4.171519617328,4.281296449363,4.391073281398,4.500850113433,
    4.610626945468,4.720403777502,4.830180609537),
  .QUASI_UNIFORM_KNOTS.);
#8004 = CARTESIAN_POINT('',(-1.570796338409,-8.71059002705E-09));
#8005 = CARTESIAN_POINT('',(-1.546441994594,-8.710589879275E-09));
#8006 = CARTESIAN_POINT('',(-1.497934956624,1.363976174653E-03));
#8007 = CARTESIAN_POINT('',(-1.42563911161,7.306562834139E-03));
#8008 = CARTESIAN_POINT('',(-1.353666734232,1.694905646816E-02));
#8009 = CARTESIAN_POINT('',(-1.281880105632,3.009950433506E-02));
#8010 = CARTESIAN_POINT('',(-1.210176478042,4.654831226443E-02));
#8011 = CARTESIAN_POINT('',(-1.13835198564,6.615170218546E-02));
#8012 = CARTESIAN_POINT('',(-1.067074608134,8.834364474494E-02));
#8013 = CARTESIAN_POINT('',(-0.996158047515,0.11267179366));
#8014 = CARTESIAN_POINT('',(-0.925514492486,0.138689950968));
#8015 = CARTESIAN_POINT('',(-0.855042365315,0.165947152388));
#8016 = CARTESIAN_POINT('',(-0.7846461403,0.194005350591));
#8017 = CARTESIAN_POINT('',(-0.714256330115,0.222379596763));
#8018 = CARTESIAN_POINT('',(-0.643813528183,0.250483878309));
#8019 = CARTESIAN_POINT('',(-0.573234181469,0.277779339327));
#8020 = CARTESIAN_POINT('',(-0.502432044852,0.303715038615));
#8021 = CARTESIAN_POINT('',(-0.431330956062,0.327741219947));
#8022 = CARTESIAN_POINT('',(-0.359775415516,0.349315472493));
#8023 = CARTESIAN_POINT('',(-0.288339568202,0.367645265204));
#8024 = CARTESIAN_POINT('',(-0.216805074144,0.382476961878));
#8025 = CARTESIAN_POINT('',(-0.145023421169,0.393476198217));
#8026 = CARTESIAN_POINT('',(-7.289562113731E-02,0.400330248384));
#8027 = CARTESIAN_POINT('',(2.069455717901E-13,0.402720560799));
#8028 = CARTESIAN_POINT('',(7.289562113684E-02,0.400330248384));
#8029 = CARTESIAN_POINT('',(0.145023421168,0.393476198218));
#8030 = CARTESIAN_POINT('',(0.216805074143,0.382476961878));
#8031 = CARTESIAN_POINT('',(0.288339568201,0.367645265205));
#8032 = CARTESIAN_POINT('',(0.359775415514,0.349315472494));
#8033 = CARTESIAN_POINT('',(0.43133095606,0.327741219948));
#8034 = CARTESIAN_POINT('',(0.502432044849,0.303715038616));
#8035 = CARTESIAN_POINT('',(0.573234181465,0.277779339328));
#8036 = CARTESIAN_POINT('',(0.643813528179,0.250483878311));
#8037 = CARTESIAN_POINT('',(0.71425633011,0.222379596765));
#8038 = CARTESIAN_POINT('',(0.784646140295,0.194005350593));
#8039 = CARTESIAN_POINT('',(0.85504236531,0.16594715239));
#8040 = CARTESIAN_POINT('',(0.925514492481,0.13868995097));
#8041 = CARTESIAN_POINT('',(0.996158047511,0.112671793661));
#8042 = CARTESIAN_POINT('',(1.067074608132,8.834364474523E-02));
#8043 = CARTESIAN_POINT('',(1.138351985635,6.615170218535E-02));
#8044 = CARTESIAN_POINT('',(1.210176478049,4.654831226433E-02));
#8045 = CARTESIAN_POINT('',(1.281880105566,3.009950433497E-02));
#8046 = CARTESIAN_POINT('',(1.35366673378,1.69490564681E-02));
#8047 = CARTESIAN_POINT('',(1.425639110246,7.306562834109E-03));
#8048 = CARTESIAN_POINT('',(1.497934953602,1.363976174645E-03));
#8049 = CARTESIAN_POINT('',(1.546441989842,-8.710590474439E-09));
#8050 = CARTESIAN_POINT('',(1.570796332602,-8.71059002705E-09));
#8051 = ( GEOMETRIC_REPRESENTATION_CONTEXT(2) 
PARAMETRIC_REPRESENTATION_CONTEXT() REPRESENTATION_CONTEXT('2D SPACE',''
  ) );
#8052 = ORIENTED_EDGE('',*,*,#7489,.T.);
#8053 = ORIENTED_EDGE('',*,*,#7662,.T.);
#8054 = ORIENTED_EDGE('',*,*,#7438,.F.);
#8055 = FACE_BOUND('',#8056,.F.);
#8056 = EDGE_LOOP('',(#8057,#8182));
#8057 = ORIENTED_EDGE('',*,*,#8058,.T.);
#8058 = EDGE_CURVE('',#7710,#7689,#8059,.T.);
#8059 = SURFACE_CURVE('',#8060,(#8080,#8131),.PCURVE_S1.);
#8060 = B_SPLINE_CURVE_WITH_KNOTS('',3,(#8061,#8062,#8063,#8064,#8065,
    #8066,#8067,#8068,#8069,#8070,#8071,#8072,#8073,#8074,#8075,#8076,
    #8077,#8078,#8079),.UNSPECIFIED.,.F.,.F.,(4,2,2,2,3,2,2,2,4),(0.,
    0.605490460824,1.207770902149,1.80904768456,2.415090688082,
    3.021133691604,3.622410474015,4.224690915341,4.830181376165),
  .UNSPECIFIED.);
#8061 = CARTESIAN_POINT('',(-14.00000000002,1.237765445694E-11,-3.));
#8062 = CARTESIAN_POINT('',(-14.00000000002,0.201578970764,-3.));
#8063 = CARTESIAN_POINT('',(-14.04040050715,0.398424958028,
    -2.979236939012));
#8064 = CARTESIAN_POINT('',(-14.19329202454,0.762412710032,
    -2.90739680879));
#8065 = CARTESIAN_POINT('',(-14.30358412279,0.925140243273,
    -2.857515624685));
#8066 = CARTESIAN_POINT('',(-14.57670607406,1.19778944325,
    -2.754361922553));
#8067 = CARTESIAN_POINT('',(-14.73929509937,1.30754755324,
    -2.701407869018));
#8068 = CARTESIAN_POINT('',(-15.10192658621,1.459623425929,
    -2.622384503888));
#8069 = CARTESIAN_POINT('',(-15.29808194402,1.500000000014,
    -2.598076211345));
#8070 = CARTESIAN_POINT('',(-15.50000000002,1.500000000014,
    -2.598076211345));
#8071 = CARTESIAN_POINT('',(-15.70191805602,1.500000000014,
    -2.598076211345));
#8072 = CARTESIAN_POINT('',(-15.89807341384,1.459623425928,
    -2.622384503888));
#8073 = CARTESIAN_POINT('',(-16.26070490067,1.30754755324,
    -2.701407869018));
#8074 = CARTESIAN_POINT('',(-16.42329392599,1.197789443251,
    -2.754361922553));
#8075 = CARTESIAN_POINT('',(-16.69641587725,0.925140243272,
    -2.857515624685));
#8076 = CARTESIAN_POINT('',(-16.8067079755,0.762412710033,-2.90739680879
    ));
#8077 = CARTESIAN_POINT('',(-16.9595994929,0.398424958028,
    -2.979236939012));
#8078 = CARTESIAN_POINT('',(-17.00000000002,0.201578970764,-3.));
#8079 = CARTESIAN_POINT('',(-17.00000000002,6.181721801113E-12,-3.));
#8080 = PCURVE('',#7091,#8081);
#8081 = DEFINITIONAL_REPRESENTATION('',(#8082),#8130);
#8082 = B_SPLINE_CURVE_WITH_KNOTS('',3,(#8083,#8084,#8085,#8086,#8087,
    #8088,#8089,#8090,#8091,#8092,#8093,#8094,#8095,#8096,#8097,#8098,
    #8099,#8100,#8101,#8102,#8103,#8104,#8105,#8106,#8107,#8108,#8109,
    #8110,#8111,#8112,#8113,#8114,#8115,#8116,#8117,#8118,#8119,#8120,
    #8121,#8122,#8123,#8124,#8125,#8126,#8127,#8128,#8129),
  .UNSPECIFIED.,.F.,.F.,(4,1,1,1,1,1,1,1,1,1,1,1,1,1,1,1,1,1,1,1,1,1,1,1
    ,1,1,1,1,1,1,1,1,1,1,1,1,1,1,1,1,1,1,1,1,4),(0.,0.109776849458,
    0.219553698917,0.329330548375,0.439107397833,0.548884247291,
    0.65866109675,0.768437946208,0.878214795666,0.987991645125,
    1.097768494583,1.207545344041,1.317322193499,1.427099042958,
    1.536875892416,1.646652741874,1.756429591333,1.866206440791,
    1.975983290249,2.085760139707,2.195536989166,2.305313838624,
    2.415090688082,2.524867537541,2.634644386999,2.744421236457,
    2.854198085915,2.963974935374,3.073751784832,3.18352863429,
    3.293305483749,3.403082333207,3.512859182665,3.622636032124,
    3.732412881582,3.84218973104,3.951966580498,4.061743429957,
    4.171520279415,4.281297128873,4.391073978332,4.50085082779,
    4.610627677248,4.720404526706,4.830181376165),
  .QUASI_UNIFORM_KNOTS.);
#8083 = CARTESIAN_POINT('',(3.141592653594,2.));
#8084 = CARTESIAN_POINT('',(3.153774427035,2.));
#8085 = CARTESIAN_POINT('',(3.1780360623,1.997344069584));
#8086 = CARTESIAN_POINT('',(3.2140505214,1.985540461589));
#8087 = CARTESIAN_POINT('',(3.249615646638,1.966066768702));
#8088 = CARTESIAN_POINT('',(3.284656881885,1.939067198293));
#8089 = CARTESIAN_POINT('',(3.319083370763,1.904706089564));
#8090 = CARTESIAN_POINT('',(3.352851652136,1.863072674499));
#8091 = CARTESIAN_POINT('',(3.385512546514,1.814805966983));
#8092 = CARTESIAN_POINT('',(3.417011556104,1.760160593635));
#8093 = CARTESIAN_POINT('',(3.447244372336,1.699421165996));
#8094 = CARTESIAN_POINT('',(3.47610917342,1.632865895847));
#8095 = CARTESIAN_POINT('',(3.503499663503,1.560768609096));
#8096 = CARTESIAN_POINT('',(3.529286671371,1.483427074896));
#8097 = CARTESIAN_POINT('',(3.553320226912,1.4011573155));
#8098 = CARTESIAN_POINT('',(3.575461818172,1.314252544694));
#8099 = CARTESIAN_POINT('',(3.595562504086,1.223005261748));
#8100 = CARTESIAN_POINT('',(3.613467493177,1.127733632075));
#8101 = CARTESIAN_POINT('',(3.629024061789,1.028653871039));
#8102 = CARTESIAN_POINT('',(3.641954306791,0.927032787956));
#8103 = CARTESIAN_POINT('',(3.652187340165,0.823067576148));
#8104 = CARTESIAN_POINT('',(3.659621264162,0.717057750983));
#8105 = CARTESIAN_POINT('',(3.664160711799,0.609396970143));
#8106 = CARTESIAN_POINT('',(3.665706787891,0.5));
#8107 = CARTESIAN_POINT('',(3.664160711799,0.390603029857));
#8108 = CARTESIAN_POINT('',(3.659621264162,0.282942249017));
#8109 = CARTESIAN_POINT('',(3.652187340165,0.176932423851));
#8110 = CARTESIAN_POINT('',(3.641954306791,7.296721204384E-02));
#8111 = CARTESIAN_POINT('',(3.629024061789,-2.865387103973E-02));
#8112 = CARTESIAN_POINT('',(3.613467493177,-0.127733632076));
#8113 = CARTESIAN_POINT('',(3.595562504086,-0.223005261749));
#8114 = CARTESIAN_POINT('',(3.575461818172,-0.314252544694));
#8115 = CARTESIAN_POINT('',(3.553320226912,-0.4011573155));
#8116 = CARTESIAN_POINT('',(3.529286671371,-0.483427074896));
#8117 = CARTESIAN_POINT('',(3.503499663502,-0.560768609096));
#8118 = CARTESIAN_POINT('',(3.47610917342,-0.632865895847));
#8119 = CARTESIAN_POINT('',(3.447244372336,-0.699421165997));
#8120 = CARTESIAN_POINT('',(3.417011556104,-0.760160593635));
#8121 = CARTESIAN_POINT('',(3.385512546514,-0.814805966983));
#8122 = CARTESIAN_POINT('',(3.352851652136,-0.863072674499));
#8123 = CARTESIAN_POINT('',(3.319083370764,-0.904706089564));
#8124 = CARTESIAN_POINT('',(3.284656881885,-0.939067198293));
#8125 = CARTESIAN_POINT('',(3.249615646638,-0.966066768702));
#8126 = CARTESIAN_POINT('',(3.214050521399,-0.985540461589));
#8127 = CARTESIAN_POINT('',(3.178036062299,-0.997344069584));
#8128 = CARTESIAN_POINT('',(3.153774427034,-1.));
#8129 = CARTESIAN_POINT('',(3.141592653592,-1.));
#8130 = ( GEOMETRIC_REPRESENTATION_CONTEXT(2) 
PARAMETRIC_REPRESENTATION_CONTEXT() REPRESENTATION_CONTEXT('2D SPACE',''
  ) );
#8131 = PCURVE('',#7310,#8132);
#8132 = DEFINITIONAL_REPRESENTATION('',(#8133),#8181);
#8133 = B_SPLINE_CURVE_WITH_KNOTS('',3,(#8134,#8135,#8136,#8137,#8138,
    #8139,#8140,#8141,#8142,#8143,#8144,#8145,#8146,#8147,#8148,#8149,
    #8150,#8151,#8152,#8153,#8154,#8155,#8156,#8157,#8158,#8159,#8160,
    #8161,#8162,#8163,#8164,#8165,#8166,#8167,#8168,#8169,#8170,#8171,
    #8172,#8173,#8174,#8175,#8176,#8177,#8178,#8179,#8180),
  .UNSPECIFIED.,.F.,.F.,(4,1,1,1,1,1,1,1,1,1,1,1,1,1,1,1,1,1,1,1,1,1,1,1
    ,1,1,1,1,1,1,1,1,1,1,1,1,1,1,1,1,1,1,1,1,4),(0.,0.109776849458,
    0.219553698917,0.329330548375,0.439107397833,0.548884247291,
    0.65866109675,0.768437946208,0.878214795666,0.987991645125,
    1.097768494583,1.207545344041,1.317322193499,1.427099042958,
    1.536875892416,1.646652741874,1.756429591333,1.866206440791,
    1.975983290249,2.085760139707,2.195536989166,2.305313838624,
    2.415090688082,2.524867537541,2.634644386999,2.744421236457,
    2.854198085915,2.963974935374,3.073751784832,3.18352863429,
    3.293305483749,3.403082333207,3.512859182665,3.622636032124,
    3.732412881582,3.84218973104,3.951966580498,4.061743429957,
    4.171520279415,4.281297128873,4.391073978332,4.50085082779,
    4.610627677248,4.720404526706,4.830181376165),
  .QUASI_UNIFORM_KNOTS.);
#8134 = CARTESIAN_POINT('',(4.712388980385,0.));
#8135 = CARTESIAN_POINT('',(4.688025217259,7.510034847925E-14));
#8136 = CARTESIAN_POINT('',(4.639502398846,-1.364949160882E-03));
#8137 = CARTESIAN_POINT('',(4.56719179528,-7.310512196997E-03));
#8138 = CARTESIAN_POINT('',(4.495213146112,-1.695616967159E-02));
#8139 = CARTESIAN_POINT('',(4.42342887737,-3.010855506493E-02));
#8140 = CARTESIAN_POINT('',(4.351735954491,-4.655692517892E-02));
#8141 = CARTESIAN_POINT('',(4.279933061784,-6.615536519248E-02));
#8142 = CARTESIAN_POINT('',(4.208671998309,-8.834242080532E-02));
#8143 = CARTESIAN_POINT('',(4.137767947583,-0.112666021567));
#8144 = CARTESIAN_POINT('',(4.067132746593,-0.138680552016));
#8145 = CARTESIAN_POINT('',(3.996665217695,-0.16593535125));
#8146 = CARTESIAN_POINT('',(3.926268280737,-0.193993485142));
#8147 = CARTESIAN_POINT('',(3.855877212934,-0.222368157906));
#8148 = CARTESIAN_POINT('',(3.785437577707,-0.250471225278));
#8149 = CARTESIAN_POINT('',(3.714864297592,-0.277764834445));
#8150 = CARTESIAN_POINT('',(3.64407154465,-0.303698206173));
#8151 = CARTESIAN_POINT('',(3.572982894938,-0.327721976247));
#8152 = CARTESIAN_POINT('',(3.501443973993,-0.349294046797));
#8153 = CARTESIAN_POINT('',(3.430012156369,-0.367626894477));
#8154 = CARTESIAN_POINT('',(3.358472346393,-0.382463995888));
#8155 = CARTESIAN_POINT('',(3.286675589883,-0.39346946629));
#8156 = CARTESIAN_POINT('',(3.214524125646,-0.400328693055));
#8157 = CARTESIAN_POINT('',(3.14159265359,-0.40272133645));
#8158 = CARTESIAN_POINT('',(3.068661181534,-0.400328693055));
#8159 = CARTESIAN_POINT('',(2.996509717296,-0.39346946629));
#8160 = CARTESIAN_POINT('',(2.924712960787,-0.382463995888));
#8161 = CARTESIAN_POINT('',(2.85317315081,-0.367626894477));
#8162 = CARTESIAN_POINT('',(2.781741333186,-0.349294046797));
#8163 = CARTESIAN_POINT('',(2.710202412241,-0.327721976246));
#8164 = CARTESIAN_POINT('',(2.63911376253,-0.303698206173));
#8165 = CARTESIAN_POINT('',(2.568321009587,-0.277764834445));
#8166 = CARTESIAN_POINT('',(2.497747729473,-0.250471225278));
#8167 = CARTESIAN_POINT('',(2.427308094245,-0.222368157905));
#8168 = CARTESIAN_POINT('',(2.356917026442,-0.193993485142));
#8169 = CARTESIAN_POINT('',(2.286520089484,-0.16593535125));
#8170 = CARTESIAN_POINT('',(2.216052560587,-0.138680552016));
#8171 = CARTESIAN_POINT('',(2.145417359597,-0.112666021567));
#8172 = CARTESIAN_POINT('',(2.074513308871,-8.834242080536E-02));
#8173 = CARTESIAN_POINT('',(2.003252245396,-6.615536519255E-02));
#8174 = CARTESIAN_POINT('',(1.931449352689,-4.655692517896E-02));
#8175 = CARTESIAN_POINT('',(1.859756429809,-3.010855506495E-02));
#8176 = CARTESIAN_POINT('',(1.787972161068,-1.69561696716E-02));
#8177 = CARTESIAN_POINT('',(1.715993511898,-7.310512197001E-03));
#8178 = CARTESIAN_POINT('',(1.643682908331,-1.364949160882E-03));
#8179 = CARTESIAN_POINT('',(1.595160089917,7.494152779271E-14));
#8180 = CARTESIAN_POINT('',(1.570796326791,0.));
#8181 = ( GEOMETRIC_REPRESENTATION_CONTEXT(2) 
PARAMETRIC_REPRESENTATION_CONTEXT() REPRESENTATION_CONTEXT('2D SPACE',''
  ) );
#8182 = ORIENTED_EDGE('',*,*,#7729,.T.);
#8183 = ADVANCED_FACE('',(#8184),#7310,.F.);
#8184 = FACE_BOUND('',#8185,.F.);
#8185 = EDGE_LOOP('',(#8186,#8187,#8188,#8189));
#8186 = ORIENTED_EDGE('',*,*,#8058,.F.);
#8187 = ORIENTED_EDGE('',*,*,#7709,.T.);
#8188 = ORIENTED_EDGE('',*,*,#7287,.T.);
#8189 = ORIENTED_EDGE('',*,*,#7688,.F.);
#8190 = ADVANCED_FACE('',(#8191),#7423,.F.);
#8191 = FACE_BOUND('',#8192,.F.);
#8192 = EDGE_LOOP('',(#8193,#8194,#8195,#8196));
#8193 = ORIENTED_EDGE('',*,*,#7408,.F.);
#8194 = ORIENTED_EDGE('',*,*,#7876,.T.);
#8195 = ORIENTED_EDGE('',*,*,#7928,.F.);
#8196 = ORIENTED_EDGE('',*,*,#7857,.F.);
#8197 = ( GEOMETRIC_REPRESENTATION_CONTEXT(3) 
GLOBAL_UNCERTAINTY_ASSIGNED_CONTEXT((#8201)) 
GLOBAL_UNIT_ASSIGNED_CONTEXT((#8198,#8199,#8200)) REPRESENTATION_CONTEXT
('Context #1','3D Context with UNIT and UNCERTAINTY') );
#8198 = ( LENGTH_UNIT() NAMED_UNIT(*) SI_UNIT(.MILLI.,.METRE.) );
#8199 = ( NAMED_UNIT(*) PLANE_ANGLE_UNIT() SI_UNIT($,.RADIAN.) );
#8200 = ( NAMED_UNIT(*) SI_UNIT($,.STERADIAN.) SOLID_ANGLE_UNIT() );
#8201 = UNCERTAINTY_MEASURE_WITH_UNIT(LENGTH_MEASURE(1.E-05),#8198,
  'distance_accuracy_value','confusion accuracy');
#8202 = CONTEXT_DEPENDENT_SHAPE_REPRESENTATION(#8203,#8205);
#8203 = ( REPRESENTATION_RELATIONSHIP('','',#6001,#10) 
REPRESENTATION_RELATIONSHIP_WITH_TRANSFORMATION(#8204) 
SHAPE_REPRESENTATION_RELATIONSHIP() );
#8204 = ITEM_DEFINED_TRANSFORMATION('','',#11,#31);
#8205 = PRODUCT_DEFINITION_SHAPE('Placement','Placement of an item',
  #8206);
#8206 = NEXT_ASSEMBLY_USAGE_OCCURRENCE('5','mid_R','',#5,#5996,$);
#8207 = PRODUCT_RELATED_PRODUCT_CATEGORY('part',$,(#5998));
#8208 = SHAPE_DEFINITION_REPRESENTATION(#8209,#8215);
#8209 = PRODUCT_DEFINITION_SHAPE('','',#8210);
#8210 = PRODUCT_DEFINITION('design','',#8211,#8214);
#8211 = PRODUCT_DEFINITION_FORMATION('','',#8212);
#8212 = PRODUCT('top_R','top_R','',(#8213));
#8213 = PRODUCT_CONTEXT('',#2,'mechanical');
#8214 = PRODUCT_DEFINITION_CONTEXT('part definition',#2,'design');
#8215 = SHAPE_REPRESENTATION('',(#11,#8216,#8570),#9434);
#8216 = MANIFOLD_SOLID_BREP('',#8217);
#8217 = CLOSED_SHELL('',(#8218,#8360,#8435,#8511,#8556,#8563));
#8218 = ADVANCED_FACE('',(#8219,#8292),#8234,.T.);
#8219 = FACE_BOUND('',#8220,.T.);
#8220 = EDGE_LOOP('',(#8221,#8261));
#8221 = ORIENTED_EDGE('',*,*,#8222,.F.);
#8222 = EDGE_CURVE('',#8223,#8225,#8227,.T.);
#8223 = VERTEX_POINT('',#8224);
#8224 = CARTESIAN_POINT('',(-12.50000000005,0.,0.));
#8225 = VERTEX_POINT('',#8226);
#8226 = CARTESIAN_POINT('',(12.49999999995,0.,0.));
#8227 = SURFACE_CURVE('',#8228,(#8233,#8249),.PCURVE_S1.);
#8228 = CIRCLE('',#8229,12.5);
#8229 = AXIS2_PLACEMENT_3D('',#8230,#8231,#8232);
#8230 = CARTESIAN_POINT('',(-4.956781892065E-11,6.28036983472E-16,0.));
#8231 = DIRECTION('',(0.,0.,1.));
#8232 = DIRECTION('',(-1.,-5.024295867776E-17,0.));
#8233 = PCURVE('',#8234,#8239);
#8234 = PLANE('',#8235);
#8235 = AXIS2_PLACEMENT_3D('',#8236,#8237,#8238);
#8236 = CARTESIAN_POINT('',(-12.75000000005,-12.75,0.));
#8237 = DIRECTION('',(0.,0.,-1.));
#8238 = DIRECTION('',(-1.,0.,-0.));
#8239 = DEFINITIONAL_REPRESENTATION('',(#8240),#8248);
#8240 = ( BOUNDED_CURVE() B_SPLINE_CURVE(2,(#8241,#8242,#8243,#8244,
#8245,#8246,#8247),.UNSPECIFIED.,.T.,.F.) B_SPLINE_CURVE_WITH_KNOTS((1,2
    ,2,2,2,1),(-2.094395102393,0.,2.094395102393,4.188790204786,
6.28318530718,8.377580409573),.UNSPECIFIED.) CURVE() 
GEOMETRIC_REPRESENTATION_ITEM() RATIONAL_B_SPLINE_CURVE((1.,0.5,1.,0.5,
1.,0.5,1.)) REPRESENTATION_ITEM('') );
#8241 = CARTESIAN_POINT('',(-0.25,12.75));
#8242 = CARTESIAN_POINT('',(-0.25,-8.900635094611));
#8243 = CARTESIAN_POINT('',(-19.,1.924682452695));
#8244 = CARTESIAN_POINT('',(-37.75,12.75));
#8245 = CARTESIAN_POINT('',(-19.,23.575317547305));
#8246 = CARTESIAN_POINT('',(-0.25,34.400635094611));
#8247 = CARTESIAN_POINT('',(-0.25,12.75));
#8248 = ( GEOMETRIC_REPRESENTATION_CONTEXT(2) 
PARAMETRIC_REPRESENTATION_CONTEXT() REPRESENTATION_CONTEXT('2D SPACE',''
  ) );
#8249 = PCURVE('',#8250,#8255);
#8250 = CYLINDRICAL_SURFACE('',#8251,12.5);
#8251 = AXIS2_PLACEMENT_3D('',#8252,#8253,#8254);
#8252 = CARTESIAN_POINT('',(-4.956781892065E-11,6.280369834785E-16,9.));
#8253 = DIRECTION('',(0.,0.,-1.));
#8254 = DIRECTION('',(-1.,0.,-0.));
#8255 = DEFINITIONAL_REPRESENTATION('',(#8256),#8260);
#8256 = LINE('',#8257,#8258);
#8257 = CARTESIAN_POINT('',(6.28318530718,9.));
#8258 = VECTOR('',#8259,1.);
#8259 = DIRECTION('',(-1.,0.));
#8260 = ( GEOMETRIC_REPRESENTATION_CONTEXT(2) 
PARAMETRIC_REPRESENTATION_CONTEXT() REPRESENTATION_CONTEXT('2D SPACE',''
  ) );
#8261 = ORIENTED_EDGE('',*,*,#8262,.F.);
#8262 = EDGE_CURVE('',#8225,#8223,#8263,.T.);
#8263 = SURFACE_CURVE('',#8264,(#8269,#8280),.PCURVE_S1.);
#8264 = CIRCLE('',#8265,12.5);
#8265 = AXIS2_PLACEMENT_3D('',#8266,#8267,#8268);
#8266 = CARTESIAN_POINT('',(-4.956781892065E-11,-6.280369834785E-16,0.)
  );
#8267 = DIRECTION('',(0.,0.,1.));
#8268 = DIRECTION('',(1.,5.024295867828E-17,-0.));
#8269 = PCURVE('',#8234,#8270);
#8270 = DEFINITIONAL_REPRESENTATION('',(#8271),#8279);
#8271 = ( BOUNDED_CURVE() B_SPLINE_CURVE(2,(#8272,#8273,#8274,#8275,
#8276,#8277,#8278),.UNSPECIFIED.,.T.,.F.) B_SPLINE_CURVE_WITH_KNOTS((1,2
    ,2,2,2,1),(-2.094395102393,0.,2.094395102393,4.188790204786,
6.28318530718,8.377580409573),.UNSPECIFIED.) CURVE() 
GEOMETRIC_REPRESENTATION_ITEM() RATIONAL_B_SPLINE_CURVE((1.,0.5,1.,0.5,
1.,0.5,1.)) REPRESENTATION_ITEM('') );
#8272 = CARTESIAN_POINT('',(-25.25,12.75));
#8273 = CARTESIAN_POINT('',(-25.25,34.400635094611));
#8274 = CARTESIAN_POINT('',(-6.5,23.575317547305));
#8275 = CARTESIAN_POINT('',(12.25,12.75));
#8276 = CARTESIAN_POINT('',(-6.5,1.924682452695));
#8277 = CARTESIAN_POINT('',(-25.25,-8.900635094611));
#8278 = CARTESIAN_POINT('',(-25.25,12.75));
#8279 = ( GEOMETRIC_REPRESENTATION_CONTEXT(2) 
PARAMETRIC_REPRESENTATION_CONTEXT() REPRESENTATION_CONTEXT('2D SPACE',''
  ) );
#8280 = PCURVE('',#8281,#8286);
#8281 = CYLINDRICAL_SURFACE('',#8282,12.5);
#8282 = AXIS2_PLACEMENT_3D('',#8283,#8284,#8285);
#8283 = CARTESIAN_POINT('',(-4.956781892065E-11,-6.28036983472E-16,9.));
#8284 = DIRECTION('',(0.,0.,-1.));
#8285 = DIRECTION('',(-1.,0.,-0.));
#8286 = DEFINITIONAL_REPRESENTATION('',(#8287),#8291);
#8287 = LINE('',#8288,#8289);
#8288 = CARTESIAN_POINT('',(3.14159265359,9.));
#8289 = VECTOR('',#8290,1.);
#8290 = DIRECTION('',(-1.,0.));
#8291 = ( GEOMETRIC_REPRESENTATION_CONTEXT(2) 
PARAMETRIC_REPRESENTATION_CONTEXT() REPRESENTATION_CONTEXT('2D SPACE',''
  ) );
#8292 = FACE_BOUND('',#8293,.T.);
#8293 = EDGE_LOOP('',(#8294,#8329));
#8294 = ORIENTED_EDGE('',*,*,#8295,.T.);
#8295 = EDGE_CURVE('',#8296,#8298,#8300,.T.);
#8296 = VERTEX_POINT('',#8297);
#8297 = CARTESIAN_POINT('',(4.,0.,0.));
#8298 = VERTEX_POINT('',#8299);
#8299 = CARTESIAN_POINT('',(-4.,0.,0.));
#8300 = SURFACE_CURVE('',#8301,(#8306,#8317),.PCURVE_S1.);
#8301 = CIRCLE('',#8302,4.);
#8302 = AXIS2_PLACEMENT_3D('',#8303,#8304,#8305);
#8303 = CARTESIAN_POINT('',(0.,0.,0.));
#8304 = DIRECTION('',(0.,0.,1.));
#8305 = DIRECTION('',(1.,0.,-0.));
#8306 = PCURVE('',#8234,#8307);
#8307 = DEFINITIONAL_REPRESENTATION('',(#8308),#8316);
#8308 = ( BOUNDED_CURVE() B_SPLINE_CURVE(2,(#8309,#8310,#8311,#8312,
#8313,#8314,#8315),.UNSPECIFIED.,.T.,.F.) B_SPLINE_CURVE_WITH_KNOTS((1,2
    ,2,2,2,1),(-2.094395102393,0.,2.094395102393,4.188790204786,
6.28318530718,8.377580409573),.UNSPECIFIED.) CURVE() 
GEOMETRIC_REPRESENTATION_ITEM() RATIONAL_B_SPLINE_CURVE((1.,0.5,1.,0.5,
1.,0.5,1.)) REPRESENTATION_ITEM('') );
#8309 = CARTESIAN_POINT('',(-16.75000000005,12.75));
#8310 = CARTESIAN_POINT('',(-16.75000000005,19.678203230276));
#8311 = CARTESIAN_POINT('',(-10.75000000005,16.214101615138));
#8312 = CARTESIAN_POINT('',(-4.75000000005,12.75));
#8313 = CARTESIAN_POINT('',(-10.75000000005,9.285898384862));
#8314 = CARTESIAN_POINT('',(-16.75000000005,5.821796769724));
#8315 = CARTESIAN_POINT('',(-16.75000000005,12.75));
#8316 = ( GEOMETRIC_REPRESENTATION_CONTEXT(2) 
PARAMETRIC_REPRESENTATION_CONTEXT() REPRESENTATION_CONTEXT('2D SPACE',''
  ) );
#8317 = PCURVE('',#8318,#8323);
#8318 = CYLINDRICAL_SURFACE('',#8319,4.);
#8319 = AXIS2_PLACEMENT_3D('',#8320,#8321,#8322);
#8320 = CARTESIAN_POINT('',(0.,0.,13.));
#8321 = DIRECTION('',(0.,0.,-1.));
#8322 = DIRECTION('',(-1.,0.,-0.));
#8323 = DEFINITIONAL_REPRESENTATION('',(#8324),#8328);
#8324 = LINE('',#8325,#8326);
#8325 = CARTESIAN_POINT('',(3.14159265359,13.));
#8326 = VECTOR('',#8327,1.);
#8327 = DIRECTION('',(-1.,0.));
#8328 = ( GEOMETRIC_REPRESENTATION_CONTEXT(2) 
PARAMETRIC_REPRESENTATION_CONTEXT() REPRESENTATION_CONTEXT('2D SPACE',''
  ) );
#8329 = ORIENTED_EDGE('',*,*,#8330,.T.);
#8330 = EDGE_CURVE('',#8298,#8296,#8331,.T.);
#8331 = SURFACE_CURVE('',#8332,(#8337,#8348),.PCURVE_S1.);
#8332 = CIRCLE('',#8333,4.);
#8333 = AXIS2_PLACEMENT_3D('',#8334,#8335,#8336);
#8334 = CARTESIAN_POINT('',(0.,0.,0.));
#8335 = DIRECTION('',(0.,0.,1.));
#8336 = DIRECTION('',(-1.,0.,0.));
#8337 = PCURVE('',#8234,#8338);
#8338 = DEFINITIONAL_REPRESENTATION('',(#8339),#8347);
#8339 = ( BOUNDED_CURVE() B_SPLINE_CURVE(2,(#8340,#8341,#8342,#8343,
#8344,#8345,#8346),.UNSPECIFIED.,.T.,.F.) B_SPLINE_CURVE_WITH_KNOTS((1,2
    ,2,2,2,1),(-2.094395102393,0.,2.094395102393,4.188790204786,
6.28318530718,8.377580409573),.UNSPECIFIED.) CURVE() 
GEOMETRIC_REPRESENTATION_ITEM() RATIONAL_B_SPLINE_CURVE((1.,0.5,1.,0.5,
1.,0.5,1.)) REPRESENTATION_ITEM('') );
#8340 = CARTESIAN_POINT('',(-8.75000000005,12.75));
#8341 = CARTESIAN_POINT('',(-8.75000000005,5.821796769724));
#8342 = CARTESIAN_POINT('',(-14.75000000005,9.285898384862));
#8343 = CARTESIAN_POINT('',(-20.75000000005,12.75));
#8344 = CARTESIAN_POINT('',(-14.75000000005,16.214101615138));
#8345 = CARTESIAN_POINT('',(-8.75000000005,19.678203230276));
#8346 = CARTESIAN_POINT('',(-8.75000000005,12.75));
#8347 = ( GEOMETRIC_REPRESENTATION_CONTEXT(2) 
PARAMETRIC_REPRESENTATION_CONTEXT() REPRESENTATION_CONTEXT('2D SPACE',''
  ) );
#8348 = PCURVE('',#8349,#8354);
#8349 = CYLINDRICAL_SURFACE('',#8350,4.);
#8350 = AXIS2_PLACEMENT_3D('',#8351,#8352,#8353);
#8351 = CARTESIAN_POINT('',(0.,0.,13.));
#8352 = DIRECTION('',(0.,0.,-1.));
#8353 = DIRECTION('',(-1.,0.,-0.));
#8354 = DEFINITIONAL_REPRESENTATION('',(#8355),#8359);
#8355 = LINE('',#8356,#8357);
#8356 = CARTESIAN_POINT('',(6.28318530718,13.));
#8357 = VECTOR('',#8358,1.);
#8358 = DIRECTION('',(-1.,0.));
#8359 = ( GEOMETRIC_REPRESENTATION_CONTEXT(2) 
PARAMETRIC_REPRESENTATION_CONTEXT() REPRESENTATION_CONTEXT('2D SPACE',''
  ) );
#8360 = ADVANCED_FACE('',(#8361),#8250,.T.);
#8361 = FACE_BOUND('',#8362,.T.);
#8362 = EDGE_LOOP('',(#8363,#8364,#8386,#8415));
#8363 = ORIENTED_EDGE('',*,*,#8222,.T.);
#8364 = ORIENTED_EDGE('',*,*,#8365,.T.);
#8365 = EDGE_CURVE('',#8225,#8366,#8368,.T.);
#8366 = VERTEX_POINT('',#8367);
#8367 = CARTESIAN_POINT('',(12.49999999995,0.,18.));
#8368 = SURFACE_CURVE('',#8369,(#8372,#8379),.PCURVE_S1.);
#8369 = B_SPLINE_CURVE_WITH_KNOTS('',1,(#8370,#8371),.UNSPECIFIED.,.F.,
  .F.,(2,2),(0.,18.),.PIECEWISE_BEZIER_KNOTS.);
#8370 = CARTESIAN_POINT('',(12.49999999995,0.,0.));
#8371 = CARTESIAN_POINT('',(12.49999999995,0.,18.));
#8372 = PCURVE('',#8250,#8373);
#8373 = DEFINITIONAL_REPRESENTATION('',(#8374),#8378);
#8374 = LINE('',#8375,#8376);
#8375 = CARTESIAN_POINT('',(3.14159265359,9.));
#8376 = VECTOR('',#8377,1.);
#8377 = DIRECTION('',(0.,-1.));
#8378 = ( GEOMETRIC_REPRESENTATION_CONTEXT(2) 
PARAMETRIC_REPRESENTATION_CONTEXT() REPRESENTATION_CONTEXT('2D SPACE',''
  ) );
#8379 = PCURVE('',#8281,#8380);
#8380 = DEFINITIONAL_REPRESENTATION('',(#8381),#8385);
#8381 = LINE('',#8382,#8383);
#8382 = CARTESIAN_POINT('',(3.14159265359,9.));
#8383 = VECTOR('',#8384,1.);
#8384 = DIRECTION('',(0.,-1.));
#8385 = ( GEOMETRIC_REPRESENTATION_CONTEXT(2) 
PARAMETRIC_REPRESENTATION_CONTEXT() REPRESENTATION_CONTEXT('2D SPACE',''
  ) );
#8386 = ORIENTED_EDGE('',*,*,#8387,.F.);
#8387 = EDGE_CURVE('',#8388,#8366,#8390,.T.);
#8388 = VERTEX_POINT('',#8389);
#8389 = CARTESIAN_POINT('',(-12.50000000005,0.,18.));
#8390 = SURFACE_CURVE('',#8391,(#8396,#8403),.PCURVE_S1.);
#8391 = CIRCLE('',#8392,12.5);
#8392 = AXIS2_PLACEMENT_3D('',#8393,#8394,#8395);
#8393 = CARTESIAN_POINT('',(-4.956781892065E-11,6.28036983472E-16,18.));
#8394 = DIRECTION('',(0.,0.,1.));
#8395 = DIRECTION('',(-1.,-5.024295867776E-17,0.));
#8396 = PCURVE('',#8250,#8397);
#8397 = DEFINITIONAL_REPRESENTATION('',(#8398),#8402);
#8398 = LINE('',#8399,#8400);
#8399 = CARTESIAN_POINT('',(6.28318530718,-9.));
#8400 = VECTOR('',#8401,1.);
#8401 = DIRECTION('',(-1.,0.));
#8402 = ( GEOMETRIC_REPRESENTATION_CONTEXT(2) 
PARAMETRIC_REPRESENTATION_CONTEXT() REPRESENTATION_CONTEXT('2D SPACE',''
  ) );
#8403 = PCURVE('',#8404,#8409);
#8404 = PLANE('',#8405);
#8405 = AXIS2_PLACEMENT_3D('',#8406,#8407,#8408);
#8406 = CARTESIAN_POINT('',(-12.75000000005,-12.75,18.));
#8407 = DIRECTION('',(0.,0.,1.));
#8408 = DIRECTION('',(1.,0.,-0.));
#8409 = DEFINITIONAL_REPRESENTATION('',(#8410),#8414);
#8410 = CIRCLE('',#8411,12.5);
#8411 = AXIS2_PLACEMENT_2D('',#8412,#8413);
#8412 = CARTESIAN_POINT('',(12.75,12.75));
#8413 = DIRECTION('',(-1.,-5.024295867776E-17));
#8414 = ( GEOMETRIC_REPRESENTATION_CONTEXT(2) 
PARAMETRIC_REPRESENTATION_CONTEXT() REPRESENTATION_CONTEXT('2D SPACE',''
  ) );
#8415 = ORIENTED_EDGE('',*,*,#8416,.F.);
#8416 = EDGE_CURVE('',#8223,#8388,#8417,.T.);
#8417 = SURFACE_CURVE('',#8418,(#8421,#8428),.PCURVE_S1.);
#8418 = B_SPLINE_CURVE_WITH_KNOTS('',1,(#8419,#8420),.UNSPECIFIED.,.F.,
  .F.,(2,2),(0.,18.),.PIECEWISE_BEZIER_KNOTS.);
#8419 = CARTESIAN_POINT('',(-12.50000000005,0.,0.));
#8420 = CARTESIAN_POINT('',(-12.50000000005,0.,18.));
#8421 = PCURVE('',#8250,#8422);
#8422 = DEFINITIONAL_REPRESENTATION('',(#8423),#8427);
#8423 = LINE('',#8424,#8425);
#8424 = CARTESIAN_POINT('',(6.28318530718,9.));
#8425 = VECTOR('',#8426,1.);
#8426 = DIRECTION('',(0.,-1.));
#8427 = ( GEOMETRIC_REPRESENTATION_CONTEXT(2) 
PARAMETRIC_REPRESENTATION_CONTEXT() REPRESENTATION_CONTEXT('2D SPACE',''
  ) );
#8428 = PCURVE('',#8281,#8429);
#8429 = DEFINITIONAL_REPRESENTATION('',(#8430),#8434);
#8430 = LINE('',#8431,#8432);
#8431 = CARTESIAN_POINT('',(0.,9.));
#8432 = VECTOR('',#8433,1.);
#8433 = DIRECTION('',(0.,-1.));
#8434 = ( GEOMETRIC_REPRESENTATION_CONTEXT(2) 
PARAMETRIC_REPRESENTATION_CONTEXT() REPRESENTATION_CONTEXT('2D SPACE',''
  ) );
#8435 = ADVANCED_FACE('',(#8436,#8461),#8404,.T.);
#8436 = FACE_BOUND('',#8437,.T.);
#8437 = EDGE_LOOP('',(#8438,#8460));
#8438 = ORIENTED_EDGE('',*,*,#8439,.T.);
#8439 = EDGE_CURVE('',#8366,#8388,#8440,.T.);
#8440 = SURFACE_CURVE('',#8441,(#8446,#8453),.PCURVE_S1.);
#8441 = CIRCLE('',#8442,12.5);
#8442 = AXIS2_PLACEMENT_3D('',#8443,#8444,#8445);
#8443 = CARTESIAN_POINT('',(-4.956781892065E-11,-6.280369834785E-16,18.)
  );
#8444 = DIRECTION('',(0.,0.,1.));
#8445 = DIRECTION('',(1.,5.024295867828E-17,-0.));
#8446 = PCURVE('',#8404,#8447);
#8447 = DEFINITIONAL_REPRESENTATION('',(#8448),#8452);
#8448 = CIRCLE('',#8449,12.5);
#8449 = AXIS2_PLACEMENT_2D('',#8450,#8451);
#8450 = CARTESIAN_POINT('',(12.75,12.75));
#8451 = DIRECTION('',(1.,5.024295867828E-17));
#8452 = ( GEOMETRIC_REPRESENTATION_CONTEXT(2) 
PARAMETRIC_REPRESENTATION_CONTEXT() REPRESENTATION_CONTEXT('2D SPACE',''
  ) );
#8453 = PCURVE('',#8281,#8454);
#8454 = DEFINITIONAL_REPRESENTATION('',(#8455),#8459);
#8455 = LINE('',#8456,#8457);
#8456 = CARTESIAN_POINT('',(3.14159265359,-9.));
#8457 = VECTOR('',#8458,1.);
#8458 = DIRECTION('',(-1.,0.));
#8459 = ( GEOMETRIC_REPRESENTATION_CONTEXT(2) 
PARAMETRIC_REPRESENTATION_CONTEXT() REPRESENTATION_CONTEXT('2D SPACE',''
  ) );
#8460 = ORIENTED_EDGE('',*,*,#8387,.T.);
#8461 = FACE_BOUND('',#8462,.T.);
#8462 = EDGE_LOOP('',(#8463,#8489));
#8463 = ORIENTED_EDGE('',*,*,#8464,.F.);
#8464 = EDGE_CURVE('',#8465,#8467,#8469,.T.);
#8465 = VERTEX_POINT('',#8466);
#8466 = CARTESIAN_POINT('',(-4.,0.,18.));
#8467 = VERTEX_POINT('',#8468);
#8468 = CARTESIAN_POINT('',(4.,0.,18.));
#8469 = SURFACE_CURVE('',#8470,(#8475,#8482),.PCURVE_S1.);
#8470 = CIRCLE('',#8471,4.);
#8471 = AXIS2_PLACEMENT_3D('',#8472,#8473,#8474);
#8472 = CARTESIAN_POINT('',(0.,0.,18.));
#8473 = DIRECTION('',(0.,0.,1.));
#8474 = DIRECTION('',(-1.,0.,0.));
#8475 = PCURVE('',#8404,#8476);
#8476 = DEFINITIONAL_REPRESENTATION('',(#8477),#8481);
#8477 = CIRCLE('',#8478,4.);
#8478 = AXIS2_PLACEMENT_2D('',#8479,#8480);
#8479 = CARTESIAN_POINT('',(12.75000000005,12.75));
#8480 = DIRECTION('',(-1.,0.));
#8481 = ( GEOMETRIC_REPRESENTATION_CONTEXT(2) 
PARAMETRIC_REPRESENTATION_CONTEXT() REPRESENTATION_CONTEXT('2D SPACE',''
  ) );
#8482 = PCURVE('',#8349,#8483);
#8483 = DEFINITIONAL_REPRESENTATION('',(#8484),#8488);
#8484 = LINE('',#8485,#8486);
#8485 = CARTESIAN_POINT('',(6.28318530718,-5.));
#8486 = VECTOR('',#8487,1.);
#8487 = DIRECTION('',(-1.,0.));
#8488 = ( GEOMETRIC_REPRESENTATION_CONTEXT(2) 
PARAMETRIC_REPRESENTATION_CONTEXT() REPRESENTATION_CONTEXT('2D SPACE',''
  ) );
#8489 = ORIENTED_EDGE('',*,*,#8490,.F.);
#8490 = EDGE_CURVE('',#8467,#8465,#8491,.T.);
#8491 = SURFACE_CURVE('',#8492,(#8497,#8504),.PCURVE_S1.);
#8492 = CIRCLE('',#8493,4.);
#8493 = AXIS2_PLACEMENT_3D('',#8494,#8495,#8496);
#8494 = CARTESIAN_POINT('',(0.,0.,18.));
#8495 = DIRECTION('',(0.,0.,1.));
#8496 = DIRECTION('',(1.,0.,-0.));
#8497 = PCURVE('',#8404,#8498);
#8498 = DEFINITIONAL_REPRESENTATION('',(#8499),#8503);
#8499 = CIRCLE('',#8500,4.);
#8500 = AXIS2_PLACEMENT_2D('',#8501,#8502);
#8501 = CARTESIAN_POINT('',(12.75000000005,12.75));
#8502 = DIRECTION('',(1.,0.));
#8503 = ( GEOMETRIC_REPRESENTATION_CONTEXT(2) 
PARAMETRIC_REPRESENTATION_CONTEXT() REPRESENTATION_CONTEXT('2D SPACE',''
  ) );
#8504 = PCURVE('',#8318,#8505);
#8505 = DEFINITIONAL_REPRESENTATION('',(#8506),#8510);
#8506 = LINE('',#8507,#8508);
#8507 = CARTESIAN_POINT('',(3.14159265359,-5.));
#8508 = VECTOR('',#8509,1.);
#8509 = DIRECTION('',(-1.,0.));
#8510 = ( GEOMETRIC_REPRESENTATION_CONTEXT(2) 
PARAMETRIC_REPRESENTATION_CONTEXT() REPRESENTATION_CONTEXT('2D SPACE',''
  ) );
#8511 = ADVANCED_FACE('',(#8512),#8349,.F.);
#8512 = FACE_BOUND('',#8513,.F.);
#8513 = EDGE_LOOP('',(#8514,#8515,#8535,#8536));
#8514 = ORIENTED_EDGE('',*,*,#8330,.T.);
#8515 = ORIENTED_EDGE('',*,*,#8516,.T.);
#8516 = EDGE_CURVE('',#8296,#8467,#8517,.T.);
#8517 = SURFACE_CURVE('',#8518,(#8521,#8528),.PCURVE_S1.);
#8518 = B_SPLINE_CURVE_WITH_KNOTS('',1,(#8519,#8520),.UNSPECIFIED.,.F.,
  .F.,(2,2),(0.,18.),.PIECEWISE_BEZIER_KNOTS.);
#8519 = CARTESIAN_POINT('',(4.,0.,0.));
#8520 = CARTESIAN_POINT('',(4.,0.,18.));
#8521 = PCURVE('',#8349,#8522);
#8522 = DEFINITIONAL_REPRESENTATION('',(#8523),#8527);
#8523 = LINE('',#8524,#8525);
#8524 = CARTESIAN_POINT('',(3.14159265359,13.));
#8525 = VECTOR('',#8526,1.);
#8526 = DIRECTION('',(0.,-1.));
#8527 = ( GEOMETRIC_REPRESENTATION_CONTEXT(2) 
PARAMETRIC_REPRESENTATION_CONTEXT() REPRESENTATION_CONTEXT('2D SPACE',''
  ) );
#8528 = PCURVE('',#8318,#8529);
#8529 = DEFINITIONAL_REPRESENTATION('',(#8530),#8534);
#8530 = LINE('',#8531,#8532);
#8531 = CARTESIAN_POINT('',(3.14159265359,13.));
#8532 = VECTOR('',#8533,1.);
#8533 = DIRECTION('',(0.,-1.));
#8534 = ( GEOMETRIC_REPRESENTATION_CONTEXT(2) 
PARAMETRIC_REPRESENTATION_CONTEXT() REPRESENTATION_CONTEXT('2D SPACE',''
  ) );
#8535 = ORIENTED_EDGE('',*,*,#8464,.F.);
#8536 = ORIENTED_EDGE('',*,*,#8537,.F.);
#8537 = EDGE_CURVE('',#8298,#8465,#8538,.T.);
#8538 = SURFACE_CURVE('',#8539,(#8542,#8549),.PCURVE_S1.);
#8539 = B_SPLINE_CURVE_WITH_KNOTS('',1,(#8540,#8541),.UNSPECIFIED.,.F.,
  .F.,(2,2),(0.,18.),.PIECEWISE_BEZIER_KNOTS.);
#8540 = CARTESIAN_POINT('',(-4.,0.,0.));
#8541 = CARTESIAN_POINT('',(-4.,0.,18.));
#8542 = PCURVE('',#8349,#8543);
#8543 = DEFINITIONAL_REPRESENTATION('',(#8544),#8548);
#8544 = LINE('',#8545,#8546);
#8545 = CARTESIAN_POINT('',(6.28318530718,13.));
#8546 = VECTOR('',#8547,1.);
#8547 = DIRECTION('',(0.,-1.));
#8548 = ( GEOMETRIC_REPRESENTATION_CONTEXT(2) 
PARAMETRIC_REPRESENTATION_CONTEXT() REPRESENTATION_CONTEXT('2D SPACE',''
  ) );
#8549 = PCURVE('',#8318,#8550);
#8550 = DEFINITIONAL_REPRESENTATION('',(#8551),#8555);
#8551 = LINE('',#8552,#8553);
#8552 = CARTESIAN_POINT('',(0.,13.));
#8553 = VECTOR('',#8554,1.);
#8554 = DIRECTION('',(0.,-1.));
#8555 = ( GEOMETRIC_REPRESENTATION_CONTEXT(2) 
PARAMETRIC_REPRESENTATION_CONTEXT() REPRESENTATION_CONTEXT('2D SPACE',''
  ) );
#8556 = ADVANCED_FACE('',(#8557),#8281,.T.);
#8557 = FACE_BOUND('',#8558,.T.);
#8558 = EDGE_LOOP('',(#8559,#8560,#8561,#8562));
#8559 = ORIENTED_EDGE('',*,*,#8416,.T.);
#8560 = ORIENTED_EDGE('',*,*,#8439,.F.);
#8561 = ORIENTED_EDGE('',*,*,#8365,.F.);
#8562 = ORIENTED_EDGE('',*,*,#8262,.T.);
#8563 = ADVANCED_FACE('',(#8564),#8318,.F.);
#8564 = FACE_BOUND('',#8565,.F.);
#8565 = EDGE_LOOP('',(#8566,#8567,#8568,#8569));
#8566 = ORIENTED_EDGE('',*,*,#8537,.T.);
#8567 = ORIENTED_EDGE('',*,*,#8490,.F.);
#8568 = ORIENTED_EDGE('',*,*,#8516,.F.);
#8569 = ORIENTED_EDGE('',*,*,#8295,.T.);
#8570 = MANIFOLD_SOLID_BREP('',#8571);
#8571 = CLOSED_SHELL('',(#8572,#8894,#8973,#9219,#9264,#9309,#9354,#9399
    ,#9406,#9413,#9420,#9427));
#8572 = ADVANCED_FACE('',(#8573,#8638,#8706,#8774,#8834),#8588,.T.);
#8573 = FACE_BOUND('',#8574,.T.);
#8574 = EDGE_LOOP('',(#8575,#8611));
#8575 = ORIENTED_EDGE('',*,*,#8576,.T.);
#8576 = EDGE_CURVE('',#8577,#8579,#8581,.T.);
#8577 = VERTEX_POINT('',#8578);
#8578 = CARTESIAN_POINT('',(19.5,0.,0.));
#8579 = VERTEX_POINT('',#8580);
#8580 = CARTESIAN_POINT('',(-19.5,0.,0.));
#8581 = SURFACE_CURVE('',#8582,(#8587,#8599),.PCURVE_S1.);
#8582 = CIRCLE('',#8583,19.5);
#8583 = AXIS2_PLACEMENT_3D('',#8584,#8585,#8586);
#8584 = CARTESIAN_POINT('',(0.,0.,0.));
#8585 = DIRECTION('',(0.,0.,1.));
#8586 = DIRECTION('',(1.,0.,-0.));
#8587 = PCURVE('',#8588,#8593);
#8588 = PLANE('',#8589);
#8589 = AXIS2_PLACEMENT_3D('',#8590,#8591,#8592);
#8590 = CARTESIAN_POINT('',(-19.89,-19.89,0.));
#8591 = DIRECTION('',(0.,0.,1.));
#8592 = DIRECTION('',(1.,0.,-0.));
#8593 = DEFINITIONAL_REPRESENTATION('',(#8594),#8598);
#8594 = CIRCLE('',#8595,19.5);
#8595 = AXIS2_PLACEMENT_2D('',#8596,#8597);
#8596 = CARTESIAN_POINT('',(19.89,19.89));
#8597 = DIRECTION('',(1.,0.));
#8598 = ( GEOMETRIC_REPRESENTATION_CONTEXT(2) 
PARAMETRIC_REPRESENTATION_CONTEXT() REPRESENTATION_CONTEXT('2D SPACE',''
  ) );
#8599 = PCURVE('',#8600,#8605);
#8600 = CYLINDRICAL_SURFACE('',#8601,19.5);
#8601 = AXIS2_PLACEMENT_3D('',#8602,#8603,#8604);
#8602 = CARTESIAN_POINT('',(0.,0.,-2.5));
#8603 = DIRECTION('',(0.,0.,-1.));
#8604 = DIRECTION('',(-1.,0.,-0.));
#8605 = DEFINITIONAL_REPRESENTATION('',(#8606),#8610);
#8606 = LINE('',#8607,#8608);
#8607 = CARTESIAN_POINT('',(3.14159265359,-2.5));
#8608 = VECTOR('',#8609,1.);
#8609 = DIRECTION('',(-1.,0.));
#8610 = ( GEOMETRIC_REPRESENTATION_CONTEXT(2) 
PARAMETRIC_REPRESENTATION_CONTEXT() REPRESENTATION_CONTEXT('2D SPACE',''
  ) );
#8611 = ORIENTED_EDGE('',*,*,#8612,.T.);
#8612 = EDGE_CURVE('',#8579,#8577,#8613,.T.);
#8613 = SURFACE_CURVE('',#8614,(#8619,#8626),.PCURVE_S1.);
#8614 = CIRCLE('',#8615,19.5);
#8615 = AXIS2_PLACEMENT_3D('',#8616,#8617,#8618);
#8616 = CARTESIAN_POINT('',(0.,0.,0.));
#8617 = DIRECTION('',(0.,0.,1.));
#8618 = DIRECTION('',(-1.,0.,0.));
#8619 = PCURVE('',#8588,#8620);
#8620 = DEFINITIONAL_REPRESENTATION('',(#8621),#8625);
#8621 = CIRCLE('',#8622,19.5);
#8622 = AXIS2_PLACEMENT_2D('',#8623,#8624);
#8623 = CARTESIAN_POINT('',(19.89,19.89));
#8624 = DIRECTION('',(-1.,0.));
#8625 = ( GEOMETRIC_REPRESENTATION_CONTEXT(2) 
PARAMETRIC_REPRESENTATION_CONTEXT() REPRESENTATION_CONTEXT('2D SPACE',''
  ) );
#8626 = PCURVE('',#8627,#8632);
#8627 = CYLINDRICAL_SURFACE('',#8628,19.5);
#8628 = AXIS2_PLACEMENT_3D('',#8629,#8630,#8631);
#8629 = CARTESIAN_POINT('',(0.,0.,-2.5));
#8630 = DIRECTION('',(0.,0.,-1.));
#8631 = DIRECTION('',(-1.,0.,-0.));
#8632 = DEFINITIONAL_REPRESENTATION('',(#8633),#8637);
#8633 = LINE('',#8634,#8635);
#8634 = CARTESIAN_POINT('',(6.28318530718,-2.5));
#8635 = VECTOR('',#8636,1.);
#8636 = DIRECTION('',(-1.,0.));
#8637 = ( GEOMETRIC_REPRESENTATION_CONTEXT(2) 
PARAMETRIC_REPRESENTATION_CONTEXT() REPRESENTATION_CONTEXT('2D SPACE',''
  ) );
#8638 = FACE_BOUND('',#8639,.T.);
#8639 = EDGE_LOOP('',(#8640,#8675));
#8640 = ORIENTED_EDGE('',*,*,#8641,.T.);
#8641 = EDGE_CURVE('',#8642,#8644,#8646,.T.);
#8642 = VERTEX_POINT('',#8643);
#8643 = CARTESIAN_POINT('',(17.75,0.,0.));
#8644 = VERTEX_POINT('',#8645);
#8645 = CARTESIAN_POINT('',(14.25,0.,0.));
#8646 = SURFACE_CURVE('',#8647,(#8652,#8663),.PCURVE_S1.);
#8647 = CIRCLE('',#8648,1.75);
#8648 = AXIS2_PLACEMENT_3D('',#8649,#8650,#8651);
#8649 = CARTESIAN_POINT('',(16.,0.,0.));
#8650 = DIRECTION('',(0.,0.,-1.));
#8651 = DIRECTION('',(1.,0.,0.));
#8652 = PCURVE('',#8588,#8653);
#8653 = DEFINITIONAL_REPRESENTATION('',(#8654),#8662);
#8654 = ( BOUNDED_CURVE() B_SPLINE_CURVE(2,(#8655,#8656,#8657,#8658,
#8659,#8660,#8661),.UNSPECIFIED.,.T.,.F.) B_SPLINE_CURVE_WITH_KNOTS((1,2
    ,2,2,2,1),(-2.094395102393,0.,2.094395102393,4.188790204786,
6.28318530718,8.377580409573),.UNSPECIFIED.) CURVE() 
GEOMETRIC_REPRESENTATION_ITEM() RATIONAL_B_SPLINE_CURVE((1.,0.5,1.,0.5,
1.,0.5,1.)) REPRESENTATION_ITEM('') );
#8655 = CARTESIAN_POINT('',(37.64,19.89));
#8656 = CARTESIAN_POINT('',(37.64,16.858911086754));
#8657 = CARTESIAN_POINT('',(35.015,18.374455543377));
#8658 = CARTESIAN_POINT('',(32.39,19.89));
#8659 = CARTESIAN_POINT('',(35.015,21.405544456623));
#8660 = CARTESIAN_POINT('',(37.64,22.921088913246));
#8661 = CARTESIAN_POINT('',(37.64,19.89));
#8662 = ( GEOMETRIC_REPRESENTATION_CONTEXT(2) 
PARAMETRIC_REPRESENTATION_CONTEXT() REPRESENTATION_CONTEXT('2D SPACE',''
  ) );
#8663 = PCURVE('',#8664,#8669);
#8664 = CYLINDRICAL_SURFACE('',#8665,1.75);
#8665 = AXIS2_PLACEMENT_3D('',#8666,#8667,#8668);
#8666 = CARTESIAN_POINT('',(16.,0.,-6.5));
#8667 = DIRECTION('',(0.,0.,-1.));
#8668 = DIRECTION('',(-1.,0.,-0.));
#8669 = DEFINITIONAL_REPRESENTATION('',(#8670),#8674);
#8670 = LINE('',#8671,#8672);
#8671 = CARTESIAN_POINT('',(3.14159265359,-6.5));
#8672 = VECTOR('',#8673,1.);
#8673 = DIRECTION('',(1.,0.));
#8674 = ( GEOMETRIC_REPRESENTATION_CONTEXT(2) 
PARAMETRIC_REPRESENTATION_CONTEXT() REPRESENTATION_CONTEXT('2D SPACE',''
  ) );
#8675 = ORIENTED_EDGE('',*,*,#8676,.T.);
#8676 = EDGE_CURVE('',#8644,#8642,#8677,.T.);
#8677 = SURFACE_CURVE('',#8678,(#8683,#8694),.PCURVE_S1.);
#8678 = CIRCLE('',#8679,1.75);
#8679 = AXIS2_PLACEMENT_3D('',#8680,#8681,#8682);
#8680 = CARTESIAN_POINT('',(16.,0.,0.));
#8681 = DIRECTION('',(0.,0.,-1.));
#8682 = DIRECTION('',(-1.,0.,0.));
#8683 = PCURVE('',#8588,#8684);
#8684 = DEFINITIONAL_REPRESENTATION('',(#8685),#8693);
#8685 = ( BOUNDED_CURVE() B_SPLINE_CURVE(2,(#8686,#8687,#8688,#8689,
#8690,#8691,#8692),.UNSPECIFIED.,.T.,.F.) B_SPLINE_CURVE_WITH_KNOTS((1,2
    ,2,2,2,1),(-2.094395102393,0.,2.094395102393,4.188790204786,
6.28318530718,8.377580409573),.UNSPECIFIED.) CURVE() 
GEOMETRIC_REPRESENTATION_ITEM() RATIONAL_B_SPLINE_CURVE((1.,0.5,1.,0.5,
1.,0.5,1.)) REPRESENTATION_ITEM('') );
#8686 = CARTESIAN_POINT('',(34.14,19.89));
#8687 = CARTESIAN_POINT('',(34.14,22.921088913246));
#8688 = CARTESIAN_POINT('',(36.765,21.405544456623));
#8689 = CARTESIAN_POINT('',(39.39,19.89));
#8690 = CARTESIAN_POINT('',(36.765,18.374455543377));
#8691 = CARTESIAN_POINT('',(34.14,16.858911086754));
#8692 = CARTESIAN_POINT('',(34.14,19.89));
#8693 = ( GEOMETRIC_REPRESENTATION_CONTEXT(2) 
PARAMETRIC_REPRESENTATION_CONTEXT() REPRESENTATION_CONTEXT('2D SPACE',''
  ) );
#8694 = PCURVE('',#8695,#8700);
#8695 = CYLINDRICAL_SURFACE('',#8696,1.75);
#8696 = AXIS2_PLACEMENT_3D('',#8697,#8698,#8699);
#8697 = CARTESIAN_POINT('',(16.,0.,-6.5));
#8698 = DIRECTION('',(0.,0.,-1.));
#8699 = DIRECTION('',(-1.,0.,-0.));
#8700 = DEFINITIONAL_REPRESENTATION('',(#8701),#8705);
#8701 = LINE('',#8702,#8703);
#8702 = CARTESIAN_POINT('',(0.,-6.5));
#8703 = VECTOR('',#8704,1.);
#8704 = DIRECTION('',(1.,0.));
#8705 = ( GEOMETRIC_REPRESENTATION_CONTEXT(2) 
PARAMETRIC_REPRESENTATION_CONTEXT() REPRESENTATION_CONTEXT('2D SPACE',''
  ) );
#8706 = FACE_BOUND('',#8707,.T.);
#8707 = EDGE_LOOP('',(#8708,#8743));
#8708 = ORIENTED_EDGE('',*,*,#8709,.T.);
#8709 = EDGE_CURVE('',#8710,#8712,#8714,.T.);
#8710 = VERTEX_POINT('',#8711);
#8711 = CARTESIAN_POINT('',(1.591615728103E-12,17.750000000051,0.));
#8712 = VERTEX_POINT('',#8713);
#8713 = CARTESIAN_POINT('',(1.591615728103E-12,14.250000000051,0.));
#8714 = SURFACE_CURVE('',#8715,(#8720,#8731),.PCURVE_S1.);
#8715 = CIRCLE('',#8716,1.75);
#8716 = AXIS2_PLACEMENT_3D('',#8717,#8718,#8719);
#8717 = CARTESIAN_POINT('',(1.587677494221E-12,16.000000000051,0.));
#8718 = DIRECTION('',(0.,0.,-1.));
#8719 = DIRECTION('',(2.250419360907E-15,1.,0.));
#8720 = PCURVE('',#8588,#8721);
#8721 = DEFINITIONAL_REPRESENTATION('',(#8722),#8730);
#8722 = ( BOUNDED_CURVE() B_SPLINE_CURVE(2,(#8723,#8724,#8725,#8726,
#8727,#8728,#8729),.UNSPECIFIED.,.T.,.F.) B_SPLINE_CURVE_WITH_KNOTS((1,2
    ,2,2,2,1),(-2.094395102393,0.,2.094395102393,4.188790204786,
6.28318530718,8.377580409573),.UNSPECIFIED.) CURVE() 
GEOMETRIC_REPRESENTATION_ITEM() RATIONAL_B_SPLINE_CURVE((1.,0.5,1.,0.5,
1.,0.5,1.)) REPRESENTATION_ITEM('') );
#8723 = CARTESIAN_POINT('',(19.890000000002,37.640000000051));
#8724 = CARTESIAN_POINT('',(22.921088913247,37.640000000051));
#8725 = CARTESIAN_POINT('',(21.405544456624,35.015000000051));
#8726 = CARTESIAN_POINT('',(19.890000000002,32.390000000051));
#8727 = CARTESIAN_POINT('',(18.374455543379,35.015000000051));
#8728 = CARTESIAN_POINT('',(16.858911086756,37.640000000051));
#8729 = CARTESIAN_POINT('',(19.890000000002,37.640000000051));
#8730 = ( GEOMETRIC_REPRESENTATION_CONTEXT(2) 
PARAMETRIC_REPRESENTATION_CONTEXT() REPRESENTATION_CONTEXT('2D SPACE',''
  ) );
#8731 = PCURVE('',#8732,#8737);
#8732 = CYLINDRICAL_SURFACE('',#8733,1.75);
#8733 = AXIS2_PLACEMENT_3D('',#8734,#8735,#8736);
#8734 = CARTESIAN_POINT('',(1.587677494221E-12,16.000000000051,-6.5));
#8735 = DIRECTION('',(0.,0.,-1.));
#8736 = DIRECTION('',(-1.,0.,-0.));
#8737 = DEFINITIONAL_REPRESENTATION('',(#8738),#8742);
#8738 = LINE('',#8739,#8740);
#8739 = CARTESIAN_POINT('',(1.570796326795,-6.5));
#8740 = VECTOR('',#8741,1.);
#8741 = DIRECTION('',(1.,0.));
#8742 = ( GEOMETRIC_REPRESENTATION_CONTEXT(2) 
PARAMETRIC_REPRESENTATION_CONTEXT() REPRESENTATION_CONTEXT('2D SPACE',''
  ) );
#8743 = ORIENTED_EDGE('',*,*,#8744,.T.);
#8744 = EDGE_CURVE('',#8712,#8710,#8745,.T.);
#8745 = SURFACE_CURVE('',#8746,(#8751,#8762),.PCURVE_S1.);
#8746 = CIRCLE('',#8747,1.75);
#8747 = AXIS2_PLACEMENT_3D('',#8748,#8749,#8750);
#8748 = CARTESIAN_POINT('',(1.595213938023E-12,16.000000000051,0.));
#8749 = DIRECTION('',(0.,0.,-1.));
#8750 = DIRECTION('',(-2.05611995434E-15,-1.,-0.));
#8751 = PCURVE('',#8588,#8752);
#8752 = DEFINITIONAL_REPRESENTATION('',(#8753),#8761);
#8753 = ( BOUNDED_CURVE() B_SPLINE_CURVE(2,(#8754,#8755,#8756,#8757,
#8758,#8759,#8760),.UNSPECIFIED.,.T.,.F.) B_SPLINE_CURVE_WITH_KNOTS((1,2
    ,2,2,2,1),(-2.094395102393,0.,2.094395102393,4.188790204786,
6.28318530718,8.377580409573),.UNSPECIFIED.) CURVE() 
GEOMETRIC_REPRESENTATION_ITEM() RATIONAL_B_SPLINE_CURVE((1.,0.5,1.,0.5,
1.,0.5,1.)) REPRESENTATION_ITEM('') );
#8754 = CARTESIAN_POINT('',(19.890000000002,34.140000000051));
#8755 = CARTESIAN_POINT('',(16.858911086756,34.140000000051));
#8756 = CARTESIAN_POINT('',(18.374455543379,36.765000000051));
#8757 = CARTESIAN_POINT('',(19.890000000002,39.390000000051));
#8758 = CARTESIAN_POINT('',(21.405544456624,36.765000000051));
#8759 = CARTESIAN_POINT('',(22.921088913247,34.140000000051));
#8760 = CARTESIAN_POINT('',(19.890000000002,34.140000000051));
#8761 = ( GEOMETRIC_REPRESENTATION_CONTEXT(2) 
PARAMETRIC_REPRESENTATION_CONTEXT() REPRESENTATION_CONTEXT('2D SPACE',''
  ) );
#8762 = PCURVE('',#8763,#8768);
#8763 = CYLINDRICAL_SURFACE('',#8764,1.75);
#8764 = AXIS2_PLACEMENT_3D('',#8765,#8766,#8767);
#8765 = CARTESIAN_POINT('',(1.595213938023E-12,16.000000000051,-6.5));
#8766 = DIRECTION('',(0.,0.,-1.));
#8767 = DIRECTION('',(-1.,0.,-0.));
#8768 = DEFINITIONAL_REPRESENTATION('',(#8769),#8773);
#8769 = LINE('',#8770,#8771);
#8770 = CARTESIAN_POINT('',(-1.570796326795,-6.5));
#8771 = VECTOR('',#8772,1.);
#8772 = DIRECTION('',(1.,0.));
#8773 = ( GEOMETRIC_REPRESENTATION_CONTEXT(2) 
PARAMETRIC_REPRESENTATION_CONTEXT() REPRESENTATION_CONTEXT('2D SPACE',''
  ) );
#8774 = FACE_BOUND('',#8775,.T.);
#8775 = EDGE_LOOP('',(#8776,#8807));
#8776 = ORIENTED_EDGE('',*,*,#8777,.F.);
#8777 = EDGE_CURVE('',#8778,#8780,#8782,.T.);
#8778 = VERTEX_POINT('',#8779);
#8779 = CARTESIAN_POINT('',(-14.25,4.654054919229E-11,
    -3.552713678801E-15));
#8780 = VERTEX_POINT('',#8781);
#8781 = CARTESIAN_POINT('',(-17.75,5.843503458891E-11,
    -7.105427357601E-15));
#8782 = SURFACE_CURVE('',#8783,(#8788,#8795),.PCURVE_S1.);
#8783 = CIRCLE('',#8784,1.75);
#8784 = AXIS2_PLACEMENT_3D('',#8785,#8786,#8787);
#8785 = CARTESIAN_POINT('',(-16.,5.263700586511E-11,-3.552713678801E-15)
  );
#8786 = DIRECTION('',(0.,0.,1.));
#8787 = DIRECTION('',(1.,-3.483689527327E-12,0.));
#8788 = PCURVE('',#8588,#8789);
#8789 = DEFINITIONAL_REPRESENTATION('',(#8790),#8794);
#8790 = CIRCLE('',#8791,1.75);
#8791 = AXIS2_PLACEMENT_2D('',#8792,#8793);
#8792 = CARTESIAN_POINT('',(3.89,19.890000000053));
#8793 = DIRECTION('',(1.,-3.483689527327E-12));
#8794 = ( GEOMETRIC_REPRESENTATION_CONTEXT(2) 
PARAMETRIC_REPRESENTATION_CONTEXT() REPRESENTATION_CONTEXT('2D SPACE',''
  ) );
#8795 = PCURVE('',#8796,#8801);
#8796 = CYLINDRICAL_SURFACE('',#8797,1.75);
#8797 = AXIS2_PLACEMENT_3D('',#8798,#8799,#8800);
#8798 = CARTESIAN_POINT('',(-16.,5.229594535194E-11,-6.5));
#8799 = DIRECTION('',(0.,0.,1.));
#8800 = DIRECTION('',(1.,0.,-0.));
#8801 = DEFINITIONAL_REPRESENTATION('',(#8802),#8806);
#8802 = LINE('',#8803,#8804);
#8803 = CARTESIAN_POINT('',(0.,6.5));
#8804 = VECTOR('',#8805,1.);
#8805 = DIRECTION('',(1.,0.));
#8806 = ( GEOMETRIC_REPRESENTATION_CONTEXT(2) 
PARAMETRIC_REPRESENTATION_CONTEXT() REPRESENTATION_CONTEXT('2D SPACE',''
  ) );
#8807 = ORIENTED_EDGE('',*,*,#8808,.F.);
#8808 = EDGE_CURVE('',#8780,#8778,#8809,.T.);
#8809 = SURFACE_CURVE('',#8810,(#8815,#8822),.PCURVE_S1.);
#8810 = CIRCLE('',#8811,1.75);
#8811 = AXIS2_PLACEMENT_3D('',#8812,#8813,#8814);
#8812 = CARTESIAN_POINT('',(-16.,5.263703565906E-11,-3.552713678801E-15)
  );
#8813 = DIRECTION('',(0.,0.,1.));
#8814 = DIRECTION('',(-1.,3.288780780401E-12,0.));
#8815 = PCURVE('',#8588,#8816);
#8816 = DEFINITIONAL_REPRESENTATION('',(#8817),#8821);
#8817 = CIRCLE('',#8818,1.75);
#8818 = AXIS2_PLACEMENT_2D('',#8819,#8820);
#8819 = CARTESIAN_POINT('',(3.89,19.890000000053));
#8820 = DIRECTION('',(-1.,3.288780780401E-12));
#8821 = ( GEOMETRIC_REPRESENTATION_CONTEXT(2) 
PARAMETRIC_REPRESENTATION_CONTEXT() REPRESENTATION_CONTEXT('2D SPACE',''
  ) );
#8822 = PCURVE('',#8823,#8828);
#8823 = CYLINDRICAL_SURFACE('',#8824,1.75);
#8824 = AXIS2_PLACEMENT_3D('',#8825,#8826,#8827);
#8825 = CARTESIAN_POINT('',(-16.,5.229594535194E-11,-6.5));
#8826 = DIRECTION('',(0.,0.,1.));
#8827 = DIRECTION('',(1.,0.,-0.));
#8828 = DEFINITIONAL_REPRESENTATION('',(#8829),#8833);
#8829 = LINE('',#8830,#8831);
#8830 = CARTESIAN_POINT('',(3.141592653586,6.5));
#8831 = VECTOR('',#8832,1.);
#8832 = DIRECTION('',(1.,0.));
#8833 = ( GEOMETRIC_REPRESENTATION_CONTEXT(2) 
PARAMETRIC_REPRESENTATION_CONTEXT() REPRESENTATION_CONTEXT('2D SPACE',''
  ) );
#8834 = FACE_BOUND('',#8835,.T.);
#8835 = EDGE_LOOP('',(#8836,#8867));
#8836 = ORIENTED_EDGE('',*,*,#8837,.F.);
#8837 = EDGE_CURVE('',#8838,#8840,#8842,.T.);
#8838 = VERTEX_POINT('',#8839);
#8839 = CARTESIAN_POINT('',(-4.547473508865E-11,-14.24999999994,
    3.552713678801E-15));
#8840 = VERTEX_POINT('',#8841);
#8841 = CARTESIAN_POINT('',(-5.684341886081E-11,-17.74999999994,
    7.105427357601E-15));
#8842 = SURFACE_CURVE('',#8843,(#8848,#8855),.PCURVE_S1.);
#8843 = CIRCLE('',#8844,1.75);
#8844 = AXIS2_PLACEMENT_3D('',#8845,#8846,#8847);
#8845 = CARTESIAN_POINT('',(-5.104558994293E-11,-15.99999999994,
    3.552713678801E-15));
#8846 = DIRECTION('',(0.,0.,1.));
#8847 = DIRECTION('',(3.183345631017E-12,1.,-0.));
#8848 = PCURVE('',#8588,#8849);
#8849 = DEFINITIONAL_REPRESENTATION('',(#8850),#8854);
#8850 = CIRCLE('',#8851,1.75);
#8851 = AXIS2_PLACEMENT_2D('',#8852,#8853);
#8852 = CARTESIAN_POINT('',(19.889999999949,3.890000000051));
#8853 = DIRECTION('',(3.183345631017E-12,1.));
#8854 = ( GEOMETRIC_REPRESENTATION_CONTEXT(2) 
PARAMETRIC_REPRESENTATION_CONTEXT() REPRESENTATION_CONTEXT('2D SPACE',''
  ) );
#8855 = PCURVE('',#8856,#8861);
#8856 = CYLINDRICAL_SURFACE('',#8857,1.75);
#8857 = AXIS2_PLACEMENT_3D('',#8858,#8859,#8860);
#8858 = CARTESIAN_POINT('',(-5.127276381245E-11,-15.99999999994,-6.5));
#8859 = DIRECTION('',(0.,0.,1.));
#8860 = DIRECTION('',(1.,0.,-0.));
#8861 = DEFINITIONAL_REPRESENTATION('',(#8862),#8866);
#8862 = LINE('',#8863,#8864);
#8863 = CARTESIAN_POINT('',(1.570796326792,6.5));
#8864 = VECTOR('',#8865,1.);
#8865 = DIRECTION('',(1.,0.));
#8866 = ( GEOMETRIC_REPRESENTATION_CONTEXT(2) 
PARAMETRIC_REPRESENTATION_CONTEXT() REPRESENTATION_CONTEXT('2D SPACE',''
  ) );
#8867 = ORIENTED_EDGE('',*,*,#8868,.F.);
#8868 = EDGE_CURVE('',#8840,#8838,#8869,.T.);
#8869 = SURFACE_CURVE('',#8870,(#8875,#8882),.PCURVE_S1.);
#8870 = CIRCLE('',#8871,1.75);
#8871 = AXIS2_PLACEMENT_3D('',#8872,#8873,#8874);
#8872 = CARTESIAN_POINT('',(-5.104716649384E-11,-15.99999999994,
    3.552713678801E-15));
#8873 = DIRECTION('',(0.,0.,1.));
#8874 = DIRECTION('',(-3.312144209693E-12,-1.,0.));
#8875 = PCURVE('',#8588,#8876);
#8876 = DEFINITIONAL_REPRESENTATION('',(#8877),#8881);
#8877 = CIRCLE('',#8878,1.75);
#8878 = AXIS2_PLACEMENT_2D('',#8879,#8880);
#8879 = CARTESIAN_POINT('',(19.889999999949,3.890000000051));
#8880 = DIRECTION('',(-3.312144209693E-12,-1.));
#8881 = ( GEOMETRIC_REPRESENTATION_CONTEXT(2) 
PARAMETRIC_REPRESENTATION_CONTEXT() REPRESENTATION_CONTEXT('2D SPACE',''
  ) );
#8882 = PCURVE('',#8883,#8888);
#8883 = CYLINDRICAL_SURFACE('',#8884,1.75);
#8884 = AXIS2_PLACEMENT_3D('',#8885,#8886,#8887);
#8885 = CARTESIAN_POINT('',(-5.127276381245E-11,-15.99999999994,-6.5));
#8886 = DIRECTION('',(0.,0.,1.));
#8887 = DIRECTION('',(1.,0.,-0.));
#8888 = DEFINITIONAL_REPRESENTATION('',(#8889),#8893);
#8889 = LINE('',#8890,#8891);
#8890 = CARTESIAN_POINT('',(4.712388980382,6.5));
#8891 = VECTOR('',#8892,1.);
#8892 = DIRECTION('',(1.,0.));
#8893 = ( GEOMETRIC_REPRESENTATION_CONTEXT(2) 
PARAMETRIC_REPRESENTATION_CONTEXT() REPRESENTATION_CONTEXT('2D SPACE',''
  ) );
#8894 = ADVANCED_FACE('',(#8895),#8627,.T.);
#8895 = FACE_BOUND('',#8896,.T.);
#8896 = EDGE_LOOP('',(#8897,#8919,#8952,#8972));
#8897 = ORIENTED_EDGE('',*,*,#8898,.T.);
#8898 = EDGE_CURVE('',#8579,#8899,#8901,.T.);
#8899 = VERTEX_POINT('',#8900);
#8900 = CARTESIAN_POINT('',(-19.5,0.,-5.));
#8901 = SURFACE_CURVE('',#8902,(#8905,#8912),.PCURVE_S1.);
#8902 = B_SPLINE_CURVE_WITH_KNOTS('',1,(#8903,#8904),.UNSPECIFIED.,.F.,
  .F.,(2,2),(0.,5.),.PIECEWISE_BEZIER_KNOTS.);
#8903 = CARTESIAN_POINT('',(-19.5,0.,0.));
#8904 = CARTESIAN_POINT('',(-19.5,0.,-5.));
#8905 = PCURVE('',#8627,#8906);
#8906 = DEFINITIONAL_REPRESENTATION('',(#8907),#8911);
#8907 = LINE('',#8908,#8909);
#8908 = CARTESIAN_POINT('',(6.28318530718,-2.5));
#8909 = VECTOR('',#8910,1.);
#8910 = DIRECTION('',(0.,1.));
#8911 = ( GEOMETRIC_REPRESENTATION_CONTEXT(2) 
PARAMETRIC_REPRESENTATION_CONTEXT() REPRESENTATION_CONTEXT('2D SPACE',''
  ) );
#8912 = PCURVE('',#8600,#8913);
#8913 = DEFINITIONAL_REPRESENTATION('',(#8914),#8918);
#8914 = LINE('',#8915,#8916);
#8915 = CARTESIAN_POINT('',(0.,-2.5));
#8916 = VECTOR('',#8917,1.);
#8917 = DIRECTION('',(0.,1.));
#8918 = ( GEOMETRIC_REPRESENTATION_CONTEXT(2) 
PARAMETRIC_REPRESENTATION_CONTEXT() REPRESENTATION_CONTEXT('2D SPACE',''
  ) );
#8919 = ORIENTED_EDGE('',*,*,#8920,.T.);
#8920 = EDGE_CURVE('',#8899,#8921,#8923,.T.);
#8921 = VERTEX_POINT('',#8922);
#8922 = CARTESIAN_POINT('',(19.5,0.,-5.));
#8923 = SURFACE_CURVE('',#8924,(#8929,#8936),.PCURVE_S1.);
#8924 = CIRCLE('',#8925,19.5);
#8925 = AXIS2_PLACEMENT_3D('',#8926,#8927,#8928);
#8926 = CARTESIAN_POINT('',(0.,0.,-5.));
#8927 = DIRECTION('',(0.,0.,1.));
#8928 = DIRECTION('',(-1.,0.,0.));
#8929 = PCURVE('',#8627,#8930);
#8930 = DEFINITIONAL_REPRESENTATION('',(#8931),#8935);
#8931 = LINE('',#8932,#8933);
#8932 = CARTESIAN_POINT('',(6.28318530718,2.5));
#8933 = VECTOR('',#8934,1.);
#8934 = DIRECTION('',(-1.,0.));
#8935 = ( GEOMETRIC_REPRESENTATION_CONTEXT(2) 
PARAMETRIC_REPRESENTATION_CONTEXT() REPRESENTATION_CONTEXT('2D SPACE',''
  ) );
#8936 = PCURVE('',#8937,#8942);
#8937 = PLANE('',#8938);
#8938 = AXIS2_PLACEMENT_3D('',#8939,#8940,#8941);
#8939 = CARTESIAN_POINT('',(-19.89,-19.89,-5.));
#8940 = DIRECTION('',(0.,0.,-1.));
#8941 = DIRECTION('',(-1.,0.,-0.));
#8942 = DEFINITIONAL_REPRESENTATION('',(#8943),#8951);
#8943 = ( BOUNDED_CURVE() B_SPLINE_CURVE(2,(#8944,#8945,#8946,#8947,
#8948,#8949,#8950),.UNSPECIFIED.,.T.,.F.) B_SPLINE_CURVE_WITH_KNOTS((1,2
    ,2,2,2,1),(-2.094395102393,0.,2.094395102393,4.188790204786,
6.28318530718,8.377580409573),.UNSPECIFIED.) CURVE() 
GEOMETRIC_REPRESENTATION_ITEM() RATIONAL_B_SPLINE_CURVE((1.,0.5,1.,0.5,
1.,0.5,1.)) REPRESENTATION_ITEM('') );
#8944 = CARTESIAN_POINT('',(-0.39,19.89));
#8945 = CARTESIAN_POINT('',(-0.39,-13.88499074759));
#8946 = CARTESIAN_POINT('',(-29.64,3.002504626203));
#8947 = CARTESIAN_POINT('',(-58.89,19.89));
#8948 = CARTESIAN_POINT('',(-29.64,36.777495373797));
#8949 = CARTESIAN_POINT('',(-0.39,53.664990747593));
#8950 = CARTESIAN_POINT('',(-0.39,19.89));
#8951 = ( GEOMETRIC_REPRESENTATION_CONTEXT(2) 
PARAMETRIC_REPRESENTATION_CONTEXT() REPRESENTATION_CONTEXT('2D SPACE',''
  ) );
#8952 = ORIENTED_EDGE('',*,*,#8953,.F.);
#8953 = EDGE_CURVE('',#8577,#8921,#8954,.T.);
#8954 = SURFACE_CURVE('',#8955,(#8958,#8965),.PCURVE_S1.);
#8955 = B_SPLINE_CURVE_WITH_KNOTS('',1,(#8956,#8957),.UNSPECIFIED.,.F.,
  .F.,(2,2),(0.,5.),.PIECEWISE_BEZIER_KNOTS.);
#8956 = CARTESIAN_POINT('',(19.5,0.,0.));
#8957 = CARTESIAN_POINT('',(19.5,0.,-5.));
#8958 = PCURVE('',#8627,#8959);
#8959 = DEFINITIONAL_REPRESENTATION('',(#8960),#8964);
#8960 = LINE('',#8961,#8962);
#8961 = CARTESIAN_POINT('',(3.14159265359,-2.5));
#8962 = VECTOR('',#8963,1.);
#8963 = DIRECTION('',(0.,1.));
#8964 = ( GEOMETRIC_REPRESENTATION_CONTEXT(2) 
PARAMETRIC_REPRESENTATION_CONTEXT() REPRESENTATION_CONTEXT('2D SPACE',''
  ) );
#8965 = PCURVE('',#8600,#8966);
#8966 = DEFINITIONAL_REPRESENTATION('',(#8967),#8971);
#8967 = LINE('',#8968,#8969);
#8968 = CARTESIAN_POINT('',(3.14159265359,-2.5));
#8969 = VECTOR('',#8970,1.);
#8970 = DIRECTION('',(0.,1.));
#8971 = ( GEOMETRIC_REPRESENTATION_CONTEXT(2) 
PARAMETRIC_REPRESENTATION_CONTEXT() REPRESENTATION_CONTEXT('2D SPACE',''
  ) );
#8972 = ORIENTED_EDGE('',*,*,#8612,.F.);
#8973 = ADVANCED_FACE('',(#8974,#9003,#9053,#9103,#9161),#8937,.T.);
#8974 = FACE_BOUND('',#8975,.T.);
#8975 = EDGE_LOOP('',(#8976,#8977));
#8976 = ORIENTED_EDGE('',*,*,#8920,.F.);
#8977 = ORIENTED_EDGE('',*,*,#8978,.F.);
#8978 = EDGE_CURVE('',#8921,#8899,#8979,.T.);
#8979 = SURFACE_CURVE('',#8980,(#8985,#8996),.PCURVE_S1.);
#8980 = CIRCLE('',#8981,19.5);
#8981 = AXIS2_PLACEMENT_3D('',#8982,#8983,#8984);
#8982 = CARTESIAN_POINT('',(0.,0.,-5.));
#8983 = DIRECTION('',(0.,0.,1.));
#8984 = DIRECTION('',(1.,0.,-0.));
#8985 = PCURVE('',#8937,#8986);
#8986 = DEFINITIONAL_REPRESENTATION('',(#8987),#8995);
#8987 = ( BOUNDED_CURVE() B_SPLINE_CURVE(2,(#8988,#8989,#8990,#8991,
#8992,#8993,#8994),.UNSPECIFIED.,.T.,.F.) B_SPLINE_CURVE_WITH_KNOTS((1,2
    ,2,2,2,1),(-2.094395102393,0.,2.094395102393,4.188790204786,
6.28318530718,8.377580409573),.UNSPECIFIED.) CURVE() 
GEOMETRIC_REPRESENTATION_ITEM() RATIONAL_B_SPLINE_CURVE((1.,0.5,1.,0.5,
1.,0.5,1.)) REPRESENTATION_ITEM('') );
#8988 = CARTESIAN_POINT('',(-39.39,19.89));
#8989 = CARTESIAN_POINT('',(-39.39,53.664990747593));
#8990 = CARTESIAN_POINT('',(-10.14,36.777495373797));
#8991 = CARTESIAN_POINT('',(19.11,19.89));
#8992 = CARTESIAN_POINT('',(-10.14,3.002504626203));
#8993 = CARTESIAN_POINT('',(-39.39,-13.88499074759));
#8994 = CARTESIAN_POINT('',(-39.39,19.89));
#8995 = ( GEOMETRIC_REPRESENTATION_CONTEXT(2) 
PARAMETRIC_REPRESENTATION_CONTEXT() REPRESENTATION_CONTEXT('2D SPACE',''
  ) );
#8996 = PCURVE('',#8600,#8997);
#8997 = DEFINITIONAL_REPRESENTATION('',(#8998),#9002);
#8998 = LINE('',#8999,#9000);
#8999 = CARTESIAN_POINT('',(3.14159265359,2.5));
#9000 = VECTOR('',#9001,1.);
#9001 = DIRECTION('',(-1.,0.));
#9002 = ( GEOMETRIC_REPRESENTATION_CONTEXT(2) 
PARAMETRIC_REPRESENTATION_CONTEXT() REPRESENTATION_CONTEXT('2D SPACE',''
  ) );
#9003 = FACE_BOUND('',#9004,.T.);
#9004 = EDGE_LOOP('',(#9005,#9031));
#9005 = ORIENTED_EDGE('',*,*,#9006,.F.);
#9006 = EDGE_CURVE('',#9007,#9009,#9011,.T.);
#9007 = VERTEX_POINT('',#9008);
#9008 = CARTESIAN_POINT('',(14.25,0.,-5.));
#9009 = VERTEX_POINT('',#9010);
#9010 = CARTESIAN_POINT('',(17.75,0.,-5.));
#9011 = SURFACE_CURVE('',#9012,(#9017,#9024),.PCURVE_S1.);
#9012 = CIRCLE('',#9013,1.75);
#9013 = AXIS2_PLACEMENT_3D('',#9014,#9015,#9016);
#9014 = CARTESIAN_POINT('',(16.,0.,-5.));
#9015 = DIRECTION('',(0.,0.,-1.));
#9016 = DIRECTION('',(-1.,0.,0.));
#9017 = PCURVE('',#8937,#9018);
#9018 = DEFINITIONAL_REPRESENTATION('',(#9019),#9023);
#9019 = CIRCLE('',#9020,1.75);
#9020 = AXIS2_PLACEMENT_2D('',#9021,#9022);
#9021 = CARTESIAN_POINT('',(-35.89,19.89));
#9022 = DIRECTION('',(1.,0.));
#9023 = ( GEOMETRIC_REPRESENTATION_CONTEXT(2) 
PARAMETRIC_REPRESENTATION_CONTEXT() REPRESENTATION_CONTEXT('2D SPACE',''
  ) );
#9024 = PCURVE('',#8695,#9025);
#9025 = DEFINITIONAL_REPRESENTATION('',(#9026),#9030);
#9026 = LINE('',#9027,#9028);
#9027 = CARTESIAN_POINT('',(0.,-1.5));
#9028 = VECTOR('',#9029,1.);
#9029 = DIRECTION('',(1.,0.));
#9030 = ( GEOMETRIC_REPRESENTATION_CONTEXT(2) 
PARAMETRIC_REPRESENTATION_CONTEXT() REPRESENTATION_CONTEXT('2D SPACE',''
  ) );
#9031 = ORIENTED_EDGE('',*,*,#9032,.F.);
#9032 = EDGE_CURVE('',#9009,#9007,#9033,.T.);
#9033 = SURFACE_CURVE('',#9034,(#9039,#9046),.PCURVE_S1.);
#9034 = CIRCLE('',#9035,1.75);
#9035 = AXIS2_PLACEMENT_3D('',#9036,#9037,#9038);
#9036 = CARTESIAN_POINT('',(16.,0.,-5.));
#9037 = DIRECTION('',(0.,0.,-1.));
#9038 = DIRECTION('',(1.,0.,0.));
#9039 = PCURVE('',#8937,#9040);
#9040 = DEFINITIONAL_REPRESENTATION('',(#9041),#9045);
#9041 = CIRCLE('',#9042,1.75);
#9042 = AXIS2_PLACEMENT_2D('',#9043,#9044);
#9043 = CARTESIAN_POINT('',(-35.89,19.89));
#9044 = DIRECTION('',(-1.,0.));
#9045 = ( GEOMETRIC_REPRESENTATION_CONTEXT(2) 
PARAMETRIC_REPRESENTATION_CONTEXT() REPRESENTATION_CONTEXT('2D SPACE',''
  ) );
#9046 = PCURVE('',#8664,#9047);
#9047 = DEFINITIONAL_REPRESENTATION('',(#9048),#9052);
#9048 = LINE('',#9049,#9050);
#9049 = CARTESIAN_POINT('',(3.14159265359,-1.5));
#9050 = VECTOR('',#9051,1.);
#9051 = DIRECTION('',(1.,0.));
#9052 = ( GEOMETRIC_REPRESENTATION_CONTEXT(2) 
PARAMETRIC_REPRESENTATION_CONTEXT() REPRESENTATION_CONTEXT('2D SPACE',''
  ) );
#9053 = FACE_BOUND('',#9054,.T.);
#9054 = EDGE_LOOP('',(#9055,#9081));
#9055 = ORIENTED_EDGE('',*,*,#9056,.F.);
#9056 = EDGE_CURVE('',#9057,#9059,#9061,.T.);
#9057 = VERTEX_POINT('',#9058);
#9058 = CARTESIAN_POINT('',(1.591615728103E-12,14.250000000051,-5.));
#9059 = VERTEX_POINT('',#9060);
#9060 = CARTESIAN_POINT('',(1.477928890381E-12,17.750000000051,-5.));
#9061 = SURFACE_CURVE('',#9062,(#9067,#9074),.PCURVE_S1.);
#9062 = CIRCLE('',#9063,1.75);
#9063 = AXIS2_PLACEMENT_3D('',#9064,#9065,#9066);
#9064 = CARTESIAN_POINT('',(1.595213938023E-12,16.000000000051,-5.));
#9065 = DIRECTION('',(0.,0.,-1.));
#9066 = DIRECTION('',(-2.05611995434E-15,-1.,-0.));
#9067 = PCURVE('',#8937,#9068);
#9068 = DEFINITIONAL_REPRESENTATION('',(#9069),#9073);
#9069 = CIRCLE('',#9070,1.75);
#9070 = AXIS2_PLACEMENT_2D('',#9071,#9072);
#9071 = CARTESIAN_POINT('',(-19.89,35.890000000051));
#9072 = DIRECTION('',(2.05611995434E-15,-1.));
#9073 = ( GEOMETRIC_REPRESENTATION_CONTEXT(2) 
PARAMETRIC_REPRESENTATION_CONTEXT() REPRESENTATION_CONTEXT('2D SPACE',''
  ) );
#9074 = PCURVE('',#8763,#9075);
#9075 = DEFINITIONAL_REPRESENTATION('',(#9076),#9080);
#9076 = LINE('',#9077,#9078);
#9077 = CARTESIAN_POINT('',(-1.570796326795,-1.5));
#9078 = VECTOR('',#9079,1.);
#9079 = DIRECTION('',(1.,0.));
#9080 = ( GEOMETRIC_REPRESENTATION_CONTEXT(2) 
PARAMETRIC_REPRESENTATION_CONTEXT() REPRESENTATION_CONTEXT('2D SPACE',''
  ) );
#9081 = ORIENTED_EDGE('',*,*,#9082,.F.);
#9082 = EDGE_CURVE('',#9059,#9057,#9083,.T.);
#9083 = SURFACE_CURVE('',#9084,(#9089,#9096),.PCURVE_S1.);
#9084 = CIRCLE('',#9085,1.75);
#9085 = AXIS2_PLACEMENT_3D('',#9086,#9087,#9088);
#9086 = CARTESIAN_POINT('',(1.587677494221E-12,16.000000000051,-5.));
#9087 = DIRECTION('',(0.,0.,-1.));
#9088 = DIRECTION('',(2.250419360907E-15,1.,0.));
#9089 = PCURVE('',#8937,#9090);
#9090 = DEFINITIONAL_REPRESENTATION('',(#9091),#9095);
#9091 = CIRCLE('',#9092,1.75);
#9092 = AXIS2_PLACEMENT_2D('',#9093,#9094);
#9093 = CARTESIAN_POINT('',(-19.89,35.890000000051));
#9094 = DIRECTION('',(-2.250419360907E-15,1.));
#9095 = ( GEOMETRIC_REPRESENTATION_CONTEXT(2) 
PARAMETRIC_REPRESENTATION_CONTEXT() REPRESENTATION_CONTEXT('2D SPACE',''
  ) );
#9096 = PCURVE('',#8732,#9097);
#9097 = DEFINITIONAL_REPRESENTATION('',(#9098),#9102);
#9098 = LINE('',#9099,#9100);
#9099 = CARTESIAN_POINT('',(1.570796326795,-1.5));
#9100 = VECTOR('',#9101,1.);
#9101 = DIRECTION('',(1.,0.));
#9102 = ( GEOMETRIC_REPRESENTATION_CONTEXT(2) 
PARAMETRIC_REPRESENTATION_CONTEXT() REPRESENTATION_CONTEXT('2D SPACE',''
  ) );
#9103 = FACE_BOUND('',#9104,.T.);
#9104 = EDGE_LOOP('',(#9105,#9135));
#9105 = ORIENTED_EDGE('',*,*,#9106,.T.);
#9106 = EDGE_CURVE('',#9107,#9109,#9111,.T.);
#9107 = VERTEX_POINT('',#9108);
#9108 = CARTESIAN_POINT('',(-17.75,5.843503458891E-11,-5.));
#9109 = VERTEX_POINT('',#9110);
#9110 = CARTESIAN_POINT('',(-14.25,4.654054919229E-11,-5.));
#9111 = SURFACE_CURVE('',#9112,(#9117,#9128),.PCURVE_S1.);
#9112 = CIRCLE('',#9113,1.75);
#9113 = AXIS2_PLACEMENT_3D('',#9114,#9115,#9116);
#9114 = CARTESIAN_POINT('',(-16.,5.263703565906E-11,-5.));
#9115 = DIRECTION('',(0.,0.,1.));
#9116 = DIRECTION('',(-1.,3.288780780401E-12,0.));
#9117 = PCURVE('',#8937,#9118);
#9118 = DEFINITIONAL_REPRESENTATION('',(#9119),#9127);
#9119 = ( BOUNDED_CURVE() B_SPLINE_CURVE(2,(#9120,#9121,#9122,#9123,
#9124,#9125,#9126),.UNSPECIFIED.,.T.,.F.) B_SPLINE_CURVE_WITH_KNOTS((1,2
    ,2,2,2,1),(-2.094395102393,0.,2.094395102393,4.188790204786,
6.28318530718,8.377580409573),.UNSPECIFIED.) CURVE() 
GEOMETRIC_REPRESENTATION_ITEM() RATIONAL_B_SPLINE_CURVE((1.,0.5,1.,0.5,
1.,0.5,1.)) REPRESENTATION_ITEM('') );
#9120 = CARTESIAN_POINT('',(-2.14,19.890000000058));
#9121 = CARTESIAN_POINT('',(-2.13999999999,16.858911086813));
#9122 = CARTESIAN_POINT('',(-4.764999999995,18.374455543427));
#9123 = CARTESIAN_POINT('',(-7.39,19.890000000041));
#9124 = CARTESIAN_POINT('',(-4.765000000005,21.405544456673));
#9125 = CARTESIAN_POINT('',(-2.14000000001,22.921088913304));
#9126 = CARTESIAN_POINT('',(-2.14,19.890000000058));
#9127 = ( GEOMETRIC_REPRESENTATION_CONTEXT(2) 
PARAMETRIC_REPRESENTATION_CONTEXT() REPRESENTATION_CONTEXT('2D SPACE',''
  ) );
#9128 = PCURVE('',#8823,#9129);
#9129 = DEFINITIONAL_REPRESENTATION('',(#9130),#9134);
#9130 = LINE('',#9131,#9132);
#9131 = CARTESIAN_POINT('',(3.141592653586,1.5));
#9132 = VECTOR('',#9133,1.);
#9133 = DIRECTION('',(1.,0.));
#9134 = ( GEOMETRIC_REPRESENTATION_CONTEXT(2) 
PARAMETRIC_REPRESENTATION_CONTEXT() REPRESENTATION_CONTEXT('2D SPACE',''
  ) );
#9135 = ORIENTED_EDGE('',*,*,#9136,.T.);
#9136 = EDGE_CURVE('',#9109,#9107,#9137,.T.);
#9137 = SURFACE_CURVE('',#9138,(#9143,#9154),.PCURVE_S1.);
#9138 = CIRCLE('',#9139,1.75);
#9139 = AXIS2_PLACEMENT_3D('',#9140,#9141,#9142);
#9140 = CARTESIAN_POINT('',(-16.,5.263700586511E-11,-5.));
#9141 = DIRECTION('',(0.,0.,1.));
#9142 = DIRECTION('',(1.,-3.483689527327E-12,0.));
#9143 = PCURVE('',#8937,#9144);
#9144 = DEFINITIONAL_REPRESENTATION('',(#9145),#9153);
#9145 = ( BOUNDED_CURVE() B_SPLINE_CURVE(2,(#9146,#9147,#9148,#9149,
#9150,#9151,#9152),.UNSPECIFIED.,.T.,.F.) B_SPLINE_CURVE_WITH_KNOTS((1,2
    ,2,2,2,1),(-2.094395102393,0.,2.094395102393,4.188790204786,
6.28318530718,8.377580409573),.UNSPECIFIED.) CURVE() 
GEOMETRIC_REPRESENTATION_ITEM() RATIONAL_B_SPLINE_CURVE((1.,0.5,1.,0.5,
1.,0.5,1.)) REPRESENTATION_ITEM('') );
#9146 = CARTESIAN_POINT('',(-5.64,19.890000000047));
#9147 = CARTESIAN_POINT('',(-5.640000000011,22.921088913292));
#9148 = CARTESIAN_POINT('',(-3.015000000005,21.405544456678));
#9149 = CARTESIAN_POINT('',(-0.39,19.890000000065));
#9150 = CARTESIAN_POINT('',(-3.014999999995,18.374455543433));
#9151 = CARTESIAN_POINT('',(-5.639999999989,16.858911086801));
#9152 = CARTESIAN_POINT('',(-5.64,19.890000000047));
#9153 = ( GEOMETRIC_REPRESENTATION_CONTEXT(2) 
PARAMETRIC_REPRESENTATION_CONTEXT() REPRESENTATION_CONTEXT('2D SPACE',''
  ) );
#9154 = PCURVE('',#8796,#9155);
#9155 = DEFINITIONAL_REPRESENTATION('',(#9156),#9160);
#9156 = LINE('',#9157,#9158);
#9157 = CARTESIAN_POINT('',(0.,1.5));
#9158 = VECTOR('',#9159,1.);
#9159 = DIRECTION('',(1.,0.));
#9160 = ( GEOMETRIC_REPRESENTATION_CONTEXT(2) 
PARAMETRIC_REPRESENTATION_CONTEXT() REPRESENTATION_CONTEXT('2D SPACE',''
  ) );
#9161 = FACE_BOUND('',#9162,.T.);
#9162 = EDGE_LOOP('',(#9163,#9193));
#9163 = ORIENTED_EDGE('',*,*,#9164,.T.);
#9164 = EDGE_CURVE('',#9165,#9167,#9169,.T.);
#9165 = VERTEX_POINT('',#9166);
#9166 = CARTESIAN_POINT('',(-5.684341886081E-11,-17.74999999994,-5.));
#9167 = VERTEX_POINT('',#9168);
#9168 = CARTESIAN_POINT('',(-4.547473508865E-11,-14.24999999994,-5.));
#9169 = SURFACE_CURVE('',#9170,(#9175,#9186),.PCURVE_S1.);
#9170 = CIRCLE('',#9171,1.75);
#9171 = AXIS2_PLACEMENT_3D('',#9172,#9173,#9174);
#9172 = CARTESIAN_POINT('',(-5.104716649384E-11,-15.99999999994,-5.));
#9173 = DIRECTION('',(0.,0.,1.));
#9174 = DIRECTION('',(-3.312144209693E-12,-1.,0.));
#9175 = PCURVE('',#8937,#9176);
#9176 = DEFINITIONAL_REPRESENTATION('',(#9177),#9185);
#9177 = ( BOUNDED_CURVE() B_SPLINE_CURVE(2,(#9178,#9179,#9180,#9181,
#9182,#9183,#9184),.UNSPECIFIED.,.T.,.F.) B_SPLINE_CURVE_WITH_KNOTS((1,2
    ,2,2,2,1),(-2.094395102393,0.,2.094395102393,4.188790204786,
6.28318530718,8.377580409573),.UNSPECIFIED.) CURVE() 
GEOMETRIC_REPRESENTATION_ITEM() RATIONAL_B_SPLINE_CURVE((1.,0.5,1.,0.5,
1.,0.5,1.)) REPRESENTATION_ITEM('') );
#9178 = CARTESIAN_POINT('',(-19.88999999994,2.140000000051));
#9179 = CARTESIAN_POINT('',(-22.92108891318,2.140000000041));
#9180 = CARTESIAN_POINT('',(-21.40554445657,4.765000000046));
#9181 = CARTESIAN_POINT('',(-19.88999999996,7.390000000051));
#9182 = CARTESIAN_POINT('',(-18.37445554332,4.765000000056));
#9183 = CARTESIAN_POINT('',(-16.85891108669,2.140000000061));
#9184 = CARTESIAN_POINT('',(-19.88999999994,2.140000000051));
#9185 = ( GEOMETRIC_REPRESENTATION_CONTEXT(2) 
PARAMETRIC_REPRESENTATION_CONTEXT() REPRESENTATION_CONTEXT('2D SPACE',''
  ) );
#9186 = PCURVE('',#8883,#9187);
#9187 = DEFINITIONAL_REPRESENTATION('',(#9188),#9192);
#9188 = LINE('',#9189,#9190);
#9189 = CARTESIAN_POINT('',(4.712388980382,1.5));
#9190 = VECTOR('',#9191,1.);
#9191 = DIRECTION('',(1.,0.));
#9192 = ( GEOMETRIC_REPRESENTATION_CONTEXT(2) 
PARAMETRIC_REPRESENTATION_CONTEXT() REPRESENTATION_CONTEXT('2D SPACE',''
  ) );
#9193 = ORIENTED_EDGE('',*,*,#9194,.T.);
#9194 = EDGE_CURVE('',#9167,#9165,#9195,.T.);
#9195 = SURFACE_CURVE('',#9196,(#9201,#9212),.PCURVE_S1.);
#9196 = CIRCLE('',#9197,1.75);
#9197 = AXIS2_PLACEMENT_3D('',#9198,#9199,#9200);
#9198 = CARTESIAN_POINT('',(-5.104558994293E-11,-15.99999999994,-5.));
#9199 = DIRECTION('',(0.,0.,1.));
#9200 = DIRECTION('',(3.183345631017E-12,1.,-0.));
#9201 = PCURVE('',#8937,#9202);
#9202 = DEFINITIONAL_REPRESENTATION('',(#9203),#9211);
#9203 = ( BOUNDED_CURVE() B_SPLINE_CURVE(2,(#9204,#9205,#9206,#9207,
#9208,#9209,#9210),.UNSPECIFIED.,.T.,.F.) B_SPLINE_CURVE_WITH_KNOTS((1,2
    ,2,2,2,1),(-2.094395102393,0.,2.094395102393,4.188790204786,
6.28318530718,8.377580409573),.UNSPECIFIED.) CURVE() 
GEOMETRIC_REPRESENTATION_ITEM() RATIONAL_B_SPLINE_CURVE((1.,0.5,1.,0.5,
1.,0.5,1.)) REPRESENTATION_ITEM('') );
#9204 = CARTESIAN_POINT('',(-19.88999999995,5.640000000051));
#9205 = CARTESIAN_POINT('',(-16.8589110867,5.640000000061));
#9206 = CARTESIAN_POINT('',(-18.37445554332,3.015000000056));
#9207 = CARTESIAN_POINT('',(-19.88999999993,0.390000000051));
#9208 = CARTESIAN_POINT('',(-21.40554445656,3.015000000046));
#9209 = CARTESIAN_POINT('',(-22.9210889132,5.640000000042));
#9210 = CARTESIAN_POINT('',(-19.88999999995,5.640000000051));
#9211 = ( GEOMETRIC_REPRESENTATION_CONTEXT(2) 
PARAMETRIC_REPRESENTATION_CONTEXT() REPRESENTATION_CONTEXT('2D SPACE',''
  ) );
#9212 = PCURVE('',#8856,#9213);
#9213 = DEFINITIONAL_REPRESENTATION('',(#9214),#9218);
#9214 = LINE('',#9215,#9216);
#9215 = CARTESIAN_POINT('',(1.570796326792,1.5));
#9216 = VECTOR('',#9217,1.);
#9217 = DIRECTION('',(1.,0.));
#9218 = ( GEOMETRIC_REPRESENTATION_CONTEXT(2) 
PARAMETRIC_REPRESENTATION_CONTEXT() REPRESENTATION_CONTEXT('2D SPACE',''
  ) );
#9219 = ADVANCED_FACE('',(#9220),#8664,.F.);
#9220 = FACE_BOUND('',#9221,.F.);
#9221 = EDGE_LOOP('',(#9222,#9242,#9243,#9263));
#9222 = ORIENTED_EDGE('',*,*,#9223,.T.);
#9223 = EDGE_CURVE('',#8644,#9007,#9224,.T.);
#9224 = SURFACE_CURVE('',#9225,(#9228,#9235),.PCURVE_S1.);
#9225 = B_SPLINE_CURVE_WITH_KNOTS('',1,(#9226,#9227),.UNSPECIFIED.,.F.,
  .F.,(2,2),(4.,9.),.PIECEWISE_BEZIER_KNOTS.);
#9226 = CARTESIAN_POINT('',(14.25,0.,0.));
#9227 = CARTESIAN_POINT('',(14.25,0.,-5.));
#9228 = PCURVE('',#8664,#9229);
#9229 = DEFINITIONAL_REPRESENTATION('',(#9230),#9234);
#9230 = LINE('',#9231,#9232);
#9231 = CARTESIAN_POINT('',(6.28318530718,-10.5));
#9232 = VECTOR('',#9233,1.);
#9233 = DIRECTION('',(0.,1.));
#9234 = ( GEOMETRIC_REPRESENTATION_CONTEXT(2) 
PARAMETRIC_REPRESENTATION_CONTEXT() REPRESENTATION_CONTEXT('2D SPACE',''
  ) );
#9235 = PCURVE('',#8695,#9236);
#9236 = DEFINITIONAL_REPRESENTATION('',(#9237),#9241);
#9237 = LINE('',#9238,#9239);
#9238 = CARTESIAN_POINT('',(0.,-10.5));
#9239 = VECTOR('',#9240,1.);
#9240 = DIRECTION('',(0.,1.));
#9241 = ( GEOMETRIC_REPRESENTATION_CONTEXT(2) 
PARAMETRIC_REPRESENTATION_CONTEXT() REPRESENTATION_CONTEXT('2D SPACE',''
  ) );
#9242 = ORIENTED_EDGE('',*,*,#9032,.F.);
#9243 = ORIENTED_EDGE('',*,*,#9244,.F.);
#9244 = EDGE_CURVE('',#8642,#9009,#9245,.T.);
#9245 = SURFACE_CURVE('',#9246,(#9249,#9256),.PCURVE_S1.);
#9246 = B_SPLINE_CURVE_WITH_KNOTS('',1,(#9247,#9248),.UNSPECIFIED.,.F.,
  .F.,(2,2),(4.,9.),.PIECEWISE_BEZIER_KNOTS.);
#9247 = CARTESIAN_POINT('',(17.75,0.,0.));
#9248 = CARTESIAN_POINT('',(17.75,0.,-5.));
#9249 = PCURVE('',#8664,#9250);
#9250 = DEFINITIONAL_REPRESENTATION('',(#9251),#9255);
#9251 = LINE('',#9252,#9253);
#9252 = CARTESIAN_POINT('',(3.14159265359,-10.5));
#9253 = VECTOR('',#9254,1.);
#9254 = DIRECTION('',(0.,1.));
#9255 = ( GEOMETRIC_REPRESENTATION_CONTEXT(2) 
PARAMETRIC_REPRESENTATION_CONTEXT() REPRESENTATION_CONTEXT('2D SPACE',''
  ) );
#9256 = PCURVE('',#8695,#9257);
#9257 = DEFINITIONAL_REPRESENTATION('',(#9258),#9262);
#9258 = LINE('',#9259,#9260);
#9259 = CARTESIAN_POINT('',(3.14159265359,-10.5));
#9260 = VECTOR('',#9261,1.);
#9261 = DIRECTION('',(0.,1.));
#9262 = ( GEOMETRIC_REPRESENTATION_CONTEXT(2) 
PARAMETRIC_REPRESENTATION_CONTEXT() REPRESENTATION_CONTEXT('2D SPACE',''
  ) );
#9263 = ORIENTED_EDGE('',*,*,#8641,.T.);
#9264 = ADVANCED_FACE('',(#9265),#8732,.F.);
#9265 = FACE_BOUND('',#9266,.F.);
#9266 = EDGE_LOOP('',(#9267,#9287,#9288,#9308));
#9267 = ORIENTED_EDGE('',*,*,#9268,.T.);
#9268 = EDGE_CURVE('',#8712,#9057,#9269,.T.);
#9269 = SURFACE_CURVE('',#9270,(#9273,#9280),.PCURVE_S1.);
#9270 = B_SPLINE_CURVE_WITH_KNOTS('',1,(#9271,#9272),.UNSPECIFIED.,.F.,
  .F.,(2,2),(4.,9.),.PIECEWISE_BEZIER_KNOTS.);
#9271 = CARTESIAN_POINT('',(1.591615728103E-12,14.250000000051,0.));
#9272 = CARTESIAN_POINT('',(1.591615728103E-12,14.250000000051,-5.));
#9273 = PCURVE('',#8732,#9274);
#9274 = DEFINITIONAL_REPRESENTATION('',(#9275),#9279);
#9275 = LINE('',#9276,#9277);
#9276 = CARTESIAN_POINT('',(4.712388980385,-10.5));
#9277 = VECTOR('',#9278,1.);
#9278 = DIRECTION('',(0.,1.));
#9279 = ( GEOMETRIC_REPRESENTATION_CONTEXT(2) 
PARAMETRIC_REPRESENTATION_CONTEXT() REPRESENTATION_CONTEXT('2D SPACE',''
  ) );
#9280 = PCURVE('',#8763,#9281);
#9281 = DEFINITIONAL_REPRESENTATION('',(#9282),#9286);
#9282 = LINE('',#9283,#9284);
#9283 = CARTESIAN_POINT('',(-1.570796326795,-10.5));
#9284 = VECTOR('',#9285,1.);
#9285 = DIRECTION('',(0.,1.));
#9286 = ( GEOMETRIC_REPRESENTATION_CONTEXT(2) 
PARAMETRIC_REPRESENTATION_CONTEXT() REPRESENTATION_CONTEXT('2D SPACE',''
  ) );
#9287 = ORIENTED_EDGE('',*,*,#9082,.F.);
#9288 = ORIENTED_EDGE('',*,*,#9289,.F.);
#9289 = EDGE_CURVE('',#8710,#9059,#9290,.T.);
#9290 = SURFACE_CURVE('',#9291,(#9294,#9301),.PCURVE_S1.);
#9291 = B_SPLINE_CURVE_WITH_KNOTS('',1,(#9292,#9293),.UNSPECIFIED.,.F.,
  .F.,(2,2),(4.,9.),.PIECEWISE_BEZIER_KNOTS.);
#9292 = CARTESIAN_POINT('',(1.591615728103E-12,17.750000000051,0.));
#9293 = CARTESIAN_POINT('',(1.477928890381E-12,17.750000000051,-5.));
#9294 = PCURVE('',#8732,#9295);
#9295 = DEFINITIONAL_REPRESENTATION('',(#9296),#9300);
#9296 = LINE('',#9297,#9298);
#9297 = CARTESIAN_POINT('',(1.570796326795,-10.5));
#9298 = VECTOR('',#9299,1.);
#9299 = DIRECTION('',(-1.296740492762E-14,1.));
#9300 = ( GEOMETRIC_REPRESENTATION_CONTEXT(2) 
PARAMETRIC_REPRESENTATION_CONTEXT() REPRESENTATION_CONTEXT('2D SPACE',''
  ) );
#9301 = PCURVE('',#8763,#9302);
#9302 = DEFINITIONAL_REPRESENTATION('',(#9303),#9307);
#9303 = LINE('',#9304,#9305);
#9304 = CARTESIAN_POINT('',(1.570796326795,-10.5));
#9305 = VECTOR('',#9306,1.);
#9306 = DIRECTION('',(-1.314504061156E-14,1.));
#9307 = ( GEOMETRIC_REPRESENTATION_CONTEXT(2) 
PARAMETRIC_REPRESENTATION_CONTEXT() REPRESENTATION_CONTEXT('2D SPACE',''
  ) );
#9308 = ORIENTED_EDGE('',*,*,#8709,.T.);
#9309 = ADVANCED_FACE('',(#9310),#8823,.F.);
#9310 = FACE_BOUND('',#9311,.F.);
#9311 = EDGE_LOOP('',(#9312,#9313,#9333,#9334));
#9312 = ORIENTED_EDGE('',*,*,#8808,.F.);
#9313 = ORIENTED_EDGE('',*,*,#9314,.T.);
#9314 = EDGE_CURVE('',#8780,#9107,#9315,.T.);
#9315 = SURFACE_CURVE('',#9316,(#9319,#9326),.PCURVE_S1.);
#9316 = B_SPLINE_CURVE_WITH_KNOTS('',1,(#9317,#9318),.UNSPECIFIED.,.F.,
  .F.,(2,2),(4.,9.),.PIECEWISE_BEZIER_KNOTS.);
#9317 = CARTESIAN_POINT('',(-17.75,5.843503458891E-11,
    -7.105427357601E-15));
#9318 = CARTESIAN_POINT('',(-17.75,5.843503458891E-11,-5.));
#9319 = PCURVE('',#8823,#9320);
#9320 = DEFINITIONAL_REPRESENTATION('',(#9321),#9325);
#9321 = LINE('',#9322,#9323);
#9322 = CARTESIAN_POINT('',(3.141592653586,10.5));
#9323 = VECTOR('',#9324,1.);
#9324 = DIRECTION('',(0.,-1.));
#9325 = ( GEOMETRIC_REPRESENTATION_CONTEXT(2) 
PARAMETRIC_REPRESENTATION_CONTEXT() REPRESENTATION_CONTEXT('2D SPACE',''
  ) );
#9326 = PCURVE('',#8796,#9327);
#9327 = DEFINITIONAL_REPRESENTATION('',(#9328),#9332);
#9328 = LINE('',#9329,#9330);
#9329 = CARTESIAN_POINT('',(3.141592653586,10.5));
#9330 = VECTOR('',#9331,1.);
#9331 = DIRECTION('',(0.,-1.));
#9332 = ( GEOMETRIC_REPRESENTATION_CONTEXT(2) 
PARAMETRIC_REPRESENTATION_CONTEXT() REPRESENTATION_CONTEXT('2D SPACE',''
  ) );
#9333 = ORIENTED_EDGE('',*,*,#9106,.T.);
#9334 = ORIENTED_EDGE('',*,*,#9335,.F.);
#9335 = EDGE_CURVE('',#8778,#9109,#9336,.T.);
#9336 = SURFACE_CURVE('',#9337,(#9340,#9347),.PCURVE_S1.);
#9337 = B_SPLINE_CURVE_WITH_KNOTS('',1,(#9338,#9339),.UNSPECIFIED.,.F.,
  .F.,(2,2),(4.,9.),.PIECEWISE_BEZIER_KNOTS.);
#9338 = CARTESIAN_POINT('',(-14.25,4.654054919229E-11,-1.50990331349E-14
    ));
#9339 = CARTESIAN_POINT('',(-14.25,4.654054919229E-11,-5.));
#9340 = PCURVE('',#8823,#9341);
#9341 = DEFINITIONAL_REPRESENTATION('',(#9342),#9346);
#9342 = LINE('',#9343,#9344);
#9343 = CARTESIAN_POINT('',(6.28318530718,10.5));
#9344 = VECTOR('',#9345,1.);
#9345 = DIRECTION('',(0.,-1.));
#9346 = ( GEOMETRIC_REPRESENTATION_CONTEXT(2) 
PARAMETRIC_REPRESENTATION_CONTEXT() REPRESENTATION_CONTEXT('2D SPACE',''
  ) );
#9347 = PCURVE('',#8796,#9348);
#9348 = DEFINITIONAL_REPRESENTATION('',(#9349),#9353);
#9349 = LINE('',#9350,#9351);
#9350 = CARTESIAN_POINT('',(0.,10.5));
#9351 = VECTOR('',#9352,1.);
#9352 = DIRECTION('',(0.,-1.));
#9353 = ( GEOMETRIC_REPRESENTATION_CONTEXT(2) 
PARAMETRIC_REPRESENTATION_CONTEXT() REPRESENTATION_CONTEXT('2D SPACE',''
  ) );
#9354 = ADVANCED_FACE('',(#9355),#8883,.F.);
#9355 = FACE_BOUND('',#9356,.F.);
#9356 = EDGE_LOOP('',(#9357,#9358,#9378,#9379));
#9357 = ORIENTED_EDGE('',*,*,#8868,.F.);
#9358 = ORIENTED_EDGE('',*,*,#9359,.T.);
#9359 = EDGE_CURVE('',#8840,#9165,#9360,.T.);
#9360 = SURFACE_CURVE('',#9361,(#9364,#9371),.PCURVE_S1.);
#9361 = B_SPLINE_CURVE_WITH_KNOTS('',1,(#9362,#9363),.UNSPECIFIED.,.F.,
  .F.,(2,2),(4.,9.),.PIECEWISE_BEZIER_KNOTS.);
#9362 = CARTESIAN_POINT('',(-5.684341886081E-11,-17.74999999994,
    7.105427357601E-15));
#9363 = CARTESIAN_POINT('',(-5.684341886081E-11,-17.74999999994,-5.));
#9364 = PCURVE('',#8883,#9365);
#9365 = DEFINITIONAL_REPRESENTATION('',(#9366),#9370);
#9366 = LINE('',#9367,#9368);
#9367 = CARTESIAN_POINT('',(4.712388980382,10.5));
#9368 = VECTOR('',#9369,1.);
#9369 = DIRECTION('',(0.,-1.));
#9370 = ( GEOMETRIC_REPRESENTATION_CONTEXT(2) 
PARAMETRIC_REPRESENTATION_CONTEXT() REPRESENTATION_CONTEXT('2D SPACE',''
  ) );
#9371 = PCURVE('',#8856,#9372);
#9372 = DEFINITIONAL_REPRESENTATION('',(#9373),#9377);
#9373 = LINE('',#9374,#9375);
#9374 = CARTESIAN_POINT('',(4.712388980382,10.5));
#9375 = VECTOR('',#9376,1.);
#9376 = DIRECTION('',(0.,-1.));
#9377 = ( GEOMETRIC_REPRESENTATION_CONTEXT(2) 
PARAMETRIC_REPRESENTATION_CONTEXT() REPRESENTATION_CONTEXT('2D SPACE',''
  ) );
#9378 = ORIENTED_EDGE('',*,*,#9164,.T.);
#9379 = ORIENTED_EDGE('',*,*,#9380,.F.);
#9380 = EDGE_CURVE('',#8838,#9167,#9381,.T.);
#9381 = SURFACE_CURVE('',#9382,(#9385,#9392),.PCURVE_S1.);
#9382 = B_SPLINE_CURVE_WITH_KNOTS('',1,(#9383,#9384),.UNSPECIFIED.,.F.,
  .F.,(2,2),(4.,9.),.PIECEWISE_BEZIER_KNOTS.);
#9383 = CARTESIAN_POINT('',(-4.547473508865E-11,-14.24999999994,
    1.59872115546E-14));
#9384 = CARTESIAN_POINT('',(-4.547473508865E-11,-14.24999999994,-5.));
#9385 = PCURVE('',#8883,#9386);
#9386 = DEFINITIONAL_REPRESENTATION('',(#9387),#9391);
#9387 = LINE('',#9388,#9389);
#9388 = CARTESIAN_POINT('',(7.853981633971,10.5));
#9389 = VECTOR('',#9390,1.);
#9390 = DIRECTION('',(0.,-1.));
#9391 = ( GEOMETRIC_REPRESENTATION_CONTEXT(2) 
PARAMETRIC_REPRESENTATION_CONTEXT() REPRESENTATION_CONTEXT('2D SPACE',''
  ) );
#9392 = PCURVE('',#8856,#9393);
#9393 = DEFINITIONAL_REPRESENTATION('',(#9394),#9398);
#9394 = LINE('',#9395,#9396);
#9395 = CARTESIAN_POINT('',(1.570796326792,10.5));
#9396 = VECTOR('',#9397,1.);
#9397 = DIRECTION('',(0.,-1.));
#9398 = ( GEOMETRIC_REPRESENTATION_CONTEXT(2) 
PARAMETRIC_REPRESENTATION_CONTEXT() REPRESENTATION_CONTEXT('2D SPACE',''
  ) );
#9399 = ADVANCED_FACE('',(#9400),#8600,.T.);
#9400 = FACE_BOUND('',#9401,.T.);
#9401 = EDGE_LOOP('',(#9402,#9403,#9404,#9405));
#9402 = ORIENTED_EDGE('',*,*,#8576,.F.);
#9403 = ORIENTED_EDGE('',*,*,#8953,.T.);
#9404 = ORIENTED_EDGE('',*,*,#8978,.T.);
#9405 = ORIENTED_EDGE('',*,*,#8898,.F.);
#9406 = ADVANCED_FACE('',(#9407),#8695,.F.);
#9407 = FACE_BOUND('',#9408,.F.);
#9408 = EDGE_LOOP('',(#9409,#9410,#9411,#9412));
#9409 = ORIENTED_EDGE('',*,*,#8676,.T.);
#9410 = ORIENTED_EDGE('',*,*,#9244,.T.);
#9411 = ORIENTED_EDGE('',*,*,#9006,.F.);
#9412 = ORIENTED_EDGE('',*,*,#9223,.F.);
#9413 = ADVANCED_FACE('',(#9414),#8763,.F.);
#9414 = FACE_BOUND('',#9415,.F.);
#9415 = EDGE_LOOP('',(#9416,#9417,#9418,#9419));
#9416 = ORIENTED_EDGE('',*,*,#8744,.T.);
#9417 = ORIENTED_EDGE('',*,*,#9289,.T.);
#9418 = ORIENTED_EDGE('',*,*,#9056,.F.);
#9419 = ORIENTED_EDGE('',*,*,#9268,.F.);
#9420 = ADVANCED_FACE('',(#9421),#8796,.F.);
#9421 = FACE_BOUND('',#9422,.F.);
#9422 = EDGE_LOOP('',(#9423,#9424,#9425,#9426));
#9423 = ORIENTED_EDGE('',*,*,#9335,.T.);
#9424 = ORIENTED_EDGE('',*,*,#9136,.T.);
#9425 = ORIENTED_EDGE('',*,*,#9314,.F.);
#9426 = ORIENTED_EDGE('',*,*,#8777,.F.);
#9427 = ADVANCED_FACE('',(#9428),#8856,.F.);
#9428 = FACE_BOUND('',#9429,.F.);
#9429 = EDGE_LOOP('',(#9430,#9431,#9432,#9433));
#9430 = ORIENTED_EDGE('',*,*,#9380,.T.);
#9431 = ORIENTED_EDGE('',*,*,#9194,.T.);
#9432 = ORIENTED_EDGE('',*,*,#9359,.F.);
#9433 = ORIENTED_EDGE('',*,*,#8837,.F.);
#9434 = ( GEOMETRIC_REPRESENTATION_CONTEXT(3) 
GLOBAL_UNCERTAINTY_ASSIGNED_CONTEXT((#9438)) 
GLOBAL_UNIT_ASSIGNED_CONTEXT((#9435,#9436,#9437)) REPRESENTATION_CONTEXT
('Context #1','3D Context with UNIT and UNCERTAINTY') );
#9435 = ( LENGTH_UNIT() NAMED_UNIT(*) SI_UNIT(.MILLI.,.METRE.) );
#9436 = ( NAMED_UNIT(*) PLANE_ANGLE_UNIT() SI_UNIT($,.RADIAN.) );
#9437 = ( NAMED_UNIT(*) SI_UNIT($,.STERADIAN.) SOLID_ANGLE_UNIT() );
#9438 = UNCERTAINTY_MEASURE_WITH_UNIT(LENGTH_MEASURE(1.E-07),#9435,
  'distance_accuracy_value','confusion accuracy');
#9439 = CONTEXT_DEPENDENT_SHAPE_REPRESENTATION(#9440,#9442);
#9440 = ( REPRESENTATION_RELATIONSHIP('','',#8215,#10) 
REPRESENTATION_RELATIONSHIP_WITH_TRANSFORMATION(#9441) 
SHAPE_REPRESENTATION_RELATIONSHIP() );
#9441 = ITEM_DEFINED_TRANSFORMATION('','',#11,#35);
#9442 = PRODUCT_DEFINITION_SHAPE('Placement','Placement of an item',
  #9443);
#9443 = NEXT_ASSEMBLY_USAGE_OCCURRENCE('6','top_R','',#5,#8210,$);
#9444 = PRODUCT_RELATED_PRODUCT_CATEGORY('part',$,(#8212));
#9445 = SHAPE_DEFINITION_REPRESENTATION(#9446,#9452);
#9446 = PRODUCT_DEFINITION_SHAPE('','',#9447);
#9447 = PRODUCT_DEFINITION('design','',#9448,#9451);
#9448 = PRODUCT_DEFINITION_FORMATION('','',#9449);
#9449 = PRODUCT('ring_top','ring_top','',(#9450));
#9450 = PRODUCT_CONTEXT('',#2,'mechanical');
#9451 = PRODUCT_DEFINITION_CONTEXT('part definition',#2,'design');
#9452 = ADVANCED_BREP_SHAPE_REPRESENTATION('',(#11,#9453),#10969);
#9453 = MANIFOLD_SOLID_BREP('',#9454);
#9454 = CLOSED_SHELL('',(#9455,#9745,#9819,#9867,#9971,#10282,#10600,
    #10694,#10742,#10785,#10828,#10852,#10865,#10910,#10955,#10962));
#9455 = ADVANCED_FACE('',(#9456),#9471,.T.);
#9456 = FACE_BOUND('',#9457,.T.);
#9457 = EDGE_LOOP('',(#9458,#9498,#9531,#9556,#9585,#9614,#9639,#9672,
    #9697,#9722));
#9458 = ORIENTED_EDGE('',*,*,#9459,.T.);
#9459 = EDGE_CURVE('',#9460,#9462,#9464,.T.);
#9460 = VERTEX_POINT('',#9461);
#9461 = CARTESIAN_POINT('',(0.500000000004,2.958039891549,4.));
#9462 = VERTEX_POINT('',#9463);
#9463 = CARTESIAN_POINT('',(3.,-6.394884621841E-14,4.));
#9464 = SURFACE_CURVE('',#9465,(#9470,#9486),.PCURVE_S1.);
#9465 = CIRCLE('',#9466,3.);
#9466 = AXIS2_PLACEMENT_3D('',#9467,#9468,#9469);
#9467 = CARTESIAN_POINT('',(1.239011033203E-13,2.047107742676E-13,4.));
#9468 = DIRECTION('',(-4.785846205247E-16,-4.044778282835E-16,-1.));
#9469 = DIRECTION('',(0.166666666668,0.986013297183,-4.785846205247E-16)
  );
#9470 = PCURVE('',#9471,#9476);
#9471 = PLANE('',#9472);
#9472 = AXIS2_PLACEMENT_3D('',#9473,#9474,#9475);
#9473 = CARTESIAN_POINT('',(-11.88486096375,-10.20525427719,4.));
#9474 = DIRECTION('',(0.,0.,1.));
#9475 = DIRECTION('',(1.,0.,-0.));
#9476 = DEFINITIONAL_REPRESENTATION('',(#9477),#9485);
#9477 = ( BOUNDED_CURVE() B_SPLINE_CURVE(2,(#9478,#9479,#9480,#9481,
#9482,#9483,#9484),.UNSPECIFIED.,.T.,.F.) B_SPLINE_CURVE_WITH_KNOTS((1,2
    ,2,2,2,1),(-2.094395102393,0.,2.094395102393,4.188790204786,
6.28318530718,8.377580409573),.UNSPECIFIED.) CURVE() 
GEOMETRIC_REPRESENTATION_ITEM() RATIONAL_B_SPLINE_CURVE((1.,0.5,1.,0.5,
1.,0.5,1.)) REPRESENTATION_ITEM('') );
#9478 = CARTESIAN_POINT('',(12.384860963763,13.163294168743));
#9479 = CARTESIAN_POINT('',(17.508336346741,12.297268764952));
#9480 = CARTESIAN_POINT('',(14.196598655246,8.293221629524));
#9481 = CARTESIAN_POINT('',(10.884860963751,4.289174494097));
#9482 = CARTESIAN_POINT('',(9.073123272268,9.159247033316));
#9483 = CARTESIAN_POINT('',(7.261385580785,14.029319572535));
#9484 = CARTESIAN_POINT('',(12.384860963763,13.163294168743));
#9485 = ( GEOMETRIC_REPRESENTATION_CONTEXT(2) 
PARAMETRIC_REPRESENTATION_CONTEXT() REPRESENTATION_CONTEXT('2D SPACE',''
  ) );
#9486 = PCURVE('',#9487,#9492);
#9487 = CYLINDRICAL_SURFACE('',#9488,3.);
#9488 = AXIS2_PLACEMENT_3D('',#9489,#9490,#9491);
#9489 = CARTESIAN_POINT('',(-9.493074732561E-15,-2.264528979559E-14,
    5.958913701179E-15));
#9490 = DIRECTION('',(5.060072008928E-16,3.327090384306E-16,1.));
#9491 = DIRECTION('',(1.,0.,-5.060072008928E-16));
#9492 = DEFINITIONAL_REPRESENTATION('',(#9493),#9497);
#9493 = LINE('',#9494,#9495);
#9494 = CARTESIAN_POINT('',(1.403348247574,4.));
#9495 = VECTOR('',#9496,1.);
#9496 = DIRECTION('',(-1.,0.));
#9497 = ( GEOMETRIC_REPRESENTATION_CONTEXT(2) 
PARAMETRIC_REPRESENTATION_CONTEXT() REPRESENTATION_CONTEXT('2D SPACE',''
  ) );
#9498 = ORIENTED_EDGE('',*,*,#9499,.T.);
#9499 = EDGE_CURVE('',#9462,#9500,#9502,.T.);
#9500 = VERTEX_POINT('',#9501);
#9501 = CARTESIAN_POINT('',(0.500000000004,-2.958039891549,4.));
#9502 = SURFACE_CURVE('',#9503,(#9508,#9519),.PCURVE_S1.);
#9503 = CIRCLE('',#9504,3.);
#9504 = AXIS2_PLACEMENT_3D('',#9505,#9506,#9507);
#9505 = CARTESIAN_POINT('',(1.428824452857E-13,-2.160317991874E-13,4.));
#9506 = DIRECTION('',(0.,0.,-1.));
#9507 = DIRECTION('',(1.,5.069431765633E-14,0.));
#9508 = PCURVE('',#9471,#9509);
#9509 = DEFINITIONAL_REPRESENTATION('',(#9510),#9518);
#9510 = ( BOUNDED_CURVE() B_SPLINE_CURVE(2,(#9511,#9512,#9513,#9514,
#9515,#9516,#9517),.UNSPECIFIED.,.T.,.F.) B_SPLINE_CURVE_WITH_KNOTS((1,2
    ,2,2,2,1),(-2.094395102393,0.,2.094395102393,4.188790204786,
6.28318530718,8.377580409573),.UNSPECIFIED.) CURVE() 
GEOMETRIC_REPRESENTATION_ITEM() RATIONAL_B_SPLINE_CURVE((1.,0.5,1.,0.5,
1.,0.5,1.)) REPRESENTATION_ITEM('') );
#9511 = CARTESIAN_POINT('',(14.884860963759,10.205254277194));
#9512 = CARTESIAN_POINT('',(14.884860963759,5.009101854488));
#9513 = CARTESIAN_POINT('',(10.384860963759,7.607178065841));
#9514 = CARTESIAN_POINT('',(5.88486096376,10.205254277194));
#9515 = CARTESIAN_POINT('',(10.384860963759,12.803330488547));
#9516 = CARTESIAN_POINT('',(14.884860963759,15.401406699901));
#9517 = CARTESIAN_POINT('',(14.884860963759,10.205254277194));
#9518 = ( GEOMETRIC_REPRESENTATION_CONTEXT(2) 
PARAMETRIC_REPRESENTATION_CONTEXT() REPRESENTATION_CONTEXT('2D SPACE',''
  ) );
#9519 = PCURVE('',#9520,#9525);
#9520 = CYLINDRICAL_SURFACE('',#9521,3.);
#9521 = AXIS2_PLACEMENT_3D('',#9522,#9523,#9524);
#9522 = CARTESIAN_POINT('',(5.633077415512E-13,-2.697142481358E-13,
    1.359657707181E-15));
#9523 = DIRECTION('',(1.571597624938E-16,-1.138352218782E-16,1.));
#9524 = DIRECTION('',(1.,0.,-1.571597624938E-16));
#9525 = DEFINITIONAL_REPRESENTATION('',(#9526),#9530);
#9526 = LINE('',#9527,#9528);
#9527 = CARTESIAN_POINT('',(6.28318530718,4.));
#9528 = VECTOR('',#9529,1.);
#9529 = DIRECTION('',(-1.,-6.328995110341E-16));
#9530 = ( GEOMETRIC_REPRESENTATION_CONTEXT(2) 
PARAMETRIC_REPRESENTATION_CONTEXT() REPRESENTATION_CONTEXT('2D SPACE',''
  ) );
#9531 = ORIENTED_EDGE('',*,*,#9532,.T.);
#9532 = EDGE_CURVE('',#9500,#9533,#9535,.T.);
#9533 = VERTEX_POINT('',#9534);
#9534 = CARTESIAN_POINT('',(0.500000000004,-9.98749217772,4.));
#9535 = SURFACE_CURVE('',#9536,(#9539,#9545),.PCURVE_S1.);
#9536 = B_SPLINE_CURVE_WITH_KNOTS('',1,(#9537,#9538),.UNSPECIFIED.,.F.,
  .F.,(2,2),(12.385770371118,19.415222657289),.PIECEWISE_BEZIER_KNOTS.);
#9537 = CARTESIAN_POINT('',(0.500000000004,-2.958039891549,4.));
#9538 = CARTESIAN_POINT('',(0.500000000004,-9.98749217772,4.));
#9539 = PCURVE('',#9471,#9540);
#9540 = DEFINITIONAL_REPRESENTATION('',(#9541),#9544);
#9541 = B_SPLINE_CURVE_WITH_KNOTS('',1,(#9542,#9543),.UNSPECIFIED.,.F.,
  .F.,(2,2),(12.385770371118,19.415222657289),.PIECEWISE_BEZIER_KNOTS.);
#9542 = CARTESIAN_POINT('',(12.384860963763,7.247214385645));
#9543 = CARTESIAN_POINT('',(12.384860963763,0.217762099475));
#9544 = ( GEOMETRIC_REPRESENTATION_CONTEXT(2) 
PARAMETRIC_REPRESENTATION_CONTEXT() REPRESENTATION_CONTEXT('2D SPACE',''
  ) );
#9545 = PCURVE('',#9546,#9551);
#9546 = PLANE('',#9547);
#9547 = AXIS2_PLACEMENT_3D('',#9548,#9549,#9550);
#9548 = CARTESIAN_POINT('',(0.500000000004,-9.98749217772,4.));
#9549 = DIRECTION('',(-1.,0.,0.));
#9550 = DIRECTION('',(0.,0.,-1.));
#9551 = DEFINITIONAL_REPRESENTATION('',(#9552),#9555);
#9552 = B_SPLINE_CURVE_WITH_KNOTS('',1,(#9553,#9554),.UNSPECIFIED.,.F.,
  .F.,(2,2),(12.385770371118,19.415222657289),.PIECEWISE_BEZIER_KNOTS.);
#9553 = CARTESIAN_POINT('',(0.,-7.029452286171));
#9554 = CARTESIAN_POINT('',(0.,0.));
#9555 = ( GEOMETRIC_REPRESENTATION_CONTEXT(2) 
PARAMETRIC_REPRESENTATION_CONTEXT() REPRESENTATION_CONTEXT('2D SPACE',''
  ) );
#9556 = ORIENTED_EDGE('',*,*,#9557,.T.);
#9557 = EDGE_CURVE('',#9533,#9558,#9560,.T.);
#9558 = VERTEX_POINT('',#9559);
#9559 = CARTESIAN_POINT('',(10.000000000018,-6.394884621841E-14,4.));
#9560 = SURFACE_CURVE('',#9561,(#9566,#9573),.PCURVE_S1.);
#9561 = CIRCLE('',#9562,10.);
#9562 = AXIS2_PLACEMENT_3D('',#9563,#9564,#9565);
#9563 = CARTESIAN_POINT('',(1.812781926504E-11,-5.806016161353E-14,4.));
#9564 = DIRECTION('',(-1.612341920614E-16,6.443523493522E-17,1.));
#9565 = DIRECTION('',(4.999999999861E-02,-0.998749217772,
    7.241635009135E-17));
#9566 = PCURVE('',#9471,#9567);
#9567 = DEFINITIONAL_REPRESENTATION('',(#9568),#9572);
#9568 = CIRCLE('',#9569,10.);
#9569 = AXIS2_PLACEMENT_2D('',#9570,#9571);
#9570 = CARTESIAN_POINT('',(11.884860963777,10.205254277194));
#9571 = DIRECTION('',(4.999999999861E-02,-0.998749217772));
#9572 = ( GEOMETRIC_REPRESENTATION_CONTEXT(2) 
PARAMETRIC_REPRESENTATION_CONTEXT() REPRESENTATION_CONTEXT('2D SPACE',''
  ) );
#9573 = PCURVE('',#9574,#9579);
#9574 = CYLINDRICAL_SURFACE('',#9575,10.);
#9575 = AXIS2_PLACEMENT_3D('',#9576,#9577,#9578);
#9576 = CARTESIAN_POINT('',(1.812557290687E-11,-5.955362736476E-14,
    4.139863318895E-15));
#9577 = DIRECTION('',(3.010287796059E-17,1.58309880409E-17,-1.));
#9578 = DIRECTION('',(-1.,0.,-3.010287796059E-17));
#9579 = DEFINITIONAL_REPRESENTATION('',(#9580),#9584);
#9580 = LINE('',#9581,#9582);
#9581 = CARTESIAN_POINT('',(4.66236812358,-4.));
#9582 = VECTOR('',#9583,1.);
#9583 = DIRECTION('',(-1.,-5.840299486851E-16));
#9584 = ( GEOMETRIC_REPRESENTATION_CONTEXT(2) 
PARAMETRIC_REPRESENTATION_CONTEXT() REPRESENTATION_CONTEXT('2D SPACE',''
  ) );
#9585 = ORIENTED_EDGE('',*,*,#9586,.T.);
#9586 = EDGE_CURVE('',#9558,#9587,#9589,.T.);
#9587 = VERTEX_POINT('',#9588);
#9588 = CARTESIAN_POINT('',(-0.499999999996,-9.987492177718,4.));
#9589 = SURFACE_CURVE('',#9590,(#9595,#9602),.PCURVE_S1.);
#9590 = CIRCLE('',#9591,10.);
#9591 = AXIS2_PLACEMENT_3D('',#9592,#9593,#9594);
#9592 = CARTESIAN_POINT('',(1.813052827157E-11,-6.164244589435E-14,4.));
#9593 = DIRECTION('',(0.,0.,1.));
#9594 = DIRECTION('',(1.,-2.306400324056E-16,0.));
#9595 = PCURVE('',#9471,#9596);
#9596 = DEFINITIONAL_REPRESENTATION('',(#9597),#9601);
#9597 = CIRCLE('',#9598,10.);
#9598 = AXIS2_PLACEMENT_2D('',#9599,#9600);
#9599 = CARTESIAN_POINT('',(11.884860963777,10.205254277194));
#9600 = DIRECTION('',(1.,-2.306400324056E-16));
#9601 = ( GEOMETRIC_REPRESENTATION_CONTEXT(2) 
PARAMETRIC_REPRESENTATION_CONTEXT() REPRESENTATION_CONTEXT('2D SPACE',''
  ) );
#9602 = PCURVE('',#9603,#9608);
#9603 = CYLINDRICAL_SURFACE('',#9604,10.);
#9604 = AXIS2_PLACEMENT_3D('',#9605,#9606,#9607);
#9605 = CARTESIAN_POINT('',(1.813037138852E-11,-3.328143385114E-14,
    4.440892098501E-15));
#9606 = DIRECTION('',(0.,0.,-1.));
#9607 = DIRECTION('',(-1.,0.,-0.));
#9608 = DEFINITIONAL_REPRESENTATION('',(#9609),#9613);
#9609 = LINE('',#9610,#9611);
#9610 = CARTESIAN_POINT('',(3.14159265359,-4.));
#9611 = VECTOR('',#9612,1.);
#9612 = DIRECTION('',(-1.,0.));
#9613 = ( GEOMETRIC_REPRESENTATION_CONTEXT(2) 
PARAMETRIC_REPRESENTATION_CONTEXT() REPRESENTATION_CONTEXT('2D SPACE',''
  ) );
#9614 = ORIENTED_EDGE('',*,*,#9615,.T.);
#9615 = EDGE_CURVE('',#9587,#9616,#9618,.T.);
#9616 = VERTEX_POINT('',#9617);
#9617 = CARTESIAN_POINT('',(-0.499999999996,-2.958039891551,4.));
#9618 = SURFACE_CURVE('',#9619,(#9622,#9628),.PCURVE_S1.);
#9619 = B_SPLINE_CURVE_WITH_KNOTS('',1,(#9620,#9621),.UNSPECIFIED.,.F.,
  .F.,(2,2),(81.24665859297,88.276110879138),.PIECEWISE_BEZIER_KNOTS.);
#9620 = CARTESIAN_POINT('',(-0.499999999996,-9.987492177718,4.));
#9621 = CARTESIAN_POINT('',(-0.499999999996,-2.958039891551,4.));
#9622 = PCURVE('',#9471,#9623);
#9623 = DEFINITIONAL_REPRESENTATION('',(#9624),#9627);
#9624 = B_SPLINE_CURVE_WITH_KNOTS('',1,(#9625,#9626),.UNSPECIFIED.,.F.,
  .F.,(2,2),(81.24665859297,88.276110879138),.PIECEWISE_BEZIER_KNOTS.);
#9625 = CARTESIAN_POINT('',(11.384860963763,0.217762099476));
#9626 = CARTESIAN_POINT('',(11.384860963763,7.247214385644));
#9627 = ( GEOMETRIC_REPRESENTATION_CONTEXT(2) 
PARAMETRIC_REPRESENTATION_CONTEXT() REPRESENTATION_CONTEXT('2D SPACE',''
  ) );
#9628 = PCURVE('',#9629,#9634);
#9629 = PLANE('',#9630);
#9630 = AXIS2_PLACEMENT_3D('',#9631,#9632,#9633);
#9631 = CARTESIAN_POINT('',(-0.499999999996,-2.958039891551,4.));
#9632 = DIRECTION('',(1.,0.,0.));
#9633 = DIRECTION('',(-0.,0.,1.));
#9634 = DEFINITIONAL_REPRESENTATION('',(#9635),#9638);
#9635 = B_SPLINE_CURVE_WITH_KNOTS('',1,(#9636,#9637),.UNSPECIFIED.,.F.,
  .F.,(2,2),(81.24665859297,88.276110879138),.PIECEWISE_BEZIER_KNOTS.);
#9636 = CARTESIAN_POINT('',(0.,7.029452286168));
#9637 = CARTESIAN_POINT('',(0.,0.));
#9638 = ( GEOMETRIC_REPRESENTATION_CONTEXT(2) 
PARAMETRIC_REPRESENTATION_CONTEXT() REPRESENTATION_CONTEXT('2D SPACE',''
  ) );
#9639 = ORIENTED_EDGE('',*,*,#9640,.T.);
#9640 = EDGE_CURVE('',#9616,#9641,#9643,.T.);
#9641 = VERTEX_POINT('',#9642);
#9642 = CARTESIAN_POINT('',(-0.499999999996,2.95803989155,4.));
#9643 = SURFACE_CURVE('',#9644,(#9649,#9660),.PCURVE_S1.);
#9644 = CIRCLE('',#9645,3.);
#9645 = AXIS2_PLACEMENT_3D('',#9646,#9647,#9648);
#9646 = CARTESIAN_POINT('',(-3.439900227958E-16,-5.116753511766E-14,4.)
  );
#9647 = DIRECTION('',(-7.105427357589E-16,6.828577210819E-30,-1.));
#9648 = DIRECTION('',(-0.166666666665,-0.986013297184,1.184237892921E-16
    ));
#9649 = PCURVE('',#9471,#9650);
#9650 = DEFINITIONAL_REPRESENTATION('',(#9651),#9659);
#9651 = ( BOUNDED_CURVE() B_SPLINE_CURVE(2,(#9652,#9653,#9654,#9655,
#9656,#9657,#9658),.UNSPECIFIED.,.T.,.F.) B_SPLINE_CURVE_WITH_KNOTS((1,2
    ,2,2,2,1),(-2.094395102393,0.,2.094395102393,4.188790204786,
6.28318530718,8.377580409573),.UNSPECIFIED.) CURVE() 
GEOMETRIC_REPRESENTATION_ITEM() RATIONAL_B_SPLINE_CURVE((1.,0.5,1.,0.5,
1.,0.5,1.)) REPRESENTATION_ITEM('') );
#9652 = CARTESIAN_POINT('',(11.384860963763,7.247214385644));
#9653 = CARTESIAN_POINT('',(6.261385580782,8.113239789421));
#9654 = CARTESIAN_POINT('',(9.573123272266,12.117286924858));
#9655 = CARTESIAN_POINT('',(12.884860963751,16.121334060295));
#9656 = CARTESIAN_POINT('',(14.696598655247,11.251261521081));
#9657 = CARTESIAN_POINT('',(16.508336346744,6.381188981867));
#9658 = CARTESIAN_POINT('',(11.384860963763,7.247214385644));
#9659 = ( GEOMETRIC_REPRESENTATION_CONTEXT(2) 
PARAMETRIC_REPRESENTATION_CONTEXT() REPRESENTATION_CONTEXT('2D SPACE',''
  ) );
#9660 = PCURVE('',#9661,#9666);
#9661 = CYLINDRICAL_SURFACE('',#9662,3.);
#9662 = AXIS2_PLACEMENT_3D('',#9663,#9664,#9665);
#9663 = CARTESIAN_POINT('',(-1.762948866828E-13,-4.666130333173E-14,
    4.777913771623E-15));
#9664 = DIRECTION('',(-1.123405577073E-16,-2.633501144219E-30,1.));
#9665 = DIRECTION('',(1.,0.,1.123405577073E-16));
#9666 = DEFINITIONAL_REPRESENTATION('',(#9667),#9671);
#9667 = LINE('',#9668,#9669);
#9668 = CARTESIAN_POINT('',(4.544940901167,4.));
#9669 = VECTOR('',#9670,1.);
#9670 = DIRECTION('',(-1.,0.));
#9671 = ( GEOMETRIC_REPRESENTATION_CONTEXT(2) 
PARAMETRIC_REPRESENTATION_CONTEXT() REPRESENTATION_CONTEXT('2D SPACE',''
  ) );
#9672 = ORIENTED_EDGE('',*,*,#9673,.T.);
#9673 = EDGE_CURVE('',#9641,#9674,#9676,.T.);
#9674 = VERTEX_POINT('',#9675);
#9675 = CARTESIAN_POINT('',(-0.499999999996,6.000000000001,4.));
#9676 = SURFACE_CURVE('',#9677,(#9680,#9686),.PCURVE_S1.);
#9677 = B_SPLINE_CURVE_WITH_KNOTS('',1,(#9678,#9679),.UNSPECIFIED.,.F.,
  .F.,(2,2),(0.,3.04196010845),.PIECEWISE_BEZIER_KNOTS.);
#9678 = CARTESIAN_POINT('',(-0.499999999996,2.95803989155,4.));
#9679 = CARTESIAN_POINT('',(-0.499999999996,6.000000000001,4.));
#9680 = PCURVE('',#9471,#9681);
#9681 = DEFINITIONAL_REPRESENTATION('',(#9682),#9685);
#9682 = B_SPLINE_CURVE_WITH_KNOTS('',1,(#9683,#9684),.UNSPECIFIED.,.F.,
  .F.,(2,2),(0.,3.04196010845),.PIECEWISE_BEZIER_KNOTS.);
#9683 = CARTESIAN_POINT('',(11.384860963763,13.163294168745));
#9684 = CARTESIAN_POINT('',(11.384860963763,16.205254277195));
#9685 = ( GEOMETRIC_REPRESENTATION_CONTEXT(2) 
PARAMETRIC_REPRESENTATION_CONTEXT() REPRESENTATION_CONTEXT('2D SPACE',''
  ) );
#9686 = PCURVE('',#9687,#9692);
#9687 = PLANE('',#9688);
#9688 = AXIS2_PLACEMENT_3D('',#9689,#9690,#9691);
#9689 = CARTESIAN_POINT('',(-0.499999999996,6.000000000001,4.));
#9690 = DIRECTION('',(1.,0.,0.));
#9691 = DIRECTION('',(-0.,0.,1.));
#9692 = DEFINITIONAL_REPRESENTATION('',(#9693),#9696);
#9693 = B_SPLINE_CURVE_WITH_KNOTS('',1,(#9694,#9695),.UNSPECIFIED.,.F.,
  .F.,(2,2),(0.,3.04196010845),.PIECEWISE_BEZIER_KNOTS.);
#9694 = CARTESIAN_POINT('',(0.,3.04196010845));
#9695 = CARTESIAN_POINT('',(0.,0.));
#9696 = ( GEOMETRIC_REPRESENTATION_CONTEXT(2) 
PARAMETRIC_REPRESENTATION_CONTEXT() REPRESENTATION_CONTEXT('2D SPACE',''
  ) );
#9697 = ORIENTED_EDGE('',*,*,#9698,.T.);
#9698 = EDGE_CURVE('',#9674,#9699,#9701,.T.);
#9699 = VERTEX_POINT('',#9700);
#9700 = CARTESIAN_POINT('',(0.500000000004,6.000000000001,4.));
#9701 = SURFACE_CURVE('',#9702,(#9705,#9711),.PCURVE_S1.);
#9702 = B_SPLINE_CURVE_WITH_KNOTS('',1,(#9703,#9704),.UNSPECIFIED.,.F.,
  .F.,(2,2),(0.,1.),.PIECEWISE_BEZIER_KNOTS.);
#9703 = CARTESIAN_POINT('',(-0.499999999996,6.000000000001,4.));
#9704 = CARTESIAN_POINT('',(0.500000000004,6.000000000001,4.));
#9705 = PCURVE('',#9471,#9706);
#9706 = DEFINITIONAL_REPRESENTATION('',(#9707),#9710);
#9707 = B_SPLINE_CURVE_WITH_KNOTS('',1,(#9708,#9709),.UNSPECIFIED.,.F.,
  .F.,(2,2),(0.,1.),.PIECEWISE_BEZIER_KNOTS.);
#9708 = CARTESIAN_POINT('',(11.384860963763,16.205254277195));
#9709 = CARTESIAN_POINT('',(12.384860963763,16.205254277195));
#9710 = ( GEOMETRIC_REPRESENTATION_CONTEXT(2) 
PARAMETRIC_REPRESENTATION_CONTEXT() REPRESENTATION_CONTEXT('2D SPACE',''
  ) );
#9711 = PCURVE('',#9712,#9717);
#9712 = PLANE('',#9713);
#9713 = AXIS2_PLACEMENT_3D('',#9714,#9715,#9716);
#9714 = CARTESIAN_POINT('',(0.500000000004,6.000000000001,4.));
#9715 = DIRECTION('',(0.,-1.,0.));
#9716 = DIRECTION('',(0.,-0.,-1.));
#9717 = DEFINITIONAL_REPRESENTATION('',(#9718),#9721);
#9718 = B_SPLINE_CURVE_WITH_KNOTS('',1,(#9719,#9720),.UNSPECIFIED.,.F.,
  .F.,(2,2),(0.,1.),.PIECEWISE_BEZIER_KNOTS.);
#9719 = CARTESIAN_POINT('',(0.,-0.999999999999));
#9720 = CARTESIAN_POINT('',(0.,6.820100040272E-13));
#9721 = ( GEOMETRIC_REPRESENTATION_CONTEXT(2) 
PARAMETRIC_REPRESENTATION_CONTEXT() REPRESENTATION_CONTEXT('2D SPACE',''
  ) );
#9722 = ORIENTED_EDGE('',*,*,#9723,.T.);
#9723 = EDGE_CURVE('',#9699,#9460,#9724,.T.);
#9724 = SURFACE_CURVE('',#9725,(#9728,#9734),.PCURVE_S1.);
#9725 = B_SPLINE_CURVE_WITH_KNOTS('',1,(#9726,#9727),.UNSPECIFIED.,.F.,
  .F.,(2,2),(0.,3.041960108452),.PIECEWISE_BEZIER_KNOTS.);
#9726 = CARTESIAN_POINT('',(0.500000000004,6.000000000001,4.));
#9727 = CARTESIAN_POINT('',(0.500000000004,2.958039891549,4.));
#9728 = PCURVE('',#9471,#9729);
#9729 = DEFINITIONAL_REPRESENTATION('',(#9730),#9733);
#9730 = B_SPLINE_CURVE_WITH_KNOTS('',1,(#9731,#9732),.UNSPECIFIED.,.F.,
  .F.,(2,2),(0.,3.041960108452),.PIECEWISE_BEZIER_KNOTS.);
#9731 = CARTESIAN_POINT('',(12.384860963763,16.205254277195));
#9732 = CARTESIAN_POINT('',(12.384860963763,13.163294168743));
#9733 = ( GEOMETRIC_REPRESENTATION_CONTEXT(2) 
PARAMETRIC_REPRESENTATION_CONTEXT() REPRESENTATION_CONTEXT('2D SPACE',''
  ) );
#9734 = PCURVE('',#9735,#9740);
#9735 = PLANE('',#9736);
#9736 = AXIS2_PLACEMENT_3D('',#9737,#9738,#9739);
#9737 = CARTESIAN_POINT('',(0.500000000004,2.958039891549,4.));
#9738 = DIRECTION('',(-1.,0.,0.));
#9739 = DIRECTION('',(0.,0.,-1.));
#9740 = DEFINITIONAL_REPRESENTATION('',(#9741),#9744);
#9741 = B_SPLINE_CURVE_WITH_KNOTS('',1,(#9742,#9743),.UNSPECIFIED.,.F.,
  .F.,(2,2),(0.,3.041960108452),.PIECEWISE_BEZIER_KNOTS.);
#9742 = CARTESIAN_POINT('',(0.,-3.041960108452));
#9743 = CARTESIAN_POINT('',(0.,0.));
#9744 = ( GEOMETRIC_REPRESENTATION_CONTEXT(2) 
PARAMETRIC_REPRESENTATION_CONTEXT() REPRESENTATION_CONTEXT('2D SPACE',''
  ) );
#9745 = ADVANCED_FACE('',(#9746),#9487,.F.);
#9746 = FACE_BOUND('',#9747,.F.);
#9747 = EDGE_LOOP('',(#9748,#9770,#9799,#9818));
#9748 = ORIENTED_EDGE('',*,*,#9749,.F.);
#9749 = EDGE_CURVE('',#9750,#9462,#9752,.T.);
#9750 = VERTEX_POINT('',#9751);
#9751 = CARTESIAN_POINT('',(3.,-6.394884621841E-14,-4.));
#9752 = SURFACE_CURVE('',#9753,(#9756,#9763),.PCURVE_S1.);
#9753 = B_SPLINE_CURVE_WITH_KNOTS('',1,(#9754,#9755),.UNSPECIFIED.,.F.,
  .F.,(2,2),(-8.,0.),.PIECEWISE_BEZIER_KNOTS.);
#9754 = CARTESIAN_POINT('',(3.,-6.394884621841E-14,-4.));
#9755 = CARTESIAN_POINT('',(3.,-6.394884621841E-14,4.));
#9756 = PCURVE('',#9487,#9757);
#9757 = DEFINITIONAL_REPRESENTATION('',(#9758),#9762);
#9758 = LINE('',#9759,#9760);
#9759 = CARTESIAN_POINT('',(0.,4.));
#9760 = VECTOR('',#9761,1.);
#9761 = DIRECTION('',(0.,1.));
#9762 = ( GEOMETRIC_REPRESENTATION_CONTEXT(2) 
PARAMETRIC_REPRESENTATION_CONTEXT() REPRESENTATION_CONTEXT('2D SPACE',''
  ) );
#9763 = PCURVE('',#9520,#9764);
#9764 = DEFINITIONAL_REPRESENTATION('',(#9765),#9769);
#9765 = LINE('',#9766,#9767);
#9766 = CARTESIAN_POINT('',(6.28318530718,4.));
#9767 = VECTOR('',#9768,1.);
#9768 = DIRECTION('',(0.,1.));
#9769 = ( GEOMETRIC_REPRESENTATION_CONTEXT(2) 
PARAMETRIC_REPRESENTATION_CONTEXT() REPRESENTATION_CONTEXT('2D SPACE',''
  ) );
#9770 = ORIENTED_EDGE('',*,*,#9771,.F.);
#9771 = EDGE_CURVE('',#9772,#9750,#9774,.T.);
#9772 = VERTEX_POINT('',#9773);
#9773 = CARTESIAN_POINT('',(0.500000000004,2.958039891549,-4.));
#9774 = SURFACE_CURVE('',#9775,(#9780,#9787),.PCURVE_S1.);
#9775 = CIRCLE('',#9776,3.);
#9776 = AXIS2_PLACEMENT_3D('',#9777,#9778,#9779);
#9777 = CARTESIAN_POINT('',(1.239011033203E-13,2.047107742676E-13,-4.));
#9778 = DIRECTION('',(1.105198977666E-15,6.338045101476E-16,-1.));
#9779 = DIRECTION('',(0.166666666668,0.986013297183,8.091395044327E-16)
  );
#9780 = PCURVE('',#9487,#9781);
#9781 = DEFINITIONAL_REPRESENTATION('',(#9782),#9786);
#9782 = LINE('',#9783,#9784);
#9783 = CARTESIAN_POINT('',(1.403348247574,-4.));
#9784 = VECTOR('',#9785,1.);
#9785 = DIRECTION('',(-1.,6.328995110342E-16));
#9786 = ( GEOMETRIC_REPRESENTATION_CONTEXT(2) 
PARAMETRIC_REPRESENTATION_CONTEXT() REPRESENTATION_CONTEXT('2D SPACE',''
  ) );
#9787 = PCURVE('',#9788,#9793);
#9788 = PLANE('',#9789);
#9789 = AXIS2_PLACEMENT_3D('',#9790,#9791,#9792);
#9790 = CARTESIAN_POINT('',(-11.88486096375,-10.20525427719,-4.));
#9791 = DIRECTION('',(0.,0.,-1.));
#9792 = DIRECTION('',(-1.,0.,-0.));
#9793 = DEFINITIONAL_REPRESENTATION('',(#9794),#9798);
#9794 = CIRCLE('',#9795,3.);
#9795 = AXIS2_PLACEMENT_2D('',#9796,#9797);
#9796 = CARTESIAN_POINT('',(-11.88486096375,10.205254277195));
#9797 = DIRECTION('',(-0.166666666668,0.986013297183));
#9798 = ( GEOMETRIC_REPRESENTATION_CONTEXT(2) 
PARAMETRIC_REPRESENTATION_CONTEXT() REPRESENTATION_CONTEXT('2D SPACE',''
  ) );
#9799 = ORIENTED_EDGE('',*,*,#9800,.F.);
#9800 = EDGE_CURVE('',#9460,#9772,#9801,.T.);
#9801 = SURFACE_CURVE('',#9802,(#9805,#9812),.PCURVE_S1.);
#9802 = B_SPLINE_CURVE_WITH_KNOTS('',1,(#9803,#9804),.UNSPECIFIED.,.F.,
  .F.,(2,2),(0.,8.),.PIECEWISE_BEZIER_KNOTS.);
#9803 = CARTESIAN_POINT('',(0.500000000004,2.958039891549,4.));
#9804 = CARTESIAN_POINT('',(0.500000000004,2.958039891549,-4.));
#9805 = PCURVE('',#9487,#9806);
#9806 = DEFINITIONAL_REPRESENTATION('',(#9807),#9811);
#9807 = LINE('',#9808,#9809);
#9808 = CARTESIAN_POINT('',(1.403348247574,4.));
#9809 = VECTOR('',#9810,1.);
#9810 = DIRECTION('',(-2.22044604925E-16,-1.));
#9811 = ( GEOMETRIC_REPRESENTATION_CONTEXT(2) 
PARAMETRIC_REPRESENTATION_CONTEXT() REPRESENTATION_CONTEXT('2D SPACE',''
  ) );
#9812 = PCURVE('',#9735,#9813);
#9813 = DEFINITIONAL_REPRESENTATION('',(#9814),#9817);
#9814 = B_SPLINE_CURVE_WITH_KNOTS('',1,(#9815,#9816),.UNSPECIFIED.,.F.,
  .F.,(2,2),(0.,8.),.PIECEWISE_BEZIER_KNOTS.);
#9815 = CARTESIAN_POINT('',(0.,0.));
#9816 = CARTESIAN_POINT('',(8.,0.));
#9817 = ( GEOMETRIC_REPRESENTATION_CONTEXT(2) 
PARAMETRIC_REPRESENTATION_CONTEXT() REPRESENTATION_CONTEXT('2D SPACE',''
  ) );
#9818 = ORIENTED_EDGE('',*,*,#9459,.T.);
#9819 = ADVANCED_FACE('',(#9820),#9520,.F.);
#9820 = FACE_BOUND('',#9821,.F.);
#9821 = EDGE_LOOP('',(#9822,#9843,#9865,#9866));
#9822 = ORIENTED_EDGE('',*,*,#9823,.F.);
#9823 = EDGE_CURVE('',#9824,#9500,#9826,.T.);
#9824 = VERTEX_POINT('',#9825);
#9825 = CARTESIAN_POINT('',(0.500000000004,-2.958039891549,-4.));
#9826 = SURFACE_CURVE('',#9827,(#9830,#9837),.PCURVE_S1.);
#9827 = B_SPLINE_CURVE_WITH_KNOTS('',1,(#9828,#9829),.UNSPECIFIED.,.F.,
  .F.,(2,2),(-8.,0.),.PIECEWISE_BEZIER_KNOTS.);
#9828 = CARTESIAN_POINT('',(0.500000000004,-2.958039891549,-4.));
#9829 = CARTESIAN_POINT('',(0.500000000004,-2.958039891549,4.));
#9830 = PCURVE('',#9520,#9831);
#9831 = DEFINITIONAL_REPRESENTATION('',(#9832),#9836);
#9832 = LINE('',#9833,#9834);
#9833 = CARTESIAN_POINT('',(4.879837059606,4.));
#9834 = VECTOR('',#9835,1.);
#9835 = DIRECTION('',(2.22044604925E-15,1.));
#9836 = ( GEOMETRIC_REPRESENTATION_CONTEXT(2) 
PARAMETRIC_REPRESENTATION_CONTEXT() REPRESENTATION_CONTEXT('2D SPACE',''
  ) );
#9837 = PCURVE('',#9546,#9838);
#9838 = DEFINITIONAL_REPRESENTATION('',(#9839),#9842);
#9839 = B_SPLINE_CURVE_WITH_KNOTS('',1,(#9840,#9841),.UNSPECIFIED.,.F.,
  .F.,(2,2),(-8.,0.),.PIECEWISE_BEZIER_KNOTS.);
#9840 = CARTESIAN_POINT('',(8.,-7.029452286171));
#9841 = CARTESIAN_POINT('',(0.,-7.029452286171));
#9842 = ( GEOMETRIC_REPRESENTATION_CONTEXT(2) 
PARAMETRIC_REPRESENTATION_CONTEXT() REPRESENTATION_CONTEXT('2D SPACE',''
  ) );
#9843 = ORIENTED_EDGE('',*,*,#9844,.F.);
#9844 = EDGE_CURVE('',#9750,#9824,#9845,.T.);
#9845 = SURFACE_CURVE('',#9846,(#9851,#9858),.PCURVE_S1.);
#9846 = CIRCLE('',#9847,3.);
#9847 = AXIS2_PLACEMENT_3D('',#9848,#9849,#9850);
#9848 = CARTESIAN_POINT('',(1.042254387386E-13,-1.639343477983E-13,-4.)
  );
#9849 = DIRECTION('',(6.266143571413E-16,-2.293266818641E-16,-1.));
#9850 = DIRECTION('',(1.,3.332850052662E-14,6.266143571413E-16));
#9851 = PCURVE('',#9520,#9852);
#9852 = DEFINITIONAL_REPRESENTATION('',(#9853),#9857);
#9853 = LINE('',#9854,#9855);
#9854 = CARTESIAN_POINT('',(6.28318530718,-4.));
#9855 = VECTOR('',#9856,1.);
#9856 = DIRECTION('',(-1.,-6.328995110341E-16));
#9857 = ( GEOMETRIC_REPRESENTATION_CONTEXT(2) 
PARAMETRIC_REPRESENTATION_CONTEXT() REPRESENTATION_CONTEXT('2D SPACE',''
  ) );
#9858 = PCURVE('',#9788,#9859);
#9859 = DEFINITIONAL_REPRESENTATION('',(#9860),#9864);
#9860 = CIRCLE('',#9861,3.);
#9861 = AXIS2_PLACEMENT_2D('',#9862,#9863);
#9862 = CARTESIAN_POINT('',(-11.88486096375,10.205254277194));
#9863 = DIRECTION('',(-1.,3.332850052662E-14));
#9864 = ( GEOMETRIC_REPRESENTATION_CONTEXT(2) 
PARAMETRIC_REPRESENTATION_CONTEXT() REPRESENTATION_CONTEXT('2D SPACE',''
  ) );
#9865 = ORIENTED_EDGE('',*,*,#9749,.T.);
#9866 = ORIENTED_EDGE('',*,*,#9499,.T.);
#9867 = ADVANCED_FACE('',(#9868,#9911),#9546,.T.);
#9868 = FACE_BOUND('',#9869,.T.);
#9869 = EDGE_LOOP('',(#9870,#9871,#9872,#9892));
#9870 = ORIENTED_EDGE('',*,*,#9532,.F.);
#9871 = ORIENTED_EDGE('',*,*,#9823,.F.);
#9872 = ORIENTED_EDGE('',*,*,#9873,.T.);
#9873 = EDGE_CURVE('',#9824,#9874,#9876,.T.);
#9874 = VERTEX_POINT('',#9875);
#9875 = CARTESIAN_POINT('',(0.500000000004,-9.98749217772,-4.));
#9876 = SURFACE_CURVE('',#9877,(#9880,#9886),.PCURVE_S1.);
#9877 = B_SPLINE_CURVE_WITH_KNOTS('',1,(#9878,#9879),.UNSPECIFIED.,.F.,
  .F.,(2,2),(12.385770371118,19.415222657289),.PIECEWISE_BEZIER_KNOTS.);
#9878 = CARTESIAN_POINT('',(0.500000000004,-2.958039891549,-4.));
#9879 = CARTESIAN_POINT('',(0.500000000004,-9.98749217772,-4.));
#9880 = PCURVE('',#9546,#9881);
#9881 = DEFINITIONAL_REPRESENTATION('',(#9882),#9885);
#9882 = B_SPLINE_CURVE_WITH_KNOTS('',1,(#9883,#9884),.UNSPECIFIED.,.F.,
  .F.,(2,2),(12.385770371118,19.415222657289),.PIECEWISE_BEZIER_KNOTS.);
#9883 = CARTESIAN_POINT('',(8.,-7.029452286171));
#9884 = CARTESIAN_POINT('',(8.,0.));
#9885 = ( GEOMETRIC_REPRESENTATION_CONTEXT(2) 
PARAMETRIC_REPRESENTATION_CONTEXT() REPRESENTATION_CONTEXT('2D SPACE',''
  ) );
#9886 = PCURVE('',#9788,#9887);
#9887 = DEFINITIONAL_REPRESENTATION('',(#9888),#9891);
#9888 = B_SPLINE_CURVE_WITH_KNOTS('',1,(#9889,#9890),.UNSPECIFIED.,.F.,
  .F.,(2,2),(12.385770371118,19.415222657289),.PIECEWISE_BEZIER_KNOTS.);
#9889 = CARTESIAN_POINT('',(-12.38486096376,7.247214385645));
#9890 = CARTESIAN_POINT('',(-12.38486096376,0.217762099475));
#9891 = ( GEOMETRIC_REPRESENTATION_CONTEXT(2) 
PARAMETRIC_REPRESENTATION_CONTEXT() REPRESENTATION_CONTEXT('2D SPACE',''
  ) );
#9892 = ORIENTED_EDGE('',*,*,#9893,.T.);
#9893 = EDGE_CURVE('',#9874,#9533,#9894,.T.);
#9894 = SURFACE_CURVE('',#9895,(#9898,#9904),.PCURVE_S1.);
#9895 = B_SPLINE_CURVE_WITH_KNOTS('',1,(#9896,#9897),.UNSPECIFIED.,.F.,
  .F.,(2,2),(-8.,0.),.PIECEWISE_BEZIER_KNOTS.);
#9896 = CARTESIAN_POINT('',(0.500000000004,-9.98749217772,-4.));
#9897 = CARTESIAN_POINT('',(0.500000000004,-9.98749217772,4.));
#9898 = PCURVE('',#9546,#9899);
#9899 = DEFINITIONAL_REPRESENTATION('',(#9900),#9903);
#9900 = B_SPLINE_CURVE_WITH_KNOTS('',1,(#9901,#9902),.UNSPECIFIED.,.F.,
  .F.,(2,2),(-8.,0.),.PIECEWISE_BEZIER_KNOTS.);
#9901 = CARTESIAN_POINT('',(8.,0.));
#9902 = CARTESIAN_POINT('',(0.,0.));
#9903 = ( GEOMETRIC_REPRESENTATION_CONTEXT(2) 
PARAMETRIC_REPRESENTATION_CONTEXT() REPRESENTATION_CONTEXT('2D SPACE',''
  ) );
#9904 = PCURVE('',#9574,#9905);
#9905 = DEFINITIONAL_REPRESENTATION('',(#9906),#9910);
#9906 = LINE('',#9907,#9908);
#9907 = CARTESIAN_POINT('',(4.66236812358,-4.));
#9908 = VECTOR('',#9909,1.);
#9909 = DIRECTION('',(0.,-1.));
#9910 = ( GEOMETRIC_REPRESENTATION_CONTEXT(2) 
PARAMETRIC_REPRESENTATION_CONTEXT() REPRESENTATION_CONTEXT('2D SPACE',''
  ) );
#9911 = FACE_BOUND('',#9912,.T.);
#9912 = EDGE_LOOP('',(#9913,#9944));
#9913 = ORIENTED_EDGE('',*,*,#9914,.F.);
#9914 = EDGE_CURVE('',#9915,#9917,#9919,.T.);
#9915 = VERTEX_POINT('',#9916);
#9916 = CARTESIAN_POINT('',(0.500000000004,-5.987492177718,1.5));
#9917 = VERTEX_POINT('',#9918);
#9918 = CARTESIAN_POINT('',(0.500000000004,-5.987492177718,-1.5));
#9919 = SURFACE_CURVE('',#9920,(#9925,#9932),.PCURVE_S1.);
#9920 = CIRCLE('',#9921,1.5);
#9921 = AXIS2_PLACEMENT_3D('',#9922,#9923,#9924);
#9922 = CARTESIAN_POINT('',(0.500000000004,-5.987492177718,
    6.280369834735E-16));
#9923 = DIRECTION('',(-1.,0.,0.));
#9924 = DIRECTION('',(0.,0.,1.));
#9925 = PCURVE('',#9546,#9926);
#9926 = DEFINITIONAL_REPRESENTATION('',(#9927),#9931);
#9927 = CIRCLE('',#9928,1.5);
#9928 = AXIS2_PLACEMENT_2D('',#9929,#9930);
#9929 = CARTESIAN_POINT('',(4.,-4.000000000001));
#9930 = DIRECTION('',(-1.,-0.));
#9931 = ( GEOMETRIC_REPRESENTATION_CONTEXT(2) 
PARAMETRIC_REPRESENTATION_CONTEXT() REPRESENTATION_CONTEXT('2D SPACE',''
  ) );
#9932 = PCURVE('',#9933,#9938);
#9933 = CYLINDRICAL_SURFACE('',#9934,1.5);
#9934 = AXIS2_PLACEMENT_3D('',#9935,#9936,#9937);
#9935 = CARTESIAN_POINT('',(1.500000000004,-5.987492177718,
    6.280369834735E-16));
#9936 = DIRECTION('',(-1.,0.,0.));
#9937 = DIRECTION('',(0.,0.,-1.));
#9938 = DEFINITIONAL_REPRESENTATION('',(#9939),#9943);
#9939 = LINE('',#9940,#9941);
#9940 = CARTESIAN_POINT('',(3.14159265359,1.));
#9941 = VECTOR('',#9942,1.);
#9942 = DIRECTION('',(1.,0.));
#9943 = ( GEOMETRIC_REPRESENTATION_CONTEXT(2) 
PARAMETRIC_REPRESENTATION_CONTEXT() REPRESENTATION_CONTEXT('2D SPACE',''
  ) );
#9944 = ORIENTED_EDGE('',*,*,#9945,.F.);
#9945 = EDGE_CURVE('',#9917,#9915,#9946,.T.);
#9946 = SURFACE_CURVE('',#9947,(#9952,#9959),.PCURVE_S1.);
#9947 = CIRCLE('',#9948,1.5);
#9948 = AXIS2_PLACEMENT_3D('',#9949,#9950,#9951);
#9949 = CARTESIAN_POINT('',(0.500000000004,-5.987492177718,
    1.256073966947E-15));
#9950 = DIRECTION('',(-1.,0.,0.));
#9951 = DIRECTION('',(0.,5.921189464668E-16,-1.));
#9952 = PCURVE('',#9546,#9953);
#9953 = DEFINITIONAL_REPRESENTATION('',(#9954),#9958);
#9954 = CIRCLE('',#9955,1.5);
#9955 = AXIS2_PLACEMENT_2D('',#9956,#9957);
#9956 = CARTESIAN_POINT('',(4.,-4.000000000001));
#9957 = DIRECTION('',(1.,-5.921189464668E-16));
#9958 = ( GEOMETRIC_REPRESENTATION_CONTEXT(2) 
PARAMETRIC_REPRESENTATION_CONTEXT() REPRESENTATION_CONTEXT('2D SPACE',''
  ) );
#9959 = PCURVE('',#9960,#9965);
#9960 = CYLINDRICAL_SURFACE('',#9961,1.5);
#9961 = AXIS2_PLACEMENT_3D('',#9962,#9963,#9964);
#9962 = CARTESIAN_POINT('',(1.500000000004,-5.987492177718,
    1.256073966947E-15));
#9963 = DIRECTION('',(-1.,0.,0.));
#9964 = DIRECTION('',(0.,0.,-1.));
#9965 = DEFINITIONAL_REPRESENTATION('',(#9966),#9970);
#9966 = LINE('',#9967,#9968);
#9967 = CARTESIAN_POINT('',(0.,1.));
#9968 = VECTOR('',#9969,1.);
#9969 = DIRECTION('',(1.,0.));
#9970 = ( GEOMETRIC_REPRESENTATION_CONTEXT(2) 
PARAMETRIC_REPRESENTATION_CONTEXT() REPRESENTATION_CONTEXT('2D SPACE',''
  ) );
#9971 = ADVANCED_FACE('',(#9972,#10024),#9574,.T.);
#9972 = FACE_BOUND('',#9973,.T.);
#9973 = EDGE_LOOP('',(#9974,#9975,#9976,#10004));
#9974 = ORIENTED_EDGE('',*,*,#9557,.F.);
#9975 = ORIENTED_EDGE('',*,*,#9893,.F.);
#9976 = ORIENTED_EDGE('',*,*,#9977,.T.);
#9977 = EDGE_CURVE('',#9874,#9978,#9980,.T.);
#9978 = VERTEX_POINT('',#9979);
#9979 = CARTESIAN_POINT('',(10.000000000018,-6.394884621841E-14,-4.));
#9980 = SURFACE_CURVE('',#9981,(#9986,#9993),.PCURVE_S1.);
#9981 = CIRCLE('',#9982,10.);
#9982 = AXIS2_PLACEMENT_3D('',#9983,#9984,#9985);
#9983 = CARTESIAN_POINT('',(1.812781926504E-11,-5.806016161353E-14,-4.)
  );
#9984 = DIRECTION('',(7.241635009135E-17,-1.578107614527E-16,1.));
#9985 = DIRECTION('',(4.999999999861E-02,-0.998749217772,
    -1.612341920614E-16));
#9986 = PCURVE('',#9574,#9987);
#9987 = DEFINITIONAL_REPRESENTATION('',(#9988),#9992);
#9988 = LINE('',#9989,#9990);
#9989 = CARTESIAN_POINT('',(4.66236812358,4.));
#9990 = VECTOR('',#9991,1.);
#9991 = DIRECTION('',(-1.,-5.840299486851E-16));
#9992 = ( GEOMETRIC_REPRESENTATION_CONTEXT(2) 
PARAMETRIC_REPRESENTATION_CONTEXT() REPRESENTATION_CONTEXT('2D SPACE',''
  ) );
#9993 = PCURVE('',#9788,#9994);
#9994 = DEFINITIONAL_REPRESENTATION('',(#9995),#10003);
#9995 = ( BOUNDED_CURVE() B_SPLINE_CURVE(2,(#9996,#9997,#9998,#9999,
    #10000,#10001,#10002),.UNSPECIFIED.,.T.,.F.) 
B_SPLINE_CURVE_WITH_KNOTS((1,2,2,2,2,1),(-2.094395102393,0.,
    2.094395102393,4.188790204786,6.28318530718,8.377580409573),
.UNSPECIFIED.) CURVE() GEOMETRIC_REPRESENTATION_ITEM() 
RATIONAL_B_SPLINE_CURVE((1.,0.5,1.,0.5,1.,0.5,1.)) REPRESENTATION_ITEM(
  '') );
#9996 = CARTESIAN_POINT('',(-12.38486096376,0.217762099475));
#9997 = CARTESIAN_POINT('',(-29.68370485577,1.083787503235));
#9998 = CARTESIAN_POINT('',(-20.28428290978,15.632013067934));
#9999 = CARTESIAN_POINT('',(-10.8848609638,30.180238632634));
#10000 = CARTESIAN_POINT('',(-2.98543901778,14.765987664174));
#10001 = CARTESIAN_POINT('',(4.913982928244,-0.648263304286));
#10002 = CARTESIAN_POINT('',(-12.38486096376,0.217762099475));
#10003 = ( GEOMETRIC_REPRESENTATION_CONTEXT(2) 
PARAMETRIC_REPRESENTATION_CONTEXT() REPRESENTATION_CONTEXT('2D SPACE',''
  ) );
#10004 = ORIENTED_EDGE('',*,*,#10005,.T.);
#10005 = EDGE_CURVE('',#9978,#9558,#10006,.T.);
#10006 = SURFACE_CURVE('',#10007,(#10010,#10017),.PCURVE_S1.);
#10007 = B_SPLINE_CURVE_WITH_KNOTS('',1,(#10008,#10009),.UNSPECIFIED.,
  .F.,.F.,(2,2),(-8.,0.),.PIECEWISE_BEZIER_KNOTS.);
#10008 = CARTESIAN_POINT('',(10.000000000018,-6.394884621841E-14,-4.));
#10009 = CARTESIAN_POINT('',(10.000000000018,-6.394884621841E-14,4.));
#10010 = PCURVE('',#9574,#10011);
#10011 = DEFINITIONAL_REPRESENTATION('',(#10012),#10016);
#10012 = LINE('',#10013,#10014);
#10013 = CARTESIAN_POINT('',(3.14159265359,-4.));
#10014 = VECTOR('',#10015,1.);
#10015 = DIRECTION('',(0.,-1.));
#10016 = ( GEOMETRIC_REPRESENTATION_CONTEXT(2) 
PARAMETRIC_REPRESENTATION_CONTEXT() REPRESENTATION_CONTEXT('2D SPACE',''
  ) );
#10017 = PCURVE('',#9603,#10018);
#10018 = DEFINITIONAL_REPRESENTATION('',(#10019),#10023);
#10019 = LINE('',#10020,#10021);
#10020 = CARTESIAN_POINT('',(3.14159265359,-4.));
#10021 = VECTOR('',#10022,1.);
#10022 = DIRECTION('',(0.,-1.));
#10023 = ( GEOMETRIC_REPRESENTATION_CONTEXT(2) 
PARAMETRIC_REPRESENTATION_CONTEXT() REPRESENTATION_CONTEXT('2D SPACE',''
  ) );
#10024 = FACE_BOUND('',#10025,.T.);
#10025 = EDGE_LOOP('',(#10026,#10157));
#10026 = ORIENTED_EDGE('',*,*,#10027,.F.);
#10027 = EDGE_CURVE('',#10028,#10030,#10032,.T.);
#10028 = VERTEX_POINT('',#10029);
#10029 = CARTESIAN_POINT('',(8.009365606741,-5.987492177685,1.5));
#10030 = VERTEX_POINT('',#10031);
#10031 = CARTESIAN_POINT('',(8.009365606716,-5.987492177718,-1.5));
#10032 = SURFACE_CURVE('',#10033,(#10055,#10106),.PCURVE_S1.);
#10033 = B_SPLINE_CURVE_WITH_KNOTS('',3,(#10034,#10035,#10036,#10037,
    #10038,#10039,#10040,#10041,#10042,#10043,#10044,#10045,#10046,
    #10047,#10048,#10049,#10050,#10051,#10052,#10053,#10054),
  .UNSPECIFIED.,.F.,.F.,(4,2,3,2,3,2,3,2,4),(5.193328630574,
    5.813214517515,6.432059903858,7.204362000785,7.996694006386,
    8.789026011988,9.561328108915,10.180173495258,10.800059382157),
  .UNSPECIFIED.);
#10034 = CARTESIAN_POINT('',(8.009365606741,-5.987492177685,1.5));
#10035 = CARTESIAN_POINT('',(7.886196572327,-6.152253282798,
    1.500000000004));
#10036 = CARTESIAN_POINT('',(7.7575273482,-6.313512383158,1.472890486658
    ));
#10037 = CARTESIAN_POINT('',(7.500196994276,-6.617142975404,
    1.370820646031));
#10038 = CARTESIAN_POINT('',(7.369818941907,-6.761524051325,
    1.29523609863));
#10039 = CARTESIAN_POINT('',(7.245688373108,-6.89202437605,
    1.196587440257));
#10040 = CARTESIAN_POINT('',(7.09269162482,-7.052872147287,
    1.074998341777));
#10041 = CARTESIAN_POINT('',(6.942495358377,-7.199078909256,
    0.912976168251));
#10042 = CARTESIAN_POINT('',(6.708530624921,-7.41767539552,
    0.508672928466));
#10043 = CARTESIAN_POINT('',(6.628533841571,-7.487492177718,
    0.265712555075));
#10044 = CARTESIAN_POINT('',(6.628533841571,-7.487492177718,
    2.6645352591E-15));
#10045 = CARTESIAN_POINT('',(6.628533841571,-7.487492177718,
    -0.265712555075));
#10046 = CARTESIAN_POINT('',(6.708530624921,-7.41767539552,
    -0.508672928466));
#10047 = CARTESIAN_POINT('',(6.942495358377,-7.199078909256,
    -0.912976168251));
#10048 = CARTESIAN_POINT('',(7.09269162482,-7.052872147286,
    -1.074998341777));
#10049 = CARTESIAN_POINT('',(7.245688373108,-6.89202437605,
    -1.196587440257));
#10050 = CARTESIAN_POINT('',(7.369818941907,-6.761524051325,
    -1.29523609863));
#10051 = CARTESIAN_POINT('',(7.500196994276,-6.617142975404,
    -1.370820646031));
#10052 = CARTESIAN_POINT('',(7.757527348191,-6.313512383169,
    -1.472890486655));
#10053 = CARTESIAN_POINT('',(7.88619657231,-6.15225328282,-1.5));
#10054 = CARTESIAN_POINT('',(8.009365606716,-5.987492177718,-1.5));
#10055 = PCURVE('',#9574,#10056);
#10056 = DEFINITIONAL_REPRESENTATION('',(#10057),#10105);
#10057 = B_SPLINE_CURVE_WITH_KNOTS('',3,(#10058,#10059,#10060,#10061,
    #10062,#10063,#10064,#10065,#10066,#10067,#10068,#10069,#10070,
    #10071,#10072,#10073,#10074,#10075,#10076,#10077,#10078,#10079,
    #10080,#10081,#10082,#10083,#10084,#10085,#10086,#10087,#10088,
    #10089,#10090,#10091,#10092,#10093,#10094,#10095,#10096,#10097,
    #10098,#10099,#10100,#10101,#10102,#10103,#10104),.UNSPECIFIED.,.F.,
  .F.,(4,1,1,1,1,1,1,1,1,1,1,1,1,1,1,1,1,1,1,1,1,1,1,1,1,1,1,1,1,1,1,1,1
    ,1,1,1,1,1,1,1,1,1,1,1,4),(5.193328630574,5.320754329474,
    5.448180028373,5.575605727273,5.703031426173,5.830457125072,
    5.957882823972,6.085308522871,6.212734221771,6.340159920671,
    6.46758561957,6.59501131847,6.722437017369,6.849862716269,
    6.977288415169,7.104714114068,7.232139812968,7.359565511868,
    7.486991210767,7.614416909667,7.741842608566,7.869268307466,
    7.996694006366,8.124119705265,8.251545404165,8.378971103064,
    8.506396801964,8.633822500864,8.761248199763,8.888673898663,
    9.016099597562,9.143525296462,9.270950995362,9.398376694261,
    9.525802393161,9.653228092061,9.78065379096,9.90807948986,
    10.035505188759,10.162930887659,10.290356586559,10.417782285458,
    10.545207984358,10.672633683257,10.800059382157),
  .QUASI_UNIFORM_KNOTS.);
#10058 = CARTESIAN_POINT('',(3.783531199559,-1.5));
#10059 = CARTESIAN_POINT('',(3.787759837555,-1.500000000001));
#10060 = CARTESIAN_POINT('',(3.796221252854,-1.497709023223));
#10061 = CARTESIAN_POINT('',(3.808886946033,-1.487562317926));
#10062 = CARTESIAN_POINT('',(3.821485991901,-1.470872161135));
#10063 = CARTESIAN_POINT('',(3.833982967407,-1.447790996983));
#10064 = CARTESIAN_POINT('',(3.846324009851,-1.418524549184));
#10065 = CARTESIAN_POINT('',(3.858527600723,-1.383069714211));
#10066 = CARTESIAN_POINT('',(3.870566413577,-1.341430094834));
#10067 = CARTESIAN_POINT('',(3.88237785301,-1.293726760216));
#10068 = CARTESIAN_POINT('',(3.893927083559,-1.239952182933));
#10069 = CARTESIAN_POINT('',(3.905102191367,-1.180495755517));
#10070 = CARTESIAN_POINT('',(3.915877238419,-1.115375864581));
#10071 = CARTESIAN_POINT('',(3.926358885099,-1.04350480304));
#10072 = CARTESIAN_POINT('',(3.936385700274,-0.965273921368));
#10073 = CARTESIAN_POINT('',(3.945868221727,-0.880673083059));
#10074 = CARTESIAN_POINT('',(3.954695036092,-0.789819041969));
#10075 = CARTESIAN_POINT('',(3.962769063356,-0.692722477492));
#10076 = CARTESIAN_POINT('',(3.96995262883,-0.589723279746));
#10077 = CARTESIAN_POINT('',(3.976113091411,-0.481273312946));
#10078 = CARTESIAN_POINT('',(3.981127589492,-0.367762425071));
#10079 = CARTESIAN_POINT('',(3.984870440093,-0.249495718015));
#10080 = CARTESIAN_POINT('',(3.98721651826,-0.127179294238));
#10081 = CARTESIAN_POINT('',(3.988040365084,-2.125223189518E-11));
#10082 = CARTESIAN_POINT('',(3.987216518261,0.127179294198));
#10083 = CARTESIAN_POINT('',(3.984870440094,0.249495717975));
#10084 = CARTESIAN_POINT('',(3.981127589493,0.367762425033));
#10085 = CARTESIAN_POINT('',(3.976113091413,0.48127331291));
#10086 = CARTESIAN_POINT('',(3.969952628832,0.589723279711));
#10087 = CARTESIAN_POINT('',(3.962769063359,0.692722477459));
#10088 = CARTESIAN_POINT('',(3.954695036095,0.789819041938));
#10089 = CARTESIAN_POINT('',(3.94586822173,0.880673083031));
#10090 = CARTESIAN_POINT('',(3.936385700277,0.965273921341));
#10091 = CARTESIAN_POINT('',(3.926358885102,1.043504803015));
#10092 = CARTESIAN_POINT('',(3.915877238423,1.115375864559));
#10093 = CARTESIAN_POINT('',(3.905102191371,1.180495755497));
#10094 = CARTESIAN_POINT('',(3.893927083563,1.239952182914));
#10095 = CARTESIAN_POINT('',(3.882377853014,1.2937267602));
#10096 = CARTESIAN_POINT('',(3.870566413581,1.34143009482));
#10097 = CARTESIAN_POINT('',(3.858527600727,1.383069714199));
#10098 = CARTESIAN_POINT('',(3.846324009855,1.418524549174));
#10099 = CARTESIAN_POINT('',(3.833982967411,1.447790996974));
#10100 = CARTESIAN_POINT('',(3.821485991905,1.470872161128));
#10101 = CARTESIAN_POINT('',(3.808886946037,1.487562317922));
#10102 = CARTESIAN_POINT('',(3.796221252858,1.497709023221));
#10103 = CARTESIAN_POINT('',(3.787759837559,1.5));
#10104 = CARTESIAN_POINT('',(3.783531199563,1.5));
#10105 = ( GEOMETRIC_REPRESENTATION_CONTEXT(2) 
PARAMETRIC_REPRESENTATION_CONTEXT() REPRESENTATION_CONTEXT('2D SPACE',''
  ) );
#10106 = PCURVE('',#9960,#10107);
#10107 = DEFINITIONAL_REPRESENTATION('',(#10108),#10156);
#10108 = B_SPLINE_CURVE_WITH_KNOTS('',3,(#10109,#10110,#10111,#10112,
    #10113,#10114,#10115,#10116,#10117,#10118,#10119,#10120,#10121,
    #10122,#10123,#10124,#10125,#10126,#10127,#10128,#10129,#10130,
    #10131,#10132,#10133,#10134,#10135,#10136,#10137,#10138,#10139,
    #10140,#10141,#10142,#10143,#10144,#10145,#10146,#10147,#10148,
    #10149,#10150,#10151,#10152,#10153,#10154,#10155),.UNSPECIFIED.,.F.,
  .F.,(4,1,1,1,1,1,1,1,1,1,1,1,1,1,1,1,1,1,1,1,1,1,1,1,1,1,1,1,1,1,1,1,1
    ,1,1,1,1,1,1,1,1,1,1,1,4),(5.193328630574,5.320754329474,
    5.448180028373,5.575605727273,5.703031426173,5.830457125072,
    5.957882823972,6.085308522871,6.212734221771,6.340159920671,
    6.46758561957,6.59501131847,6.722437017369,6.849862716269,
    6.977288415169,7.104714114068,7.232139812968,7.359565511868,
    7.486991210767,7.614416909667,7.741842608566,7.869268307466,
    7.996694006366,8.124119705265,8.251545404165,8.378971103064,
    8.506396801964,8.633822500864,8.761248199763,8.888673898663,
    9.016099597562,9.143525296462,9.270950995362,9.398376694261,
    9.525802393161,9.653228092061,9.78065379096,9.90807948986,
    10.035505188759,10.162930887659,10.290356586559,10.417782285458,
    10.545207984358,10.672633683257,10.800059382157),
  .QUASI_UNIFORM_KNOTS.);
#10109 = CARTESIAN_POINT('',(3.141592653612,-6.509365606737));
#10110 = CARTESIAN_POINT('',(3.119014446761,-6.484046591377));
#10111 = CARTESIAN_POINT('',(3.074051721794,-6.432943979574));
#10112 = CARTESIAN_POINT('',(3.007098999912,-6.355175275915));
#10113 = CARTESIAN_POINT('',(2.940551256351,-6.276579861303));
#10114 = CARTESIAN_POINT('',(2.874310507006,-6.197413898765));
#10115 = CARTESIAN_POINT('',(2.808386890472,-6.118052081524));
#10116 = CARTESIAN_POINT('',(2.742404489616,-6.038403247532));
#10117 = CARTESIAN_POINT('',(2.676174072943,-5.958733376466));
#10118 = CARTESIAN_POINT('',(2.609695972552,-5.87953421537));
#10119 = CARTESIAN_POINT('',(2.542800445166,-5.801108604369));
#10120 = CARTESIAN_POINT('',(2.475764254939,-5.724289243894));
#10121 = CARTESIAN_POINT('',(2.408376530422,-5.649309295526));
#10122 = CARTESIAN_POINT('',(2.339402376486,-5.575580194846));
#10123 = CARTESIAN_POINT('',(2.269204548915,-5.504351487138));
#10124 = CARTESIAN_POINT('',(2.19766873629,-5.436373584831));
#10125 = CARTESIAN_POINT('',(2.124769307833,-5.372555322067));
#10126 = CARTESIAN_POINT('',(2.05034653549,-5.31367097899));
#10127 = CARTESIAN_POINT('',(1.974428680247,-5.260919546787));
#10128 = CARTESIAN_POINT('',(1.897066918083,-5.215419478974));
#10129 = CARTESIAN_POINT('',(1.8182147516,-5.178184777936));
#10130 = CARTESIAN_POINT('',(1.737708586412,-5.150257434348));
#10131 = CARTESIAN_POINT('',(1.65558403963,-5.132671936865));
#10132 = CARTESIAN_POINT('',(1.570796326809,-5.126464793918));
#10133 = CARTESIAN_POINT('',(1.486008613987,-5.132671936861));
#10134 = CARTESIAN_POINT('',(1.403884067204,-5.15025743434));
#10135 = CARTESIAN_POINT('',(1.323377902016,-5.178184777926));
#10136 = CARTESIAN_POINT('',(1.244525735533,-5.21541947896));
#10137 = CARTESIAN_POINT('',(1.167163973368,-5.260919546771));
#10138 = CARTESIAN_POINT('',(1.091246118125,-5.313670978972));
#10139 = CARTESIAN_POINT('',(1.016823345781,-5.372555322047));
#10140 = CARTESIAN_POINT('',(0.943923917323,-5.436373584809));
#10141 = CARTESIAN_POINT('',(0.872388104698,-5.504351487115));
#10142 = CARTESIAN_POINT('',(0.802190277127,-5.575580194823));
#10143 = CARTESIAN_POINT('',(0.73321612319,-5.649309295502));
#10144 = CARTESIAN_POINT('',(0.665828398672,-5.72428924387));
#10145 = CARTESIAN_POINT('',(0.598792208446,-5.801108604344));
#10146 = CARTESIAN_POINT('',(0.531896681059,-5.879534215344));
#10147 = CARTESIAN_POINT('',(0.465418580669,-5.95873337644));
#10148 = CARTESIAN_POINT('',(0.399188163995,-6.038403247507));
#10149 = CARTESIAN_POINT('',(0.333205763139,-6.118052081498));
#10150 = CARTESIAN_POINT('',(0.267282146605,-6.197413898739));
#10151 = CARTESIAN_POINT('',(0.20104139726,-6.276579861277));
#10152 = CARTESIAN_POINT('',(0.1344936537,-6.355175275889));
#10153 = CARTESIAN_POINT('',(6.754093181719E-02,-6.432943979548));
#10154 = CARTESIAN_POINT('',(2.257820685036E-02,-6.484046591352));
#10155 = CARTESIAN_POINT('',(0.,-6.509365606712));
#10156 = ( GEOMETRIC_REPRESENTATION_CONTEXT(2) 
PARAMETRIC_REPRESENTATION_CONTEXT() REPRESENTATION_CONTEXT('2D SPACE',''
  ) );
#10157 = ORIENTED_EDGE('',*,*,#10158,.F.);
#10158 = EDGE_CURVE('',#10030,#10028,#10159,.T.);
#10159 = SURFACE_CURVE('',#10160,(#10180,#10231),.PCURVE_S1.);
#10160 = B_SPLINE_CURVE_WITH_KNOTS('',3,(#10161,#10162,#10163,#10164,
    #10165,#10166,#10167,#10168,#10169,#10170,#10171,#10172,#10173,
    #10174,#10175,#10176,#10177,#10178,#10179),.UNSPECIFIED.,.F.,.F.,(4,
    2,2,2,3,2,2,2,4),(0.,0.642725886537,1.286944298734,1.941330530823,
    2.596664315308,3.251998099792,3.906384331882,4.550602744079,
    5.193328630574),.UNSPECIFIED.);
#10161 = CARTESIAN_POINT('',(8.009365606716,-5.987492177718,-1.5));
#10162 = CARTESIAN_POINT('',(8.136838722991,-5.816973576114,-1.5));
#10163 = CARTESIAN_POINT('',(8.258870427463,-5.642038330746,
    -1.470942191636));
#10164 = CARTESIAN_POINT('',(8.482153019979,-5.300453805756,
    -1.345786406551));
#10165 = CARTESIAN_POINT('',(8.582433313847,-5.135222606082,
    -1.249937624949));
#10166 = CARTESIAN_POINT('',(8.752706338582,-4.839392192229,
    -0.985801912052));
#10167 = CARTESIAN_POINT('',(8.820185185548,-4.713213395989,
    -0.819494953439));
#10168 = CARTESIAN_POINT('',(8.912957200988,-4.53533574002,
    -0.432124433344));
#10169 = CARTESIAN_POINT('',(8.936577306511,-4.487492177718,
    -0.21847785675));
#10170 = CARTESIAN_POINT('',(8.936577306511,-4.487492177718,
    8.881784197001E-16));
#10171 = CARTESIAN_POINT('',(8.936577306511,-4.487492177718,
    0.21847785675));
#10172 = CARTESIAN_POINT('',(8.912957200988,-4.53533574002,
    0.432124433344));
#10173 = CARTESIAN_POINT('',(8.820185185548,-4.71321339599,
    0.819494953439));
#10174 = CARTESIAN_POINT('',(8.752706338582,-4.839392192229,
    0.985801912052));
#10175 = CARTESIAN_POINT('',(8.582433313847,-5.135222606082,
    1.249937624949));
#10176 = CARTESIAN_POINT('',(8.482153019979,-5.300453805757,
    1.345786406551));
#10177 = CARTESIAN_POINT('',(8.25887042747,-5.642038330735,
    1.470942191632));
#10178 = CARTESIAN_POINT('',(8.136838723006,-5.816973576091,
    1.499999999996));
#10179 = CARTESIAN_POINT('',(8.009365606741,-5.987492177685,1.5));
#10180 = PCURVE('',#9574,#10181);
#10181 = DEFINITIONAL_REPRESENTATION('',(#10182),#10230);
#10182 = B_SPLINE_CURVE_WITH_KNOTS('',3,(#10183,#10184,#10185,#10186,
    #10187,#10188,#10189,#10190,#10191,#10192,#10193,#10194,#10195,
    #10196,#10197,#10198,#10199,#10200,#10201,#10202,#10203,#10204,
    #10205,#10206,#10207,#10208,#10209,#10210,#10211,#10212,#10213,
    #10214,#10215,#10216,#10217,#10218,#10219,#10220,#10221,#10222,
    #10223,#10224,#10225,#10226,#10227,#10228,#10229),.UNSPECIFIED.,.F.,
  .F.,(4,1,1,1,1,1,1,1,1,1,1,1,1,1,1,1,1,1,1,1,1,1,1,1,1,1,1,1,1,1,1,1,1
    ,1,1,1,1,1,1,1,1,1,1,1,4),(0.,0.118030196149,0.236060392299,
    0.354090588448,0.472120784598,0.590150980747,0.708181176896,
    0.826211373046,0.944241569195,1.062271765345,1.180301961494,
    1.298332157644,1.416362353793,1.534392549942,1.652422746092,
    1.770452942241,1.888483138391,2.00651333454,2.124543530689,
    2.242573726839,2.360603922988,2.478634119138,2.596664315287,
    2.714694511436,2.832724707586,2.950754903735,3.068785099885,
    3.186815296034,3.304845492184,3.422875688333,3.540905884482,
    3.658936080632,3.776966276781,3.894996472931,4.01302666908,
    4.131056865229,4.249087061379,4.367117257528,4.485147453678,
    4.603177649827,4.721207845977,4.839238042126,4.957268238275,
    5.075298434425,5.193328630574),.QUASI_UNIFORM_KNOTS.);
#10183 = CARTESIAN_POINT('',(3.783531199563,1.5));
#10184 = CARTESIAN_POINT('',(3.779621534117,1.5));
#10185 = CARTESIAN_POINT('',(3.771800272431,1.498040139603));
#10186 = CARTESIAN_POINT('',(3.760098433426,1.48905755797));
#10187 = CARTESIAN_POINT('',(3.748462535237,1.473869363331));
#10188 = CARTESIAN_POINT('',(3.736928320309,1.452311376142));
#10189 = CARTESIAN_POINT('',(3.725532722468,1.424224459277));
#10190 = CARTESIAN_POINT('',(3.714308408061,1.389430663522));
#10191 = CARTESIAN_POINT('',(3.703336893958,1.347912766847));
#10192 = CARTESIAN_POINT('',(3.692661057689,1.299595708849));
#10193 = CARTESIAN_POINT('',(3.682327855408,1.244397676619));
#10194 = CARTESIAN_POINT('',(3.672389148329,1.18228112306));
#10195 = CARTESIAN_POINT('',(3.662874489249,1.113038190341));
#10196 = CARTESIAN_POINT('',(3.653901213628,1.037115147571));
#10197 = CARTESIAN_POINT('',(3.645554310686,0.954999130942));
#10198 = CARTESIAN_POINT('',(3.637872535463,0.866828391923));
#10199 = CARTESIAN_POINT('',(3.630907132584,0.77282323789));
#10200 = CARTESIAN_POINT('',(3.624707134278,0.673224637313));
#10201 = CARTESIAN_POINT('',(3.619319278932,0.568108858381));
#10202 = CARTESIAN_POINT('',(3.614870729091,0.459578299069));
#10203 = CARTESIAN_POINT('',(3.611368791316,0.347969114596));
#10204 = CARTESIAN_POINT('',(3.608839520718,0.233836197694));
#10205 = CARTESIAN_POINT('',(3.607304022124,0.117776599016));
#10206 = CARTESIAN_POINT('',(3.606784807258,2.088747638834E-11));
#10207 = CARTESIAN_POINT('',(3.607304022124,-0.117776598975));
#10208 = CARTESIAN_POINT('',(3.608839520717,-0.233836197653));
#10209 = CARTESIAN_POINT('',(3.611368791315,-0.347969114556));
#10210 = CARTESIAN_POINT('',(3.614870729089,-0.45957829903));
#10211 = CARTESIAN_POINT('',(3.61931927893,-0.568108858344));
#10212 = CARTESIAN_POINT('',(3.624707134276,-0.673224637277));
#10213 = CARTESIAN_POINT('',(3.630907132582,-0.772823237856));
#10214 = CARTESIAN_POINT('',(3.63787253546,-0.866828391891));
#10215 = CARTESIAN_POINT('',(3.645554310683,-0.954999130912));
#10216 = CARTESIAN_POINT('',(3.653901213625,-1.037115147543));
#10217 = CARTESIAN_POINT('',(3.662874489245,-1.113038190316));
#10218 = CARTESIAN_POINT('',(3.672389148326,-1.182281123037));
#10219 = CARTESIAN_POINT('',(3.682327855405,-1.244397676599));
#10220 = CARTESIAN_POINT('',(3.692661057686,-1.29959570883));
#10221 = CARTESIAN_POINT('',(3.703336893954,-1.347912766831));
#10222 = CARTESIAN_POINT('',(3.714308408057,-1.389430663509));
#10223 = CARTESIAN_POINT('',(3.725532722464,-1.424224459266));
#10224 = CARTESIAN_POINT('',(3.736928320305,-1.452311376133));
#10225 = CARTESIAN_POINT('',(3.748462535233,-1.473869363324));
#10226 = CARTESIAN_POINT('',(3.760098433422,-1.489057557966));
#10227 = CARTESIAN_POINT('',(3.771800272427,-1.498040139601));
#10228 = CARTESIAN_POINT('',(3.779621534113,-1.499999999999));
#10229 = CARTESIAN_POINT('',(3.783531199559,-1.5));
#10230 = ( GEOMETRIC_REPRESENTATION_CONTEXT(2) 
PARAMETRIC_REPRESENTATION_CONTEXT() REPRESENTATION_CONTEXT('2D SPACE',''
  ) );
#10231 = PCURVE('',#9933,#10232);
#10232 = DEFINITIONAL_REPRESENTATION('',(#10233),#10281);
#10233 = B_SPLINE_CURVE_WITH_KNOTS('',3,(#10234,#10235,#10236,#10237,
    #10238,#10239,#10240,#10241,#10242,#10243,#10244,#10245,#10246,
    #10247,#10248,#10249,#10250,#10251,#10252,#10253,#10254,#10255,
    #10256,#10257,#10258,#10259,#10260,#10261,#10262,#10263,#10264,
    #10265,#10266,#10267,#10268,#10269,#10270,#10271,#10272,#10273,
    #10274,#10275,#10276,#10277,#10278,#10279,#10280),.UNSPECIFIED.,.F.,
  .F.,(4,1,1,1,1,1,1,1,1,1,1,1,1,1,1,1,1,1,1,1,1,1,1,1,1,1,1,1,1,1,1,1,1
    ,1,1,1,1,1,1,1,1,1,1,1,4),(0.,0.118030196149,0.236060392299,
    0.354090588448,0.472120784598,0.590150980747,0.708181176896,
    0.826211373046,0.944241569195,1.062271765345,1.180301961494,
    1.298332157644,1.416362353793,1.534392549942,1.652422746092,
    1.770452942241,1.888483138391,2.00651333454,2.124543530689,
    2.242573726839,2.360603922988,2.478634119138,2.596664315287,
    2.714694511436,2.832724707586,2.950754903735,3.068785099885,
    3.186815296034,3.304845492184,3.422875688333,3.540905884482,
    3.658936080632,3.776966276781,3.894996472931,4.01302666908,
    4.131056865229,4.249087061379,4.367117257528,4.485147453678,
    4.603177649827,4.721207845977,4.839238042126,4.957268238275,
    5.075298434425,5.193328630574),.QUASI_UNIFORM_KNOTS.);
#10234 = CARTESIAN_POINT('',(6.28318530718,-6.509365606712));
#10235 = CARTESIAN_POINT('',(6.262307934559,-6.53277477263));
#10236 = CARTESIAN_POINT('',(6.220359661006,-6.579226089006));
#10237 = CARTESIAN_POINT('',(6.156803647519,-6.647613372501));
#10238 = CARTESIAN_POINT('',(6.0925684824,-6.714522073967));
#10239 = CARTESIAN_POINT('',(6.027582473033,-6.779764164399));
#10240 = CARTESIAN_POINT('',(5.961764435555,-6.843148413241));
#10241 = CARTESIAN_POINT('',(5.894981311028,-6.904495534183));
#10242 = CARTESIAN_POINT('',(5.827393796971,-6.96341539488));
#10243 = CARTESIAN_POINT('',(5.758941689565,-7.019778633396));
#10244 = CARTESIAN_POINT('',(5.689552458004,-7.07342330725));
#10245 = CARTESIAN_POINT('',(5.619165749277,-7.124170110374));
#10246 = CARTESIAN_POINT('',(5.547516235238,-7.171941771605));
#10247 = CARTESIAN_POINT('',(5.474984716235,-7.216259336752));
#10248 = CARTESIAN_POINT('',(5.401814977643,-7.256856543279));
#10249 = CARTESIAN_POINT('',(5.327870813962,-7.29367938537));
#10250 = CARTESIAN_POINT('',(5.253079001273,-7.326618222254));
#10251 = CARTESIAN_POINT('',(5.177340357425,-7.355573696251));
#10252 = CARTESIAN_POINT('',(5.100418293639,-7.38046095228));
#10253 = CARTESIAN_POINT('',(5.023469963123,-7.400851578145));
#10254 = CARTESIAN_POINT('',(4.946268264298,-7.416771655197));
#10255 = CARTESIAN_POINT('',(4.86876195647,-7.428177718239));
#10256 = CARTESIAN_POINT('',(4.790907300418,-7.435044943416));
#10257 = CARTESIAN_POINT('',(4.712388980399,-7.437343488051));
#10258 = CARTESIAN_POINT('',(4.633870660379,-7.435044943417));
#10259 = CARTESIAN_POINT('',(4.556016004326,-7.428177718242));
#10260 = CARTESIAN_POINT('',(4.478509696498,-7.416771655202));
#10261 = CARTESIAN_POINT('',(4.401307997673,-7.400851578152));
#10262 = CARTESIAN_POINT('',(4.324359667158,-7.380460952288));
#10263 = CARTESIAN_POINT('',(4.247437603371,-7.355573696261));
#10264 = CARTESIAN_POINT('',(4.171698959522,-7.326618222265));
#10265 = CARTESIAN_POINT('',(4.096907146834,-7.293679385382));
#10266 = CARTESIAN_POINT('',(4.022962983153,-7.256856543293));
#10267 = CARTESIAN_POINT('',(3.94979324456,-7.216259336767));
#10268 = CARTESIAN_POINT('',(3.877261725557,-7.171941771621));
#10269 = CARTESIAN_POINT('',(3.805612211517,-7.124170110392));
#10270 = CARTESIAN_POINT('',(3.73522550279,-7.073423307269));
#10271 = CARTESIAN_POINT('',(3.665836271228,-7.019778633415));
#10272 = CARTESIAN_POINT('',(3.597384163822,-6.963415394901));
#10273 = CARTESIAN_POINT('',(3.529796649765,-6.904495534204));
#10274 = CARTESIAN_POINT('',(3.463013525238,-6.843148413263));
#10275 = CARTESIAN_POINT('',(3.397195487759,-6.779764164422));
#10276 = CARTESIAN_POINT('',(3.332209478392,-6.714522073991));
#10277 = CARTESIAN_POINT('',(3.267974313273,-6.647613372525));
#10278 = CARTESIAN_POINT('',(3.204418299785,-6.57922608903));
#10279 = CARTESIAN_POINT('',(3.162470026233,-6.532774772655));
#10280 = CARTESIAN_POINT('',(3.141592653612,-6.509365606737));
#10281 = ( GEOMETRIC_REPRESENTATION_CONTEXT(2) 
PARAMETRIC_REPRESENTATION_CONTEXT() REPRESENTATION_CONTEXT('2D SPACE',''
  ) );
#10282 = ADVANCED_FACE('',(#10283,#10334),#9603,.T.);
#10283 = FACE_BOUND('',#10284,.T.);
#10284 = EDGE_LOOP('',(#10285,#10286,#10287,#10315));
#10285 = ORIENTED_EDGE('',*,*,#9586,.F.);
#10286 = ORIENTED_EDGE('',*,*,#10005,.F.);
#10287 = ORIENTED_EDGE('',*,*,#10288,.T.);
#10288 = EDGE_CURVE('',#9978,#10289,#10291,.T.);
#10289 = VERTEX_POINT('',#10290);
#10290 = CARTESIAN_POINT('',(-0.499999999996,-9.987492177718,-4.));
#10291 = SURFACE_CURVE('',#10292,(#10297,#10304),.PCURVE_S1.);
#10292 = CIRCLE('',#10293,10.);
#10293 = AXIS2_PLACEMENT_3D('',#10294,#10295,#10296);
#10294 = CARTESIAN_POINT('',(1.813052827157E-11,-6.164244589435E-14,-4.)
  );
#10295 = DIRECTION('',(0.,0.,1.));
#10296 = DIRECTION('',(1.,-2.306400324056E-16,0.));
#10297 = PCURVE('',#9603,#10298);
#10298 = DEFINITIONAL_REPRESENTATION('',(#10299),#10303);
#10299 = LINE('',#10300,#10301);
#10300 = CARTESIAN_POINT('',(3.14159265359,4.));
#10301 = VECTOR('',#10302,1.);
#10302 = DIRECTION('',(-1.,0.));
#10303 = ( GEOMETRIC_REPRESENTATION_CONTEXT(2) 
PARAMETRIC_REPRESENTATION_CONTEXT() REPRESENTATION_CONTEXT('2D SPACE',''
  ) );
#10304 = PCURVE('',#9788,#10305);
#10305 = DEFINITIONAL_REPRESENTATION('',(#10306),#10314);
#10306 = ( BOUNDED_CURVE() B_SPLINE_CURVE(2,(#10307,#10308,#10309,#10310
    ,#10311,#10312,#10313),.UNSPECIFIED.,.T.,.F.) 
B_SPLINE_CURVE_WITH_KNOTS((1,2,2,2,2,1),(-2.094395102393,0.,
    2.094395102393,4.188790204786,6.28318530718,8.377580409573),
.UNSPECIFIED.) CURVE() GEOMETRIC_REPRESENTATION_ITEM() 
RATIONAL_B_SPLINE_CURVE((1.,0.5,1.,0.5,1.,0.5,1.)) REPRESENTATION_ITEM(
  '') );
#10307 = CARTESIAN_POINT('',(-21.88486096377,10.205254277194));
#10308 = CARTESIAN_POINT('',(-21.88486096377,27.525762352883));
#10309 = CARTESIAN_POINT('',(-6.884860963777,18.865508315039));
#10310 = CARTESIAN_POINT('',(8.115139036223,10.205254277194));
#10311 = CARTESIAN_POINT('',(-6.884860963777,1.54500023935));
#10312 = CARTESIAN_POINT('',(-21.88486096377,-7.115253798494));
#10313 = CARTESIAN_POINT('',(-21.88486096377,10.205254277194));
#10314 = ( GEOMETRIC_REPRESENTATION_CONTEXT(2) 
PARAMETRIC_REPRESENTATION_CONTEXT() REPRESENTATION_CONTEXT('2D SPACE',''
  ) );
#10315 = ORIENTED_EDGE('',*,*,#10316,.T.);
#10316 = EDGE_CURVE('',#10289,#9587,#10317,.T.);
#10317 = SURFACE_CURVE('',#10318,(#10321,#10328),.PCURVE_S1.);
#10318 = B_SPLINE_CURVE_WITH_KNOTS('',1,(#10319,#10320),.UNSPECIFIED.,
  .F.,.F.,(2,2),(-8.,0.),.PIECEWISE_BEZIER_KNOTS.);
#10319 = CARTESIAN_POINT('',(-0.499999999996,-9.987492177718,-4.));
#10320 = CARTESIAN_POINT('',(-0.499999999996,-9.987492177718,4.));
#10321 = PCURVE('',#9603,#10322);
#10322 = DEFINITIONAL_REPRESENTATION('',(#10323),#10327);
#10323 = LINE('',#10324,#10325);
#10324 = CARTESIAN_POINT('',(-1.520775469988,-4.));
#10325 = VECTOR('',#10326,1.);
#10326 = DIRECTION('',(0.,-1.));
#10327 = ( GEOMETRIC_REPRESENTATION_CONTEXT(2) 
PARAMETRIC_REPRESENTATION_CONTEXT() REPRESENTATION_CONTEXT('2D SPACE',''
  ) );
#10328 = PCURVE('',#9629,#10329);
#10329 = DEFINITIONAL_REPRESENTATION('',(#10330),#10333);
#10330 = B_SPLINE_CURVE_WITH_KNOTS('',1,(#10331,#10332),.UNSPECIFIED.,
  .F.,.F.,(2,2),(-8.,0.),.PIECEWISE_BEZIER_KNOTS.);
#10331 = CARTESIAN_POINT('',(-8.,7.029452286168));
#10332 = CARTESIAN_POINT('',(0.,7.029452286168));
#10333 = ( GEOMETRIC_REPRESENTATION_CONTEXT(2) 
PARAMETRIC_REPRESENTATION_CONTEXT() REPRESENTATION_CONTEXT('2D SPACE',''
  ) );
#10334 = FACE_BOUND('',#10335,.T.);
#10335 = EDGE_LOOP('',(#10336,#10470));
#10336 = ORIENTED_EDGE('',*,*,#10337,.F.);
#10337 = EDGE_CURVE('',#10338,#10340,#10342,.T.);
#10338 = VERTEX_POINT('',#10339);
#10339 = CARTESIAN_POINT('',(-8.009365606703,-5.987492177688,1.5));
#10340 = VERTEX_POINT('',#10341);
#10341 = CARTESIAN_POINT('',(-8.00936560668,-5.987492177718,-1.5));
#10342 = SURFACE_CURVE('',#10343,(#10363,#10414),.PCURVE_S1.);
#10343 = B_SPLINE_CURVE_WITH_KNOTS('',3,(#10344,#10345,#10346,#10347,
    #10348,#10349,#10350,#10351,#10352,#10353,#10354,#10355,#10356,
    #10357,#10358,#10359,#10360,#10361,#10362),.UNSPECIFIED.,.F.,.F.,(4,
    2,2,2,3,2,2,2,4),(5.60123864607,6.243964532582,6.888182944782,
    7.542569176864,8.19790296134,8.853236745815,9.507622977896,
    10.151841390097,10.794567276648),.UNSPECIFIED.);
#10344 = CARTESIAN_POINT('',(-8.009365606703,-5.987492177688,1.5));
#10345 = CARTESIAN_POINT('',(-8.136838722973,-5.816973576087,
    1.499999999997));
#10346 = CARTESIAN_POINT('',(-8.258870427429,-5.642038330742,
    1.470942191634));
#10347 = CARTESIAN_POINT('',(-8.482153019944,-5.300453805754,
    1.34578640655));
#10348 = CARTESIAN_POINT('',(-8.582433313809,-5.135222606085,
    1.249937624951));
#10349 = CARTESIAN_POINT('',(-8.752706338546,-4.839392192229,
    0.985801912051));
#10350 = CARTESIAN_POINT('',(-8.820185185511,-4.71321339599,
    0.819494953439));
#10351 = CARTESIAN_POINT('',(-8.912957200952,-4.53533574002,
    0.432124433344));
#10352 = CARTESIAN_POINT('',(-8.936577306474,-4.487492177718,
    0.21847785675));
#10353 = CARTESIAN_POINT('',(-8.936577306474,-4.487492177718,
    8.881784197001E-16));
#10354 = CARTESIAN_POINT('',(-8.936577306474,-4.487492177718,
    -0.21847785675));
#10355 = CARTESIAN_POINT('',(-8.912957200952,-4.53533574002,
    -0.432124433344));
#10356 = CARTESIAN_POINT('',(-8.820185185512,-4.713213395989,
    -0.819494953439));
#10357 = CARTESIAN_POINT('',(-8.752706338546,-4.839392192229,
    -0.985801912052));
#10358 = CARTESIAN_POINT('',(-8.582433313809,-5.135222606085,
    -1.249937624952));
#10359 = CARTESIAN_POINT('',(-8.482153019944,-5.300453805753,
    -1.34578640655));
#10360 = CARTESIAN_POINT('',(-8.258870427422,-5.642038330752,
    -1.470942191638));
#10361 = CARTESIAN_POINT('',(-8.136838722959,-5.816973576108,-1.5));
#10362 = CARTESIAN_POINT('',(-8.00936560668,-5.987492177718,-1.5));
#10363 = PCURVE('',#9603,#10364);
#10364 = DEFINITIONAL_REPRESENTATION('',(#10365),#10413);
#10365 = B_SPLINE_CURVE_WITH_KNOTS('',3,(#10366,#10367,#10368,#10369,
    #10370,#10371,#10372,#10373,#10374,#10375,#10376,#10377,#10378,
    #10379,#10380,#10381,#10382,#10383,#10384,#10385,#10386,#10387,
    #10388,#10389,#10390,#10391,#10392,#10393,#10394,#10395,#10396,
    #10397,#10398,#10399,#10400,#10401,#10402,#10403,#10404,#10405,
    #10406,#10407,#10408,#10409,#10410,#10411,#10412),.UNSPECIFIED.,.F.,
  .F.,(4,1,1,1,1,1,1,1,1,1,1,1,1,1,1,1,1,1,1,1,1,1,1,1,1,1,1,1,1,1,1,1,1
    ,1,1,1,1,1,1,1,1,1,1,1,4),(5.60123864607,5.71926884222,
    5.837299038369,5.955329234519,6.073359430668,6.191389626818,
    6.309419822967,6.427450019117,6.545480215266,6.663510411416,
    6.781540607565,6.899570803715,7.017600999864,7.135631196014,
    7.253661392163,7.371691588313,7.489721784462,7.607751980612,
    7.725782176761,7.843812372911,7.96184256906,8.07987276521,
    8.197902961359,8.315933157509,8.433963353658,8.551993549808,
    8.670023745957,8.788053942107,8.906084138256,9.024114334406,
    9.142144530555,9.260174726705,9.378204922854,9.496235119004,
    9.614265315153,9.732295511303,9.850325707452,9.968355903602,
    10.086386099751,10.204416295901,10.32244649205,10.4404766882,
    10.558506884349,10.676537080499,10.794567276648),
  .QUASI_UNIFORM_KNOTS.);
#10366 = CARTESIAN_POINT('',(-0.641938545969,-1.5));
#10367 = CARTESIAN_POINT('',(-0.638028880523,-1.499999999999));
#10368 = CARTESIAN_POINT('',(-0.630207618837,-1.498040139601));
#10369 = CARTESIAN_POINT('',(-0.618505779833,-1.489057557967));
#10370 = CARTESIAN_POINT('',(-0.606869881644,-1.473869363327));
#10371 = CARTESIAN_POINT('',(-0.595335666716,-1.452311376137));
#10372 = CARTESIAN_POINT('',(-0.583940068876,-1.424224459271));
#10373 = CARTESIAN_POINT('',(-0.572715754468,-1.389430663513));
#10374 = CARTESIAN_POINT('',(-0.561744240366,-1.347912766837));
#10375 = CARTESIAN_POINT('',(-0.551068404097,-1.299595708838));
#10376 = CARTESIAN_POINT('',(-0.540735201817,-1.244397676608));
#10377 = CARTESIAN_POINT('',(-0.530796494738,-1.182281123047));
#10378 = CARTESIAN_POINT('',(-0.521281835657,-1.113038190327));
#10379 = CARTESIAN_POINT('',(-0.512308560037,-1.037115147553));
#10380 = CARTESIAN_POINT('',(-0.503961657094,-0.954999130922));
#10381 = CARTESIAN_POINT('',(-0.496279881871,-0.866828391901));
#10382 = CARTESIAN_POINT('',(-0.489314478992,-0.772823237866));
#10383 = CARTESIAN_POINT('',(-0.483114480686,-0.673224637286));
#10384 = CARTESIAN_POINT('',(-0.477726625341,-0.568108858352));
#10385 = CARTESIAN_POINT('',(-0.4732780755,-0.459578299037));
#10386 = CARTESIAN_POINT('',(-0.469776137726,-0.347969114562));
#10387 = CARTESIAN_POINT('',(-0.467246867127,-0.233836197658));
#10388 = CARTESIAN_POINT('',(-0.465711368534,-0.117776598978));
#10389 = CARTESIAN_POINT('',(-0.465192153669,1.946878194938E-11));
#10390 = CARTESIAN_POINT('',(-0.465711368535,0.117776599017));
#10391 = CARTESIAN_POINT('',(-0.467246867128,0.233836197696));
#10392 = CARTESIAN_POINT('',(-0.469776137727,0.347969114599));
#10393 = CARTESIAN_POINT('',(-0.473278075501,0.459578299074));
#10394 = CARTESIAN_POINT('',(-0.477726625343,0.568108858388));
#10395 = CARTESIAN_POINT('',(-0.483114480688,0.67322463732));
#10396 = CARTESIAN_POINT('',(-0.489314478995,0.772823237899));
#10397 = CARTESIAN_POINT('',(-0.496279881874,0.866828391932));
#10398 = CARTESIAN_POINT('',(-0.503961657097,0.954999130951));
#10399 = CARTESIAN_POINT('',(-0.51230856004,1.037115147581));
#10400 = CARTESIAN_POINT('',(-0.52128183566,1.113038190352));
#10401 = CARTESIAN_POINT('',(-0.530796494741,1.18228112307));
#10402 = CARTESIAN_POINT('',(-0.54073520182,1.244397676628));
#10403 = CARTESIAN_POINT('',(-0.551068404101,1.299595708856));
#10404 = CARTESIAN_POINT('',(-0.56174424037,1.347912766852));
#10405 = CARTESIAN_POINT('',(-0.572715754472,1.389430663526));
#10406 = CARTESIAN_POINT('',(-0.58394006888,1.424224459281));
#10407 = CARTESIAN_POINT('',(-0.59533566672,1.452311376145));
#10408 = CARTESIAN_POINT('',(-0.606869881648,1.473869363333));
#10409 = CARTESIAN_POINT('',(-0.618505779837,1.489057557971));
#10410 = CARTESIAN_POINT('',(-0.630207618841,1.498040139603));
#10411 = CARTESIAN_POINT('',(-0.638028880527,1.5));
#10412 = CARTESIAN_POINT('',(-0.641938545973,1.5));
#10413 = ( GEOMETRIC_REPRESENTATION_CONTEXT(2) 
PARAMETRIC_REPRESENTATION_CONTEXT() REPRESENTATION_CONTEXT('2D SPACE',''
  ) );
#10414 = PCURVE('',#10415,#10420);
#10415 = CYLINDRICAL_SURFACE('',#10416,1.5);
#10416 = AXIS2_PLACEMENT_3D('',#10417,#10418,#10419);
#10417 = CARTESIAN_POINT('',(1.500000000004,-5.987492177718,
    6.280369834735E-16));
#10418 = DIRECTION('',(-1.,0.,0.));
#10419 = DIRECTION('',(0.,0.,-1.));
#10420 = DEFINITIONAL_REPRESENTATION('',(#10421),#10469);
#10421 = B_SPLINE_CURVE_WITH_KNOTS('',3,(#10422,#10423,#10424,#10425,
    #10426,#10427,#10428,#10429,#10430,#10431,#10432,#10433,#10434,
    #10435,#10436,#10437,#10438,#10439,#10440,#10441,#10442,#10443,
    #10444,#10445,#10446,#10447,#10448,#10449,#10450,#10451,#10452,
    #10453,#10454,#10455,#10456,#10457,#10458,#10459,#10460,#10461,
    #10462,#10463,#10464,#10465,#10466,#10467,#10468),.UNSPECIFIED.,.F.,
  .F.,(4,1,1,1,1,1,1,1,1,1,1,1,1,1,1,1,1,1,1,1,1,1,1,1,1,1,1,1,1,1,1,1,1
    ,1,1,1,1,1,1,1,1,1,1,1,4),(5.60123864607,5.71926884222,
    5.837299038369,5.955329234519,6.073359430668,6.191389626818,
    6.309419822967,6.427450019117,6.545480215266,6.663510411416,
    6.781540607565,6.899570803715,7.017600999864,7.135631196014,
    7.253661392163,7.371691588313,7.489721784462,7.607751980612,
    7.725782176761,7.843812372911,7.96184256906,8.07987276521,
    8.197902961359,8.315933157509,8.433963353658,8.551993549808,
    8.670023745957,8.788053942107,8.906084138256,9.024114334406,
    9.142144530555,9.260174726705,9.378204922854,9.496235119004,
    9.614265315153,9.732295511303,9.850325707452,9.968355903602,
    10.086386099751,10.204416295901,10.32244649205,10.4404766882,
    10.558506884349,10.676537080499,10.794567276648),
  .QUASI_UNIFORM_KNOTS.);
#10422 = CARTESIAN_POINT('',(3.14159265361,9.509365606707));
#10423 = CARTESIAN_POINT('',(3.162470026232,9.532774772625));
#10424 = CARTESIAN_POINT('',(3.204418299784,9.579226089));
#10425 = CARTESIAN_POINT('',(3.26797431327,9.647613372494));
#10426 = CARTESIAN_POINT('',(3.332209478386,9.714522073957));
#10427 = CARTESIAN_POINT('',(3.397195487751,9.779764164386));
#10428 = CARTESIAN_POINT('',(3.463013525229,9.843148413227));
#10429 = CARTESIAN_POINT('',(3.529796649757,9.904495534168));
#10430 = CARTESIAN_POINT('',(3.597384163813,9.963415394866));
#10431 = CARTESIAN_POINT('',(3.665836271219,10.01977863338));
#10432 = CARTESIAN_POINT('',(3.73522550278,10.073423307233));
#10433 = CARTESIAN_POINT('',(3.805612211506,10.124170110356));
#10434 = CARTESIAN_POINT('',(3.877261725546,10.171941771586));
#10435 = CARTESIAN_POINT('',(3.94979324455,10.216259336733));
#10436 = CARTESIAN_POINT('',(4.022962983143,10.25685654326));
#10437 = CARTESIAN_POINT('',(4.096907146825,10.29367938535));
#10438 = CARTESIAN_POINT('',(4.171698959515,10.326618222234));
#10439 = CARTESIAN_POINT('',(4.247437603364,10.35557369623));
#10440 = CARTESIAN_POINT('',(4.324359667152,10.380460952259));
#10441 = CARTESIAN_POINT('',(4.401307997669,10.400851578123));
#10442 = CARTESIAN_POINT('',(4.478509696495,10.416771655173));
#10443 = CARTESIAN_POINT('',(4.556016004323,10.428177718214));
#10444 = CARTESIAN_POINT('',(4.633870660377,10.435044943389));
#10445 = CARTESIAN_POINT('',(4.712388980398,10.437343488023));
#10446 = CARTESIAN_POINT('',(4.790907300418,10.435044943388));
#10447 = CARTESIAN_POINT('',(4.868761956472,10.428177718211));
#10448 = CARTESIAN_POINT('',(4.9462682643,10.416771655169));
#10449 = CARTESIAN_POINT('',(5.023469963127,10.400851578117));
#10450 = CARTESIAN_POINT('',(5.100418293643,10.380460952251));
#10451 = CARTESIAN_POINT('',(5.177340357431,10.355573696221));
#10452 = CARTESIAN_POINT('',(5.25307900128,10.326618222223));
#10453 = CARTESIAN_POINT('',(5.327870813969,10.293679385338));
#10454 = CARTESIAN_POINT('',(5.401814977651,10.256856543247));
#10455 = CARTESIAN_POINT('',(5.474984716245,10.216259336718));
#10456 = CARTESIAN_POINT('',(5.547516235249,10.17194177157));
#10457 = CARTESIAN_POINT('',(5.619165749288,10.124170110339));
#10458 = CARTESIAN_POINT('',(5.689552458014,10.073423307215));
#10459 = CARTESIAN_POINT('',(5.758941689574,10.019778633361));
#10460 = CARTESIAN_POINT('',(5.827393796979,9.963415394846));
#10461 = CARTESIAN_POINT('',(5.894981311035,9.904495534148));
#10462 = CARTESIAN_POINT('',(5.961764435563,9.843148413206));
#10463 = CARTESIAN_POINT('',(6.02758247304,9.779764164364));
#10464 = CARTESIAN_POINT('',(6.092568482405,9.714522073935));
#10465 = CARTESIAN_POINT('',(6.156803647521,9.647613372471));
#10466 = CARTESIAN_POINT('',(6.220359661006,9.579226088978));
#10467 = CARTESIAN_POINT('',(6.262307934558,9.532774772602));
#10468 = CARTESIAN_POINT('',(6.28318530718,9.509365606684));
#10469 = ( GEOMETRIC_REPRESENTATION_CONTEXT(2) 
PARAMETRIC_REPRESENTATION_CONTEXT() REPRESENTATION_CONTEXT('2D SPACE',''
  ) );
#10470 = ORIENTED_EDGE('',*,*,#10471,.F.);
#10471 = EDGE_CURVE('',#10340,#10338,#10472,.T.);
#10472 = SURFACE_CURVE('',#10473,(#10493,#10544),.PCURVE_S1.);
#10473 = B_SPLINE_CURVE_WITH_KNOTS('',3,(#10474,#10475,#10476,#10477,
    #10478,#10479,#10480,#10481,#10482,#10483,#10484,#10485,#10486,
    #10487,#10488,#10489,#10490,#10491,#10492),.UNSPECIFIED.,.F.,.F.,(4,
    2,2,2,3,2,2,2,4),(0.,0.69068269858,1.379686586322,2.081802793824,
    2.800619323016,3.519435852207,4.221552059709,4.910555947452,
    5.60123864607),.UNSPECIFIED.);
#10474 = CARTESIAN_POINT('',(-8.00936560668,-5.987492177718,-1.5));
#10475 = CARTESIAN_POINT('',(-7.872896021654,-6.170045201293,-1.5));
#10476 = CARTESIAN_POINT('',(-7.729569263784,-6.348366511094,
    -1.466727543371));
#10477 = CARTESIAN_POINT('',(-7.44446631643,-6.680395690009,
    -1.342107168428));
#10478 = CARTESIAN_POINT('',(-7.300029823956,-6.837155398792,
    -1.249692834853));
#10479 = CARTESIAN_POINT('',(-7.028660780554,-7.115931679213,
    -1.005772041755));
#10480 = CARTESIAN_POINT('',(-6.896794872213,-7.242426837421,
    -0.848216556815));
#10481 = CARTESIAN_POINT('',(-6.694748060636,-7.429654514071,
    -0.465439743478));
#10482 = CARTESIAN_POINT('',(-6.628533841534,-7.487492177718,
    -0.241681051905));
#10483 = CARTESIAN_POINT('',(-6.628533841534,-7.487492177718,
    8.881784197001E-16));
#10484 = CARTESIAN_POINT('',(-6.628533841534,-7.487492177718,
    0.241681051905));
#10485 = CARTESIAN_POINT('',(-6.694748060636,-7.429654514071,
    0.465439743478));
#10486 = CARTESIAN_POINT('',(-6.896794872213,-7.242426837421,
    0.848216556815));
#10487 = CARTESIAN_POINT('',(-7.028660780554,-7.115931679213,
    1.005772041755));
#10488 = CARTESIAN_POINT('',(-7.300029823956,-6.837155398792,
    1.249692834853));
#10489 = CARTESIAN_POINT('',(-7.44446631643,-6.680395690009,
    1.342107168428));
#10490 = CARTESIAN_POINT('',(-7.729569263792,-6.348366511085,
    1.466727543374));
#10491 = CARTESIAN_POINT('',(-7.87289602167,-6.170045201272,
    1.500000000004));
#10492 = CARTESIAN_POINT('',(-8.009365606703,-5.987492177688,1.5));
#10493 = PCURVE('',#9603,#10494);
#10494 = DEFINITIONAL_REPRESENTATION('',(#10495),#10543);
#10495 = B_SPLINE_CURVE_WITH_KNOTS('',3,(#10496,#10497,#10498,#10499,
    #10500,#10501,#10502,#10503,#10504,#10505,#10506,#10507,#10508,
    #10509,#10510,#10511,#10512,#10513,#10514,#10515,#10516,#10517,
    #10518,#10519,#10520,#10521,#10522,#10523,#10524,#10525,#10526,
    #10527,#10528,#10529,#10530,#10531,#10532,#10533,#10534,#10535,
    #10536,#10537,#10538,#10539,#10540,#10541,#10542),.UNSPECIFIED.,.F.,
  .F.,(4,1,1,1,1,1,1,1,1,1,1,1,1,1,1,1,1,1,1,1,1,1,1,1,1,1,1,1,1,1,1,1,1
    ,1,1,1,1,1,1,1,1,1,1,1,4),(0.,0.12730087832,0.25460175664,
    0.381902634959,0.509203513279,0.636504391599,0.763805269919,
    0.891106148238,1.018407026558,1.145707904878,1.273008783198,
    1.400309661518,1.527610539837,1.654911418157,1.782212296477,
    1.909513174797,2.036814053116,2.164114931436,2.291415809756,
    2.418716688076,2.546017566396,2.673318444715,2.800619323035,
    2.927920201355,3.055221079675,3.182521957995,3.309822836314,
    3.437123714634,3.564424592954,3.691725471274,3.819026349593,
    3.946327227913,4.073628106233,4.200928984553,4.328229862873,
    4.455530741192,4.582831619512,4.710132497832,4.837433376152,
    4.964734254471,5.092035132791,5.219336011111,5.346636889431,
    5.473937767751,5.60123864607),.QUASI_UNIFORM_KNOTS.);
#10496 = CARTESIAN_POINT('',(-0.641938545973,1.5));
#10497 = CARTESIAN_POINT('',(-0.646139444614,1.5));
#10498 = CARTESIAN_POINT('',(-0.654546168685,1.497739401363));
#10499 = CARTESIAN_POINT('',(-0.667132421016,1.487723084591));
#10500 = CARTESIAN_POINT('',(-0.679656336442,1.471237172871));
#10501 = CARTESIAN_POINT('',(-0.692079023307,1.448439426367));
#10502 = CARTESIAN_POINT('',(-0.704362270322,1.419480413287));
#10503 = CARTESIAN_POINT('',(-0.716465145493,1.384537533369));
#10504 = CARTESIAN_POINT('',(-0.728434839673,1.343426372719));
#10505 = CARTESIAN_POINT('',(-0.740200796098,1.29624376315));
#10506 = CARTESIAN_POINT('',(-0.751708663046,1.243064158067));
#10507 = CARTESIAN_POINT('',(-0.762909400935,1.183897857952));
#10508 = CARTESIAN_POINT('',(-0.773715219556,1.119034153387));
#10509 = CARTESIAN_POINT('',(-0.784198451297,1.047633680936));
#10510 = CARTESIAN_POINT('',(-0.794284002701,0.969493541958));
#10511 = CARTESIAN_POINT('',(-0.8038434842,0.884798114706));
#10512 = CARTESIAN_POINT('',(-0.812762192525,0.793626885668));
#10513 = CARTESIAN_POINT('',(-0.820921813505,0.696091631501));
#10514 = CARTESIAN_POINT('',(-0.828203283557,0.592279859948));
#10515 = CARTESIAN_POINT('',(-0.834430100307,0.483130162504));
#10516 = CARTESIAN_POINT('',(-0.839490920284,0.368979731687));
#10517 = CARTESIAN_POINT('',(-0.843261704306,0.250177319549));
#10518 = CARTESIAN_POINT('',(-0.845621629981,0.127429938751));
#10519 = CARTESIAN_POINT('',(-0.846448828839,-1.980732173486E-11));
#10520 = CARTESIAN_POINT('',(-0.84562162998,-0.127429938789));
#10521 = CARTESIAN_POINT('',(-0.843261704305,-0.250177319586));
#10522 = CARTESIAN_POINT('',(-0.839490920282,-0.368979731723));
#10523 = CARTESIAN_POINT('',(-0.834430100305,-0.483130162538));
#10524 = CARTESIAN_POINT('',(-0.828203283554,-0.592279859981));
#10525 = CARTESIAN_POINT('',(-0.820921813503,-0.696091631532));
#10526 = CARTESIAN_POINT('',(-0.812762192522,-0.793626885697));
#10527 = CARTESIAN_POINT('',(-0.803843484197,-0.884798114733));
#10528 = CARTESIAN_POINT('',(-0.794284002698,-0.969493541983));
#10529 = CARTESIAN_POINT('',(-0.784198451294,-1.047633680959));
#10530 = CARTESIAN_POINT('',(-0.773715219553,-1.119034153408));
#10531 = CARTESIAN_POINT('',(-0.762909400932,-1.183897857971));
#10532 = CARTESIAN_POINT('',(-0.751708663043,-1.243064158084));
#10533 = CARTESIAN_POINT('',(-0.740200796095,-1.296243763165));
#10534 = CARTESIAN_POINT('',(-0.728434839669,-1.343426372733));
#10535 = CARTESIAN_POINT('',(-0.71646514549,-1.38453753338));
#10536 = CARTESIAN_POINT('',(-0.704362270319,-1.419480413296));
#10537 = CARTESIAN_POINT('',(-0.692079023303,-1.448439426375));
#10538 = CARTESIAN_POINT('',(-0.679656336438,-1.471237172877));
#10539 = CARTESIAN_POINT('',(-0.667132421012,-1.487723084595));
#10540 = CARTESIAN_POINT('',(-0.654546168681,-1.497739401365));
#10541 = CARTESIAN_POINT('',(-0.646139444611,-1.500000000001));
#10542 = CARTESIAN_POINT('',(-0.641938545969,-1.5));
#10543 = ( GEOMETRIC_REPRESENTATION_CONTEXT(2) 
PARAMETRIC_REPRESENTATION_CONTEXT() REPRESENTATION_CONTEXT('2D SPACE',''
  ) );
#10544 = PCURVE('',#10545,#10550);
#10545 = CYLINDRICAL_SURFACE('',#10546,1.5);
#10546 = AXIS2_PLACEMENT_3D('',#10547,#10548,#10549);
#10547 = CARTESIAN_POINT('',(1.500000000004,-5.987492177718,
    1.256073966947E-15));
#10548 = DIRECTION('',(-1.,0.,0.));
#10549 = DIRECTION('',(0.,0.,-1.));
#10550 = DEFINITIONAL_REPRESENTATION('',(#10551),#10599);
#10551 = B_SPLINE_CURVE_WITH_KNOTS('',3,(#10552,#10553,#10554,#10555,
    #10556,#10557,#10558,#10559,#10560,#10561,#10562,#10563,#10564,
    #10565,#10566,#10567,#10568,#10569,#10570,#10571,#10572,#10573,
    #10574,#10575,#10576,#10577,#10578,#10579,#10580,#10581,#10582,
    #10583,#10584,#10585,#10586,#10587,#10588,#10589,#10590,#10591,
    #10592,#10593,#10594,#10595,#10596,#10597,#10598),.UNSPECIFIED.,.F.,
  .F.,(4,1,1,1,1,1,1,1,1,1,1,1,1,1,1,1,1,1,1,1,1,1,1,1,1,1,1,1,1,1,1,1,1
    ,1,1,1,1,1,1,1,1,1,1,1,4),(0.,0.12730087832,0.25460175664,
    0.381902634959,0.509203513279,0.636504391599,0.763805269919,
    0.891106148238,1.018407026558,1.145707904878,1.273008783198,
    1.400309661518,1.527610539837,1.654911418157,1.782212296477,
    1.909513174797,2.036814053116,2.164114931436,2.291415809756,
    2.418716688076,2.546017566396,2.673318444715,2.800619323035,
    2.927920201355,3.055221079675,3.182521957995,3.309822836314,
    3.437123714634,3.564424592954,3.691725471274,3.819026349593,
    3.946327227913,4.073628106233,4.200928984553,4.328229862873,
    4.455530741192,4.582831619512,4.710132497832,4.837433376152,
    4.964734254471,5.092035132791,5.219336011111,5.346636889431,
    5.473937767751,5.60123864607),.QUASI_UNIFORM_KNOTS.);
#10552 = CARTESIAN_POINT('',(0.,9.509365606684));
#10553 = CARTESIAN_POINT('',(2.243016314861E-02,9.484212670215));
#10554 = CARTESIAN_POINT('',(6.71024205927E-02,9.433440904908));
#10555 = CARTESIAN_POINT('',(0.133634079794,9.356165841054));
#10556 = CARTESIAN_POINT('',(0.199781111368,9.278053434885));
#10557 = CARTESIAN_POINT('',(0.265619445554,9.199384416699));
#10558 = CARTESIAN_POINT('',(0.331224056065,9.120437077546));
#10559 = CARTESIAN_POINT('',(0.396638776296,9.041498808755));
#10560 = CARTESIAN_POINT('',(0.462425870995,8.962317889725));
#10561 = CARTESIAN_POINT('',(0.528558118815,8.883454953678));
#10562 = CARTESIAN_POINT('',(0.595094094023,8.8053547226));
#10563 = CARTESIAN_POINT('',(0.66214911867,8.728422631669));
#10564 = CARTESIAN_POINT('',(0.729593284434,8.653337174527));
#10565 = CARTESIAN_POINT('',(0.798375955791,8.579643448894));
#10566 = CARTESIAN_POINT('',(0.868720293773,8.508012681098));
#10567 = CARTESIAN_POINT('',(0.940527443068,8.439486061707));
#10568 = CARTESIAN_POINT('',(1.013840047473,8.375006474888));
#10569 = CARTESIAN_POINT('',(1.08872405274,8.315540066165));
#10570 = CARTESIAN_POINT('',(1.16531632984,8.262058242034));
#10571 = CARTESIAN_POINT('',(1.243220834669,8.216072309033));
#10572 = CARTESIAN_POINT('',(1.322541682573,8.178499499291));
#10573 = CARTESIAN_POINT('',(1.403423915054,8.150370936406));
#10574 = CARTESIAN_POINT('',(1.485841544294,8.132687216364));
#10575 = CARTESIAN_POINT('',(1.570796326808,8.126457154125));
#10576 = CARTESIAN_POINT('',(1.655751109321,8.132687216368));
#10577 = CARTESIAN_POINT('',(1.738168738561,8.150370936413));
#10578 = CARTESIAN_POINT('',(1.819050971041,8.178499499301));
#10579 = CARTESIAN_POINT('',(1.898371818945,8.216072309046));
#10580 = CARTESIAN_POINT('',(1.976276323773,8.26205824205));
#10581 = CARTESIAN_POINT('',(2.052868600873,8.315540066182));
#10582 = CARTESIAN_POINT('',(2.12775260614,8.375006474907));
#10583 = CARTESIAN_POINT('',(2.201065210544,8.439486061728));
#10584 = CARTESIAN_POINT('',(2.272872359839,8.50801268112));
#10585 = CARTESIAN_POINT('',(2.34321669782,8.579643448916));
#10586 = CARTESIAN_POINT('',(2.411999369177,8.65333717455));
#10587 = CARTESIAN_POINT('',(2.47944353494,8.728422631692));
#10588 = CARTESIAN_POINT('',(2.546498559587,8.805354722624));
#10589 = CARTESIAN_POINT('',(2.613034534795,8.883454953702));
#10590 = CARTESIAN_POINT('',(2.679166782615,8.962317889749));
#10591 = CARTESIAN_POINT('',(2.744953877314,9.041498808779));
#10592 = CARTESIAN_POINT('',(2.810368597545,9.120437077569));
#10593 = CARTESIAN_POINT('',(2.875973208056,9.199384416723));
#10594 = CARTESIAN_POINT('',(2.941811542242,9.278053434909));
#10595 = CARTESIAN_POINT('',(3.007958573816,9.356165841078));
#10596 = CARTESIAN_POINT('',(3.074490233017,9.433440904931));
#10597 = CARTESIAN_POINT('',(3.119162490462,9.484212670238));
#10598 = CARTESIAN_POINT('',(3.14159265361,9.509365606707));
#10599 = ( GEOMETRIC_REPRESENTATION_CONTEXT(2) 
PARAMETRIC_REPRESENTATION_CONTEXT() REPRESENTATION_CONTEXT('2D SPACE',''
  ) );
#10600 = ADVANCED_FACE('',(#10601,#10644),#9629,.T.);
#10601 = FACE_BOUND('',#10602,.T.);
#10602 = EDGE_LOOP('',(#10603,#10604,#10605,#10625));
#10603 = ORIENTED_EDGE('',*,*,#9615,.F.);
#10604 = ORIENTED_EDGE('',*,*,#10316,.F.);
#10605 = ORIENTED_EDGE('',*,*,#10606,.T.);
#10606 = EDGE_CURVE('',#10289,#10607,#10609,.T.);
#10607 = VERTEX_POINT('',#10608);
#10608 = CARTESIAN_POINT('',(-0.499999999996,-2.958039891551,-4.));
#10609 = SURFACE_CURVE('',#10610,(#10613,#10619),.PCURVE_S1.);
#10610 = B_SPLINE_CURVE_WITH_KNOTS('',1,(#10611,#10612),.UNSPECIFIED.,
  .F.,.F.,(2,2),(81.24665859297,88.276110879138),
  .PIECEWISE_BEZIER_KNOTS.);
#10611 = CARTESIAN_POINT('',(-0.499999999996,-9.987492177718,-4.));
#10612 = CARTESIAN_POINT('',(-0.499999999996,-2.958039891551,-4.));
#10613 = PCURVE('',#9629,#10614);
#10614 = DEFINITIONAL_REPRESENTATION('',(#10615),#10618);
#10615 = B_SPLINE_CURVE_WITH_KNOTS('',1,(#10616,#10617),.UNSPECIFIED.,
  .F.,.F.,(2,2),(81.24665859297,88.276110879138),
  .PIECEWISE_BEZIER_KNOTS.);
#10616 = CARTESIAN_POINT('',(-8.,7.029452286168));
#10617 = CARTESIAN_POINT('',(-8.,0.));
#10618 = ( GEOMETRIC_REPRESENTATION_CONTEXT(2) 
PARAMETRIC_REPRESENTATION_CONTEXT() REPRESENTATION_CONTEXT('2D SPACE',''
  ) );
#10619 = PCURVE('',#9788,#10620);
#10620 = DEFINITIONAL_REPRESENTATION('',(#10621),#10624);
#10621 = B_SPLINE_CURVE_WITH_KNOTS('',1,(#10622,#10623),.UNSPECIFIED.,
  .F.,.F.,(2,2),(81.24665859297,88.276110879138),
  .PIECEWISE_BEZIER_KNOTS.);
#10622 = CARTESIAN_POINT('',(-11.38486096376,0.217762099476));
#10623 = CARTESIAN_POINT('',(-11.38486096376,7.247214385644));
#10624 = ( GEOMETRIC_REPRESENTATION_CONTEXT(2) 
PARAMETRIC_REPRESENTATION_CONTEXT() REPRESENTATION_CONTEXT('2D SPACE',''
  ) );
#10625 = ORIENTED_EDGE('',*,*,#10626,.T.);
#10626 = EDGE_CURVE('',#10607,#9616,#10627,.T.);
#10627 = SURFACE_CURVE('',#10628,(#10631,#10637),.PCURVE_S1.);
#10628 = B_SPLINE_CURVE_WITH_KNOTS('',1,(#10629,#10630),.UNSPECIFIED.,
  .F.,.F.,(2,2),(-8.,0.),.PIECEWISE_BEZIER_KNOTS.);
#10629 = CARTESIAN_POINT('',(-0.499999999996,-2.958039891551,-4.));
#10630 = CARTESIAN_POINT('',(-0.499999999996,-2.958039891551,4.));
#10631 = PCURVE('',#9629,#10632);
#10632 = DEFINITIONAL_REPRESENTATION('',(#10633),#10636);
#10633 = B_SPLINE_CURVE_WITH_KNOTS('',1,(#10634,#10635),.UNSPECIFIED.,
  .F.,.F.,(2,2),(-8.,0.),.PIECEWISE_BEZIER_KNOTS.);
#10634 = CARTESIAN_POINT('',(-8.,0.));
#10635 = CARTESIAN_POINT('',(0.,0.));
#10636 = ( GEOMETRIC_REPRESENTATION_CONTEXT(2) 
PARAMETRIC_REPRESENTATION_CONTEXT() REPRESENTATION_CONTEXT('2D SPACE',''
  ) );
#10637 = PCURVE('',#9661,#10638);
#10638 = DEFINITIONAL_REPRESENTATION('',(#10639),#10643);
#10639 = LINE('',#10640,#10641);
#10640 = CARTESIAN_POINT('',(4.544940901167,4.));
#10641 = VECTOR('',#10642,1.);
#10642 = DIRECTION('',(1.110223024625E-16,1.));
#10643 = ( GEOMETRIC_REPRESENTATION_CONTEXT(2) 
PARAMETRIC_REPRESENTATION_CONTEXT() REPRESENTATION_CONTEXT('2D SPACE',''
  ) );
#10644 = FACE_BOUND('',#10645,.T.);
#10645 = EDGE_LOOP('',(#10646,#10672));
#10646 = ORIENTED_EDGE('',*,*,#10647,.F.);
#10647 = EDGE_CURVE('',#10648,#10650,#10652,.T.);
#10648 = VERTEX_POINT('',#10649);
#10649 = CARTESIAN_POINT('',(-0.499999999996,-5.987492177718,1.5));
#10650 = VERTEX_POINT('',#10651);
#10651 = CARTESIAN_POINT('',(-0.499999999996,-5.987492177718,-1.5));
#10652 = SURFACE_CURVE('',#10653,(#10658,#10665),.PCURVE_S1.);
#10653 = CIRCLE('',#10654,1.5);
#10654 = AXIS2_PLACEMENT_3D('',#10655,#10656,#10657);
#10655 = CARTESIAN_POINT('',(-0.499999999996,-5.987492177718,
    1.256073966947E-15));
#10656 = DIRECTION('',(1.,0.,-0.));
#10657 = DIRECTION('',(0.,0.,1.));
#10658 = PCURVE('',#9629,#10659);
#10659 = DEFINITIONAL_REPRESENTATION('',(#10660),#10664);
#10660 = CIRCLE('',#10661,1.5);
#10661 = AXIS2_PLACEMENT_2D('',#10662,#10663);
#10662 = CARTESIAN_POINT('',(-4.,3.029452286168));
#10663 = DIRECTION('',(1.,0.));
#10664 = ( GEOMETRIC_REPRESENTATION_CONTEXT(2) 
PARAMETRIC_REPRESENTATION_CONTEXT() REPRESENTATION_CONTEXT('2D SPACE',''
  ) );
#10665 = PCURVE('',#10545,#10666);
#10666 = DEFINITIONAL_REPRESENTATION('',(#10667),#10671);
#10667 = LINE('',#10668,#10669);
#10668 = CARTESIAN_POINT('',(3.14159265359,2.));
#10669 = VECTOR('',#10670,1.);
#10670 = DIRECTION('',(-1.,0.));
#10671 = ( GEOMETRIC_REPRESENTATION_CONTEXT(2) 
PARAMETRIC_REPRESENTATION_CONTEXT() REPRESENTATION_CONTEXT('2D SPACE',''
  ) );
#10672 = ORIENTED_EDGE('',*,*,#10673,.F.);
#10673 = EDGE_CURVE('',#10650,#10648,#10674,.T.);
#10674 = SURFACE_CURVE('',#10675,(#10680,#10687),.PCURVE_S1.);
#10675 = CIRCLE('',#10676,1.5);
#10676 = AXIS2_PLACEMENT_3D('',#10677,#10678,#10679);
#10677 = CARTESIAN_POINT('',(-0.499999999996,-5.987492177718,
    6.280369834735E-16));
#10678 = DIRECTION('',(1.,0.,0.));
#10679 = DIRECTION('',(0.,0.,-1.));
#10680 = PCURVE('',#9629,#10681);
#10681 = DEFINITIONAL_REPRESENTATION('',(#10682),#10686);
#10682 = CIRCLE('',#10683,1.5);
#10683 = AXIS2_PLACEMENT_2D('',#10684,#10685);
#10684 = CARTESIAN_POINT('',(-4.,3.029452286168));
#10685 = DIRECTION('',(-1.,0.));
#10686 = ( GEOMETRIC_REPRESENTATION_CONTEXT(2) 
PARAMETRIC_REPRESENTATION_CONTEXT() REPRESENTATION_CONTEXT('2D SPACE',''
  ) );
#10687 = PCURVE('',#10415,#10688);
#10688 = DEFINITIONAL_REPRESENTATION('',(#10689),#10693);
#10689 = LINE('',#10690,#10691);
#10690 = CARTESIAN_POINT('',(6.28318530718,2.));
#10691 = VECTOR('',#10692,1.);
#10692 = DIRECTION('',(-1.,0.));
#10693 = ( GEOMETRIC_REPRESENTATION_CONTEXT(2) 
PARAMETRIC_REPRESENTATION_CONTEXT() REPRESENTATION_CONTEXT('2D SPACE',''
  ) );
#10694 = ADVANCED_FACE('',(#10695),#9661,.F.);
#10695 = FACE_BOUND('',#10696,.F.);
#10696 = EDGE_LOOP('',(#10697,#10718,#10740,#10741));
#10697 = ORIENTED_EDGE('',*,*,#10698,.F.);
#10698 = EDGE_CURVE('',#10699,#9641,#10701,.T.);
#10699 = VERTEX_POINT('',#10700);
#10700 = CARTESIAN_POINT('',(-0.499999999996,2.95803989155,-4.));
#10701 = SURFACE_CURVE('',#10702,(#10705,#10712),.PCURVE_S1.);
#10702 = B_SPLINE_CURVE_WITH_KNOTS('',1,(#10703,#10704),.UNSPECIFIED.,
  .F.,.F.,(2,2),(-8.,0.),.PIECEWISE_BEZIER_KNOTS.);
#10703 = CARTESIAN_POINT('',(-0.499999999996,2.95803989155,-4.));
#10704 = CARTESIAN_POINT('',(-0.499999999996,2.95803989155,4.));
#10705 = PCURVE('',#9661,#10706);
#10706 = DEFINITIONAL_REPRESENTATION('',(#10707),#10711);
#10707 = LINE('',#10708,#10709);
#10708 = CARTESIAN_POINT('',(1.738244406013,4.));
#10709 = VECTOR('',#10710,1.);
#10710 = DIRECTION('',(-1.110223024625E-16,1.));
#10711 = ( GEOMETRIC_REPRESENTATION_CONTEXT(2) 
PARAMETRIC_REPRESENTATION_CONTEXT() REPRESENTATION_CONTEXT('2D SPACE',''
  ) );
#10712 = PCURVE('',#9687,#10713);
#10713 = DEFINITIONAL_REPRESENTATION('',(#10714),#10717);
#10714 = B_SPLINE_CURVE_WITH_KNOTS('',1,(#10715,#10716),.UNSPECIFIED.,
  .F.,.F.,(2,2),(-8.,0.),.PIECEWISE_BEZIER_KNOTS.);
#10715 = CARTESIAN_POINT('',(-8.,3.04196010845));
#10716 = CARTESIAN_POINT('',(0.,3.04196010845));
#10717 = ( GEOMETRIC_REPRESENTATION_CONTEXT(2) 
PARAMETRIC_REPRESENTATION_CONTEXT() REPRESENTATION_CONTEXT('2D SPACE',''
  ) );
#10718 = ORIENTED_EDGE('',*,*,#10719,.F.);
#10719 = EDGE_CURVE('',#10607,#10699,#10720,.T.);
#10720 = SURFACE_CURVE('',#10721,(#10726,#10733),.PCURVE_S1.);
#10721 = CIRCLE('',#10722,3.);
#10722 = AXIS2_PLACEMENT_3D('',#10723,#10724,#10725);
#10723 = CARTESIAN_POINT('',(-1.719950113979E-16,-5.102217280198E-14,-4.
    ));
#10724 = DIRECTION('',(-3.552713678794E-16,3.41428860541E-30,-1.));
#10725 = DIRECTION('',(-0.166666666665,-0.986013297184,
    5.921189464606E-17));
#10726 = PCURVE('',#9661,#10727);
#10727 = DEFINITIONAL_REPRESENTATION('',(#10728),#10732);
#10728 = LINE('',#10729,#10730);
#10729 = CARTESIAN_POINT('',(4.544940901167,-4.));
#10730 = VECTOR('',#10731,1.);
#10731 = DIRECTION('',(-1.,0.));
#10732 = ( GEOMETRIC_REPRESENTATION_CONTEXT(2) 
PARAMETRIC_REPRESENTATION_CONTEXT() REPRESENTATION_CONTEXT('2D SPACE',''
  ) );
#10733 = PCURVE('',#9788,#10734);
#10734 = DEFINITIONAL_REPRESENTATION('',(#10735),#10739);
#10735 = CIRCLE('',#10736,3.);
#10736 = AXIS2_PLACEMENT_2D('',#10737,#10738);
#10737 = CARTESIAN_POINT('',(-11.88486096375,10.205254277194));
#10738 = DIRECTION('',(0.166666666665,-0.986013297184));
#10739 = ( GEOMETRIC_REPRESENTATION_CONTEXT(2) 
PARAMETRIC_REPRESENTATION_CONTEXT() REPRESENTATION_CONTEXT('2D SPACE',''
  ) );
#10740 = ORIENTED_EDGE('',*,*,#10626,.T.);
#10741 = ORIENTED_EDGE('',*,*,#9640,.T.);
#10742 = ADVANCED_FACE('',(#10743),#9687,.T.);
#10743 = FACE_BOUND('',#10744,.T.);
#10744 = EDGE_LOOP('',(#10745,#10746,#10747,#10767));
#10745 = ORIENTED_EDGE('',*,*,#9673,.F.);
#10746 = ORIENTED_EDGE('',*,*,#10698,.F.);
#10747 = ORIENTED_EDGE('',*,*,#10748,.T.);
#10748 = EDGE_CURVE('',#10699,#10749,#10751,.T.);
#10749 = VERTEX_POINT('',#10750);
#10750 = CARTESIAN_POINT('',(-0.499999999996,6.000000000001,-4.));
#10751 = SURFACE_CURVE('',#10752,(#10755,#10761),.PCURVE_S1.);
#10752 = B_SPLINE_CURVE_WITH_KNOTS('',1,(#10753,#10754),.UNSPECIFIED.,
  .F.,.F.,(2,2),(0.,3.04196010845),.PIECEWISE_BEZIER_KNOTS.);
#10753 = CARTESIAN_POINT('',(-0.499999999996,2.95803989155,-4.));
#10754 = CARTESIAN_POINT('',(-0.499999999996,6.000000000001,-4.));
#10755 = PCURVE('',#9687,#10756);
#10756 = DEFINITIONAL_REPRESENTATION('',(#10757),#10760);
#10757 = B_SPLINE_CURVE_WITH_KNOTS('',1,(#10758,#10759),.UNSPECIFIED.,
  .F.,.F.,(2,2),(0.,3.04196010845),.PIECEWISE_BEZIER_KNOTS.);
#10758 = CARTESIAN_POINT('',(-8.,3.04196010845));
#10759 = CARTESIAN_POINT('',(-8.,0.));
#10760 = ( GEOMETRIC_REPRESENTATION_CONTEXT(2) 
PARAMETRIC_REPRESENTATION_CONTEXT() REPRESENTATION_CONTEXT('2D SPACE',''
  ) );
#10761 = PCURVE('',#9788,#10762);
#10762 = DEFINITIONAL_REPRESENTATION('',(#10763),#10766);
#10763 = B_SPLINE_CURVE_WITH_KNOTS('',1,(#10764,#10765),.UNSPECIFIED.,
  .F.,.F.,(2,2),(0.,3.04196010845),.PIECEWISE_BEZIER_KNOTS.);
#10764 = CARTESIAN_POINT('',(-11.38486096376,13.163294168745));
#10765 = CARTESIAN_POINT('',(-11.38486096376,16.205254277195));
#10766 = ( GEOMETRIC_REPRESENTATION_CONTEXT(2) 
PARAMETRIC_REPRESENTATION_CONTEXT() REPRESENTATION_CONTEXT('2D SPACE',''
  ) );
#10767 = ORIENTED_EDGE('',*,*,#10768,.T.);
#10768 = EDGE_CURVE('',#10749,#9674,#10769,.T.);
#10769 = SURFACE_CURVE('',#10770,(#10773,#10779),.PCURVE_S1.);
#10770 = B_SPLINE_CURVE_WITH_KNOTS('',1,(#10771,#10772),.UNSPECIFIED.,
  .F.,.F.,(2,2),(-8.,0.),.PIECEWISE_BEZIER_KNOTS.);
#10771 = CARTESIAN_POINT('',(-0.499999999996,6.000000000001,-4.));
#10772 = CARTESIAN_POINT('',(-0.499999999996,6.000000000001,4.));
#10773 = PCURVE('',#9687,#10774);
#10774 = DEFINITIONAL_REPRESENTATION('',(#10775),#10778);
#10775 = B_SPLINE_CURVE_WITH_KNOTS('',1,(#10776,#10777),.UNSPECIFIED.,
  .F.,.F.,(2,2),(-8.,0.),.PIECEWISE_BEZIER_KNOTS.);
#10776 = CARTESIAN_POINT('',(-8.,0.));
#10777 = CARTESIAN_POINT('',(0.,0.));
#10778 = ( GEOMETRIC_REPRESENTATION_CONTEXT(2) 
PARAMETRIC_REPRESENTATION_CONTEXT() REPRESENTATION_CONTEXT('2D SPACE',''
  ) );
#10779 = PCURVE('',#9712,#10780);
#10780 = DEFINITIONAL_REPRESENTATION('',(#10781),#10784);
#10781 = B_SPLINE_CURVE_WITH_KNOTS('',1,(#10782,#10783),.UNSPECIFIED.,
  .F.,.F.,(2,2),(-8.,0.),.PIECEWISE_BEZIER_KNOTS.);
#10782 = CARTESIAN_POINT('',(8.,-0.999999999999));
#10783 = CARTESIAN_POINT('',(0.,-0.999999999999));
#10784 = ( GEOMETRIC_REPRESENTATION_CONTEXT(2) 
PARAMETRIC_REPRESENTATION_CONTEXT() REPRESENTATION_CONTEXT('2D SPACE',''
  ) );
#10785 = ADVANCED_FACE('',(#10786),#9712,.T.);
#10786 = FACE_BOUND('',#10787,.T.);
#10787 = EDGE_LOOP('',(#10788,#10789,#10790,#10810));
#10788 = ORIENTED_EDGE('',*,*,#9698,.F.);
#10789 = ORIENTED_EDGE('',*,*,#10768,.F.);
#10790 = ORIENTED_EDGE('',*,*,#10791,.T.);
#10791 = EDGE_CURVE('',#10749,#10792,#10794,.T.);
#10792 = VERTEX_POINT('',#10793);
#10793 = CARTESIAN_POINT('',(0.500000000004,6.000000000001,-4.));
#10794 = SURFACE_CURVE('',#10795,(#10798,#10804),.PCURVE_S1.);
#10795 = B_SPLINE_CURVE_WITH_KNOTS('',1,(#10796,#10797),.UNSPECIFIED.,
  .F.,.F.,(2,2),(0.,1.),.PIECEWISE_BEZIER_KNOTS.);
#10796 = CARTESIAN_POINT('',(-0.499999999996,6.000000000001,-4.));
#10797 = CARTESIAN_POINT('',(0.500000000004,6.000000000001,-4.));
#10798 = PCURVE('',#9712,#10799);
#10799 = DEFINITIONAL_REPRESENTATION('',(#10800),#10803);
#10800 = B_SPLINE_CURVE_WITH_KNOTS('',1,(#10801,#10802),.UNSPECIFIED.,
  .F.,.F.,(2,2),(0.,1.),.PIECEWISE_BEZIER_KNOTS.);
#10801 = CARTESIAN_POINT('',(8.,-0.999999999999));
#10802 = CARTESIAN_POINT('',(8.,6.820100040272E-13));
#10803 = ( GEOMETRIC_REPRESENTATION_CONTEXT(2) 
PARAMETRIC_REPRESENTATION_CONTEXT() REPRESENTATION_CONTEXT('2D SPACE',''
  ) );
#10804 = PCURVE('',#9788,#10805);
#10805 = DEFINITIONAL_REPRESENTATION('',(#10806),#10809);
#10806 = B_SPLINE_CURVE_WITH_KNOTS('',1,(#10807,#10808),.UNSPECIFIED.,
  .F.,.F.,(2,2),(0.,1.),.PIECEWISE_BEZIER_KNOTS.);
#10807 = CARTESIAN_POINT('',(-11.38486096376,16.205254277195));
#10808 = CARTESIAN_POINT('',(-12.38486096376,16.205254277195));
#10809 = ( GEOMETRIC_REPRESENTATION_CONTEXT(2) 
PARAMETRIC_REPRESENTATION_CONTEXT() REPRESENTATION_CONTEXT('2D SPACE',''
  ) );
#10810 = ORIENTED_EDGE('',*,*,#10811,.T.);
#10811 = EDGE_CURVE('',#10792,#9699,#10812,.T.);
#10812 = SURFACE_CURVE('',#10813,(#10816,#10822),.PCURVE_S1.);
#10813 = B_SPLINE_CURVE_WITH_KNOTS('',1,(#10814,#10815),.UNSPECIFIED.,
  .F.,.F.,(2,2),(-8.,0.),.PIECEWISE_BEZIER_KNOTS.);
#10814 = CARTESIAN_POINT('',(0.500000000004,6.000000000001,-4.));
#10815 = CARTESIAN_POINT('',(0.500000000004,6.000000000001,4.));
#10816 = PCURVE('',#9712,#10817);
#10817 = DEFINITIONAL_REPRESENTATION('',(#10818),#10821);
#10818 = B_SPLINE_CURVE_WITH_KNOTS('',1,(#10819,#10820),.UNSPECIFIED.,
  .F.,.F.,(2,2),(-8.,0.),.PIECEWISE_BEZIER_KNOTS.);
#10819 = CARTESIAN_POINT('',(8.,6.820100040272E-13));
#10820 = CARTESIAN_POINT('',(0.,6.820100040272E-13));
#10821 = ( GEOMETRIC_REPRESENTATION_CONTEXT(2) 
PARAMETRIC_REPRESENTATION_CONTEXT() REPRESENTATION_CONTEXT('2D SPACE',''
  ) );
#10822 = PCURVE('',#9735,#10823);
#10823 = DEFINITIONAL_REPRESENTATION('',(#10824),#10827);
#10824 = B_SPLINE_CURVE_WITH_KNOTS('',1,(#10825,#10826),.UNSPECIFIED.,
  .F.,.F.,(2,2),(-8.,0.),.PIECEWISE_BEZIER_KNOTS.);
#10825 = CARTESIAN_POINT('',(8.,-3.041960108452));
#10826 = CARTESIAN_POINT('',(0.,-3.041960108452));
#10827 = ( GEOMETRIC_REPRESENTATION_CONTEXT(2) 
PARAMETRIC_REPRESENTATION_CONTEXT() REPRESENTATION_CONTEXT('2D SPACE',''
  ) );
#10828 = ADVANCED_FACE('',(#10829),#9735,.T.);
#10829 = FACE_BOUND('',#10830,.T.);
#10830 = EDGE_LOOP('',(#10831,#10832,#10833,#10851));
#10831 = ORIENTED_EDGE('',*,*,#9723,.F.);
#10832 = ORIENTED_EDGE('',*,*,#10811,.F.);
#10833 = ORIENTED_EDGE('',*,*,#10834,.T.);
#10834 = EDGE_CURVE('',#10792,#9772,#10835,.T.);
#10835 = SURFACE_CURVE('',#10836,(#10839,#10845),.PCURVE_S1.);
#10836 = B_SPLINE_CURVE_WITH_KNOTS('',1,(#10837,#10838),.UNSPECIFIED.,
  .F.,.F.,(2,2),(0.,3.041960108452),.PIECEWISE_BEZIER_KNOTS.);
#10837 = CARTESIAN_POINT('',(0.500000000004,6.000000000001,-4.));
#10838 = CARTESIAN_POINT('',(0.500000000004,2.958039891549,-4.));
#10839 = PCURVE('',#9735,#10840);
#10840 = DEFINITIONAL_REPRESENTATION('',(#10841),#10844);
#10841 = B_SPLINE_CURVE_WITH_KNOTS('',1,(#10842,#10843),.UNSPECIFIED.,
  .F.,.F.,(2,2),(0.,3.041960108452),.PIECEWISE_BEZIER_KNOTS.);
#10842 = CARTESIAN_POINT('',(8.,-3.041960108452));
#10843 = CARTESIAN_POINT('',(8.,0.));
#10844 = ( GEOMETRIC_REPRESENTATION_CONTEXT(2) 
PARAMETRIC_REPRESENTATION_CONTEXT() REPRESENTATION_CONTEXT('2D SPACE',''
  ) );
#10845 = PCURVE('',#9788,#10846);
#10846 = DEFINITIONAL_REPRESENTATION('',(#10847),#10850);
#10847 = B_SPLINE_CURVE_WITH_KNOTS('',1,(#10848,#10849),.UNSPECIFIED.,
  .F.,.F.,(2,2),(0.,3.041960108452),.PIECEWISE_BEZIER_KNOTS.);
#10848 = CARTESIAN_POINT('',(-12.38486096376,16.205254277195));
#10849 = CARTESIAN_POINT('',(-12.38486096376,13.163294168743));
#10850 = ( GEOMETRIC_REPRESENTATION_CONTEXT(2) 
PARAMETRIC_REPRESENTATION_CONTEXT() REPRESENTATION_CONTEXT('2D SPACE',''
  ) );
#10851 = ORIENTED_EDGE('',*,*,#9800,.F.);
#10852 = ADVANCED_FACE('',(#10853),#9788,.T.);
#10853 = FACE_BOUND('',#10854,.T.);
#10854 = EDGE_LOOP('',(#10855,#10856,#10857,#10858,#10859,#10860,#10861,
    #10862,#10863,#10864));
#10855 = ORIENTED_EDGE('',*,*,#10834,.F.);
#10856 = ORIENTED_EDGE('',*,*,#10791,.F.);
#10857 = ORIENTED_EDGE('',*,*,#10748,.F.);
#10858 = ORIENTED_EDGE('',*,*,#10719,.F.);
#10859 = ORIENTED_EDGE('',*,*,#10606,.F.);
#10860 = ORIENTED_EDGE('',*,*,#10288,.F.);
#10861 = ORIENTED_EDGE('',*,*,#9977,.F.);
#10862 = ORIENTED_EDGE('',*,*,#9873,.F.);
#10863 = ORIENTED_EDGE('',*,*,#9844,.F.);
#10864 = ORIENTED_EDGE('',*,*,#9771,.F.);
#10865 = ADVANCED_FACE('',(#10866),#10545,.F.);
#10866 = FACE_BOUND('',#10867,.F.);
#10867 = EDGE_LOOP('',(#10868,#10869,#10889,#10890));
#10868 = ORIENTED_EDGE('',*,*,#10471,.F.);
#10869 = ORIENTED_EDGE('',*,*,#10870,.T.);
#10870 = EDGE_CURVE('',#10340,#10650,#10871,.T.);
#10871 = SURFACE_CURVE('',#10872,(#10875,#10882),.PCURVE_S1.);
#10872 = B_SPLINE_CURVE_WITH_KNOTS('',1,(#10873,#10874),.UNSPECIFIED.,
  .F.,.F.,(2,2),(2.490634393316,10.),.PIECEWISE_BEZIER_KNOTS.);
#10873 = CARTESIAN_POINT('',(-8.00936560668,-5.987492177718,-1.5));
#10874 = CARTESIAN_POINT('',(-0.499999999996,-5.987492177718,-1.5));
#10875 = PCURVE('',#10545,#10876);
#10876 = DEFINITIONAL_REPRESENTATION('',(#10877),#10881);
#10877 = LINE('',#10878,#10879);
#10878 = CARTESIAN_POINT('',(0.,12.));
#10879 = VECTOR('',#10880,1.);
#10880 = DIRECTION('',(0.,-1.));
#10881 = ( GEOMETRIC_REPRESENTATION_CONTEXT(2) 
PARAMETRIC_REPRESENTATION_CONTEXT() REPRESENTATION_CONTEXT('2D SPACE',''
  ) );
#10882 = PCURVE('',#10415,#10883);
#10883 = DEFINITIONAL_REPRESENTATION('',(#10884),#10888);
#10884 = LINE('',#10885,#10886);
#10885 = CARTESIAN_POINT('',(6.28318530718,12.));
#10886 = VECTOR('',#10887,1.);
#10887 = DIRECTION('',(0.,-1.));
#10888 = ( GEOMETRIC_REPRESENTATION_CONTEXT(2) 
PARAMETRIC_REPRESENTATION_CONTEXT() REPRESENTATION_CONTEXT('2D SPACE',''
  ) );
#10889 = ORIENTED_EDGE('',*,*,#10647,.F.);
#10890 = ORIENTED_EDGE('',*,*,#10891,.F.);
#10891 = EDGE_CURVE('',#10338,#10648,#10892,.T.);
#10892 = SURFACE_CURVE('',#10893,(#10896,#10903),.PCURVE_S1.);
#10893 = B_SPLINE_CURVE_WITH_KNOTS('',1,(#10894,#10895),.UNSPECIFIED.,
  .F.,.F.,(2,2),(2.490634393286,10.),.PIECEWISE_BEZIER_KNOTS.);
#10894 = CARTESIAN_POINT('',(-8.00936560671,-5.987492177718,1.5));
#10895 = CARTESIAN_POINT('',(-0.499999999996,-5.987492177718,1.5));
#10896 = PCURVE('',#10545,#10897);
#10897 = DEFINITIONAL_REPRESENTATION('',(#10898),#10902);
#10898 = LINE('',#10899,#10900);
#10899 = CARTESIAN_POINT('',(3.14159265359,12.));
#10900 = VECTOR('',#10901,1.);
#10901 = DIRECTION('',(0.,-1.));
#10902 = ( GEOMETRIC_REPRESENTATION_CONTEXT(2) 
PARAMETRIC_REPRESENTATION_CONTEXT() REPRESENTATION_CONTEXT('2D SPACE',''
  ) );
#10903 = PCURVE('',#10415,#10904);
#10904 = DEFINITIONAL_REPRESENTATION('',(#10905),#10909);
#10905 = LINE('',#10906,#10907);
#10906 = CARTESIAN_POINT('',(3.14159265359,12.));
#10907 = VECTOR('',#10908,1.);
#10908 = DIRECTION('',(0.,-1.));
#10909 = ( GEOMETRIC_REPRESENTATION_CONTEXT(2) 
PARAMETRIC_REPRESENTATION_CONTEXT() REPRESENTATION_CONTEXT('2D SPACE',''
  ) );
#10910 = ADVANCED_FACE('',(#10911),#9960,.F.);
#10911 = FACE_BOUND('',#10912,.F.);
#10912 = EDGE_LOOP('',(#10913,#10914,#10934,#10935));
#10913 = ORIENTED_EDGE('',*,*,#9945,.F.);
#10914 = ORIENTED_EDGE('',*,*,#10915,.T.);
#10915 = EDGE_CURVE('',#9917,#10030,#10916,.T.);
#10916 = SURFACE_CURVE('',#10917,(#10920,#10927),.PCURVE_S1.);
#10917 = B_SPLINE_CURVE_WITH_KNOTS('',1,(#10918,#10919),.UNSPECIFIED.,
  .F.,.F.,(2,2),(11.,18.509365606712),.PIECEWISE_BEZIER_KNOTS.);
#10918 = CARTESIAN_POINT('',(0.500000000004,-5.987492177718,-1.5));
#10919 = CARTESIAN_POINT('',(8.009365606716,-5.987492177718,-1.5));
#10920 = PCURVE('',#9960,#10921);
#10921 = DEFINITIONAL_REPRESENTATION('',(#10922),#10926);
#10922 = LINE('',#10923,#10924);
#10923 = CARTESIAN_POINT('',(0.,12.));
#10924 = VECTOR('',#10925,1.);
#10925 = DIRECTION('',(0.,-1.));
#10926 = ( GEOMETRIC_REPRESENTATION_CONTEXT(2) 
PARAMETRIC_REPRESENTATION_CONTEXT() REPRESENTATION_CONTEXT('2D SPACE',''
  ) );
#10927 = PCURVE('',#9933,#10928);
#10928 = DEFINITIONAL_REPRESENTATION('',(#10929),#10933);
#10929 = LINE('',#10930,#10931);
#10930 = CARTESIAN_POINT('',(6.28318530718,12.));
#10931 = VECTOR('',#10932,1.);
#10932 = DIRECTION('',(0.,-1.));
#10933 = ( GEOMETRIC_REPRESENTATION_CONTEXT(2) 
PARAMETRIC_REPRESENTATION_CONTEXT() REPRESENTATION_CONTEXT('2D SPACE',''
  ) );
#10934 = ORIENTED_EDGE('',*,*,#10027,.F.);
#10935 = ORIENTED_EDGE('',*,*,#10936,.F.);
#10936 = EDGE_CURVE('',#9915,#10028,#10937,.T.);
#10937 = SURFACE_CURVE('',#10938,(#10941,#10948),.PCURVE_S1.);
#10938 = B_SPLINE_CURVE_WITH_KNOTS('',1,(#10939,#10940),.UNSPECIFIED.,
  .F.,.F.,(2,2),(11.,18.509365606744),.PIECEWISE_BEZIER_KNOTS.);
#10939 = CARTESIAN_POINT('',(0.500000000004,-5.987492177718,1.5));
#10940 = CARTESIAN_POINT('',(8.009365606748,-5.987492177718,1.5));
#10941 = PCURVE('',#9960,#10942);
#10942 = DEFINITIONAL_REPRESENTATION('',(#10943),#10947);
#10943 = LINE('',#10944,#10945);
#10944 = CARTESIAN_POINT('',(3.14159265359,12.));
#10945 = VECTOR('',#10946,1.);
#10946 = DIRECTION('',(0.,-1.));
#10947 = ( GEOMETRIC_REPRESENTATION_CONTEXT(2) 
PARAMETRIC_REPRESENTATION_CONTEXT() REPRESENTATION_CONTEXT('2D SPACE',''
  ) );
#10948 = PCURVE('',#9933,#10949);
#10949 = DEFINITIONAL_REPRESENTATION('',(#10950),#10954);
#10950 = LINE('',#10951,#10952);
#10951 = CARTESIAN_POINT('',(3.14159265359,12.));
#10952 = VECTOR('',#10953,1.);
#10953 = DIRECTION('',(0.,-1.));
#10954 = ( GEOMETRIC_REPRESENTATION_CONTEXT(2) 
PARAMETRIC_REPRESENTATION_CONTEXT() REPRESENTATION_CONTEXT('2D SPACE',''
  ) );
#10955 = ADVANCED_FACE('',(#10956),#10415,.F.);
#10956 = FACE_BOUND('',#10957,.F.);
#10957 = EDGE_LOOP('',(#10958,#10959,#10960,#10961));
#10958 = ORIENTED_EDGE('',*,*,#10891,.T.);
#10959 = ORIENTED_EDGE('',*,*,#10673,.F.);
#10960 = ORIENTED_EDGE('',*,*,#10870,.F.);
#10961 = ORIENTED_EDGE('',*,*,#10337,.F.);
#10962 = ADVANCED_FACE('',(#10963),#9933,.F.);
#10963 = FACE_BOUND('',#10964,.F.);
#10964 = EDGE_LOOP('',(#10965,#10966,#10967,#10968));
#10965 = ORIENTED_EDGE('',*,*,#10936,.T.);
#10966 = ORIENTED_EDGE('',*,*,#10158,.F.);
#10967 = ORIENTED_EDGE('',*,*,#10915,.F.);
#10968 = ORIENTED_EDGE('',*,*,#9914,.F.);
#10969 = ( GEOMETRIC_REPRESENTATION_CONTEXT(3) 
GLOBAL_UNCERTAINTY_ASSIGNED_CONTEXT((#10973)) 
GLOBAL_UNIT_ASSIGNED_CONTEXT((#10970,#10971,#10972)) 
REPRESENTATION_CONTEXT('Context #1',
  '3D Context with UNIT and UNCERTAINTY') );
#10970 = ( LENGTH_UNIT() NAMED_UNIT(*) SI_UNIT(.MILLI.,.METRE.) );
#10971 = ( NAMED_UNIT(*) PLANE_ANGLE_UNIT() SI_UNIT($,.RADIAN.) );
#10972 = ( NAMED_UNIT(*) SI_UNIT($,.STERADIAN.) SOLID_ANGLE_UNIT() );
#10973 = UNCERTAINTY_MEASURE_WITH_UNIT(LENGTH_MEASURE(1.E-05),#10970,
  'distance_accuracy_value','confusion accuracy');
#10974 = CONTEXT_DEPENDENT_SHAPE_REPRESENTATION(#10975,#10977);
#10975 = ( REPRESENTATION_RELATIONSHIP('','',#9452,#10) 
REPRESENTATION_RELATIONSHIP_WITH_TRANSFORMATION(#10976) 
SHAPE_REPRESENTATION_RELATIONSHIP() );
#10976 = ITEM_DEFINED_TRANSFORMATION('','',#11,#39);
#10977 = PRODUCT_DEFINITION_SHAPE('Placement','Placement of an item',
  #10978);
#10978 = NEXT_ASSEMBLY_USAGE_OCCURRENCE('7','ring_top','',#5,#9447,$);
#10979 = PRODUCT_RELATED_PRODUCT_CATEGORY('part',$,(#9449));
#10980 = SHAPE_DEFINITION_REPRESENTATION(#10981,#10987);
#10981 = PRODUCT_DEFINITION_SHAPE('','',#10982);
#10982 = PRODUCT_DEFINITION('design','',#10983,#10986);
#10983 = PRODUCT_DEFINITION_FORMATION('','',#10984);
#10984 = PRODUCT('ring_bottom','ring_bottom','',(#10985));
#10985 = PRODUCT_CONTEXT('',#2,'mechanical');
#10986 = PRODUCT_DEFINITION_CONTEXT('part definition',#2,'design');
#10987 = ADVANCED_BREP_SHAPE_REPRESENTATION('',(#11,#10988),#12504);
#10988 = MANIFOLD_SOLID_BREP('',#10989);
#10989 = CLOSED_SHELL('',(#10990,#11280,#11354,#11402,#11506,#11817,
    #12135,#12229,#12277,#12320,#12363,#12387,#12400,#12445,#12490,
    #12497));
#10990 = ADVANCED_FACE('',(#10991),#11006,.T.);
#10991 = FACE_BOUND('',#10992,.T.);
#10992 = EDGE_LOOP('',(#10993,#11033,#11066,#11091,#11120,#11149,#11174,
    #11207,#11232,#11257));
#10993 = ORIENTED_EDGE('',*,*,#10994,.T.);
#10994 = EDGE_CURVE('',#10995,#10997,#10999,.T.);
#10995 = VERTEX_POINT('',#10996);
#10996 = CARTESIAN_POINT('',(0.500000000004,2.958039891549,4.));
#10997 = VERTEX_POINT('',#10998);
#10998 = CARTESIAN_POINT('',(3.,-6.394884621841E-14,4.));
#10999 = SURFACE_CURVE('',#11000,(#11005,#11021),.PCURVE_S1.);
#11000 = CIRCLE('',#11001,3.);
#11001 = AXIS2_PLACEMENT_3D('',#11002,#11003,#11004);
#11002 = CARTESIAN_POINT('',(1.239011033203E-13,2.047107742676E-13,4.));
#11003 = DIRECTION('',(-4.785846205247E-16,-4.044778282835E-16,-1.));
#11004 = DIRECTION('',(0.166666666668,0.986013297183,-4.785846205247E-16
    ));
#11005 = PCURVE('',#11006,#11011);
#11006 = PLANE('',#11007);
#11007 = AXIS2_PLACEMENT_3D('',#11008,#11009,#11010);
#11008 = CARTESIAN_POINT('',(-11.88486096375,-10.20525427719,4.));
#11009 = DIRECTION('',(0.,0.,1.));
#11010 = DIRECTION('',(1.,0.,-0.));
#11011 = DEFINITIONAL_REPRESENTATION('',(#11012),#11020);
#11012 = ( BOUNDED_CURVE() B_SPLINE_CURVE(2,(#11013,#11014,#11015,#11016
    ,#11017,#11018,#11019),.UNSPECIFIED.,.T.,.F.) 
B_SPLINE_CURVE_WITH_KNOTS((1,2,2,2,2,1),(-2.094395102393,0.,
    2.094395102393,4.188790204786,6.28318530718,8.377580409573),
.UNSPECIFIED.) CURVE() GEOMETRIC_REPRESENTATION_ITEM() 
RATIONAL_B_SPLINE_CURVE((1.,0.5,1.,0.5,1.,0.5,1.)) REPRESENTATION_ITEM(
  '') );
#11013 = CARTESIAN_POINT('',(12.384860963763,13.163294168743));
#11014 = CARTESIAN_POINT('',(17.508336346741,12.297268764952));
#11015 = CARTESIAN_POINT('',(14.196598655246,8.293221629524));
#11016 = CARTESIAN_POINT('',(10.884860963751,4.289174494097));
#11017 = CARTESIAN_POINT('',(9.073123272268,9.159247033316));
#11018 = CARTESIAN_POINT('',(7.261385580785,14.029319572535));
#11019 = CARTESIAN_POINT('',(12.384860963763,13.163294168743));
#11020 = ( GEOMETRIC_REPRESENTATION_CONTEXT(2) 
PARAMETRIC_REPRESENTATION_CONTEXT() REPRESENTATION_CONTEXT('2D SPACE',''
  ) );
#11021 = PCURVE('',#11022,#11027);
#11022 = CYLINDRICAL_SURFACE('',#11023,3.);
#11023 = AXIS2_PLACEMENT_3D('',#11024,#11025,#11026);
#11024 = CARTESIAN_POINT('',(-9.493074732561E-15,-2.264528979559E-14,
    5.958913701179E-15));
#11025 = DIRECTION('',(5.060072008928E-16,3.327090384306E-16,1.));
#11026 = DIRECTION('',(1.,0.,-5.060072008928E-16));
#11027 = DEFINITIONAL_REPRESENTATION('',(#11028),#11032);
#11028 = LINE('',#11029,#11030);
#11029 = CARTESIAN_POINT('',(1.403348247574,4.));
#11030 = VECTOR('',#11031,1.);
#11031 = DIRECTION('',(-1.,0.));
#11032 = ( GEOMETRIC_REPRESENTATION_CONTEXT(2) 
PARAMETRIC_REPRESENTATION_CONTEXT() REPRESENTATION_CONTEXT('2D SPACE',''
  ) );
#11033 = ORIENTED_EDGE('',*,*,#11034,.T.);
#11034 = EDGE_CURVE('',#10997,#11035,#11037,.T.);
#11035 = VERTEX_POINT('',#11036);
#11036 = CARTESIAN_POINT('',(0.500000000004,-2.958039891549,4.));
#11037 = SURFACE_CURVE('',#11038,(#11043,#11054),.PCURVE_S1.);
#11038 = CIRCLE('',#11039,3.);
#11039 = AXIS2_PLACEMENT_3D('',#11040,#11041,#11042);
#11040 = CARTESIAN_POINT('',(1.428824452857E-13,-2.160317991874E-13,4.)
  );
#11041 = DIRECTION('',(0.,0.,-1.));
#11042 = DIRECTION('',(1.,5.069431765633E-14,0.));
#11043 = PCURVE('',#11006,#11044);
#11044 = DEFINITIONAL_REPRESENTATION('',(#11045),#11053);
#11045 = ( BOUNDED_CURVE() B_SPLINE_CURVE(2,(#11046,#11047,#11048,#11049
    ,#11050,#11051,#11052),.UNSPECIFIED.,.T.,.F.) 
B_SPLINE_CURVE_WITH_KNOTS((1,2,2,2,2,1),(-2.094395102393,0.,
    2.094395102393,4.188790204786,6.28318530718,8.377580409573),
.UNSPECIFIED.) CURVE() GEOMETRIC_REPRESENTATION_ITEM() 
RATIONAL_B_SPLINE_CURVE((1.,0.5,1.,0.5,1.,0.5,1.)) REPRESENTATION_ITEM(
  '') );
#11046 = CARTESIAN_POINT('',(14.884860963759,10.205254277194));
#11047 = CARTESIAN_POINT('',(14.884860963759,5.009101854488));
#11048 = CARTESIAN_POINT('',(10.384860963759,7.607178065841));
#11049 = CARTESIAN_POINT('',(5.88486096376,10.205254277194));
#11050 = CARTESIAN_POINT('',(10.384860963759,12.803330488547));
#11051 = CARTESIAN_POINT('',(14.884860963759,15.401406699901));
#11052 = CARTESIAN_POINT('',(14.884860963759,10.205254277194));
#11053 = ( GEOMETRIC_REPRESENTATION_CONTEXT(2) 
PARAMETRIC_REPRESENTATION_CONTEXT() REPRESENTATION_CONTEXT('2D SPACE',''
  ) );
#11054 = PCURVE('',#11055,#11060);
#11055 = CYLINDRICAL_SURFACE('',#11056,3.);
#11056 = AXIS2_PLACEMENT_3D('',#11057,#11058,#11059);
#11057 = CARTESIAN_POINT('',(5.633077415512E-13,-2.697142481358E-13,
    1.359657707181E-15));
#11058 = DIRECTION('',(1.571597624938E-16,-1.138352218782E-16,1.));
#11059 = DIRECTION('',(1.,0.,-1.571597624938E-16));
#11060 = DEFINITIONAL_REPRESENTATION('',(#11061),#11065);
#11061 = LINE('',#11062,#11063);
#11062 = CARTESIAN_POINT('',(6.28318530718,4.));
#11063 = VECTOR('',#11064,1.);
#11064 = DIRECTION('',(-1.,-6.328995110341E-16));
#11065 = ( GEOMETRIC_REPRESENTATION_CONTEXT(2) 
PARAMETRIC_REPRESENTATION_CONTEXT() REPRESENTATION_CONTEXT('2D SPACE',''
  ) );
#11066 = ORIENTED_EDGE('',*,*,#11067,.T.);
#11067 = EDGE_CURVE('',#11035,#11068,#11070,.T.);
#11068 = VERTEX_POINT('',#11069);
#11069 = CARTESIAN_POINT('',(0.500000000004,-9.98749217772,4.));
#11070 = SURFACE_CURVE('',#11071,(#11074,#11080),.PCURVE_S1.);
#11071 = B_SPLINE_CURVE_WITH_KNOTS('',1,(#11072,#11073),.UNSPECIFIED.,
  .F.,.F.,(2,2),(12.385770371118,19.415222657289),
  .PIECEWISE_BEZIER_KNOTS.);
#11072 = CARTESIAN_POINT('',(0.500000000004,-2.958039891549,4.));
#11073 = CARTESIAN_POINT('',(0.500000000004,-9.98749217772,4.));
#11074 = PCURVE('',#11006,#11075);
#11075 = DEFINITIONAL_REPRESENTATION('',(#11076),#11079);
#11076 = B_SPLINE_CURVE_WITH_KNOTS('',1,(#11077,#11078),.UNSPECIFIED.,
  .F.,.F.,(2,2),(12.385770371118,19.415222657289),
  .PIECEWISE_BEZIER_KNOTS.);
#11077 = CARTESIAN_POINT('',(12.384860963763,7.247214385645));
#11078 = CARTESIAN_POINT('',(12.384860963763,0.217762099475));
#11079 = ( GEOMETRIC_REPRESENTATION_CONTEXT(2) 
PARAMETRIC_REPRESENTATION_CONTEXT() REPRESENTATION_CONTEXT('2D SPACE',''
  ) );
#11080 = PCURVE('',#11081,#11086);
#11081 = PLANE('',#11082);
#11082 = AXIS2_PLACEMENT_3D('',#11083,#11084,#11085);
#11083 = CARTESIAN_POINT('',(0.500000000004,-9.98749217772,4.));
#11084 = DIRECTION('',(-1.,0.,0.));
#11085 = DIRECTION('',(0.,0.,-1.));
#11086 = DEFINITIONAL_REPRESENTATION('',(#11087),#11090);
#11087 = B_SPLINE_CURVE_WITH_KNOTS('',1,(#11088,#11089),.UNSPECIFIED.,
  .F.,.F.,(2,2),(12.385770371118,19.415222657289),
  .PIECEWISE_BEZIER_KNOTS.);
#11088 = CARTESIAN_POINT('',(0.,-7.029452286171));
#11089 = CARTESIAN_POINT('',(0.,0.));
#11090 = ( GEOMETRIC_REPRESENTATION_CONTEXT(2) 
PARAMETRIC_REPRESENTATION_CONTEXT() REPRESENTATION_CONTEXT('2D SPACE',''
  ) );
#11091 = ORIENTED_EDGE('',*,*,#11092,.T.);
#11092 = EDGE_CURVE('',#11068,#11093,#11095,.T.);
#11093 = VERTEX_POINT('',#11094);
#11094 = CARTESIAN_POINT('',(10.000000000018,-6.394884621841E-14,4.));
#11095 = SURFACE_CURVE('',#11096,(#11101,#11108),.PCURVE_S1.);
#11096 = CIRCLE('',#11097,10.);
#11097 = AXIS2_PLACEMENT_3D('',#11098,#11099,#11100);
#11098 = CARTESIAN_POINT('',(1.812781926504E-11,-5.806016161353E-14,4.)
  );
#11099 = DIRECTION('',(-1.612341920614E-16,6.443523493522E-17,1.));
#11100 = DIRECTION('',(4.999999999861E-02,-0.998749217772,
    7.241635009135E-17));
#11101 = PCURVE('',#11006,#11102);
#11102 = DEFINITIONAL_REPRESENTATION('',(#11103),#11107);
#11103 = CIRCLE('',#11104,10.);
#11104 = AXIS2_PLACEMENT_2D('',#11105,#11106);
#11105 = CARTESIAN_POINT('',(11.884860963777,10.205254277194));
#11106 = DIRECTION('',(4.999999999861E-02,-0.998749217772));
#11107 = ( GEOMETRIC_REPRESENTATION_CONTEXT(2) 
PARAMETRIC_REPRESENTATION_CONTEXT() REPRESENTATION_CONTEXT('2D SPACE',''
  ) );
#11108 = PCURVE('',#11109,#11114);
#11109 = CYLINDRICAL_SURFACE('',#11110,10.);
#11110 = AXIS2_PLACEMENT_3D('',#11111,#11112,#11113);
#11111 = CARTESIAN_POINT('',(1.812557290687E-11,-5.955362736476E-14,
    4.139863318895E-15));
#11112 = DIRECTION('',(3.010287796059E-17,1.58309880409E-17,-1.));
#11113 = DIRECTION('',(-1.,0.,-3.010287796059E-17));
#11114 = DEFINITIONAL_REPRESENTATION('',(#11115),#11119);
#11115 = LINE('',#11116,#11117);
#11116 = CARTESIAN_POINT('',(4.66236812358,-4.));
#11117 = VECTOR('',#11118,1.);
#11118 = DIRECTION('',(-1.,-5.840299486851E-16));
#11119 = ( GEOMETRIC_REPRESENTATION_CONTEXT(2) 
PARAMETRIC_REPRESENTATION_CONTEXT() REPRESENTATION_CONTEXT('2D SPACE',''
  ) );
#11120 = ORIENTED_EDGE('',*,*,#11121,.T.);
#11121 = EDGE_CURVE('',#11093,#11122,#11124,.T.);
#11122 = VERTEX_POINT('',#11123);
#11123 = CARTESIAN_POINT('',(-0.499999999996,-9.987492177718,4.));
#11124 = SURFACE_CURVE('',#11125,(#11130,#11137),.PCURVE_S1.);
#11125 = CIRCLE('',#11126,10.);
#11126 = AXIS2_PLACEMENT_3D('',#11127,#11128,#11129);
#11127 = CARTESIAN_POINT('',(1.813052827157E-11,-6.164244589435E-14,4.)
  );
#11128 = DIRECTION('',(0.,0.,1.));
#11129 = DIRECTION('',(1.,-2.306400324056E-16,0.));
#11130 = PCURVE('',#11006,#11131);
#11131 = DEFINITIONAL_REPRESENTATION('',(#11132),#11136);
#11132 = CIRCLE('',#11133,10.);
#11133 = AXIS2_PLACEMENT_2D('',#11134,#11135);
#11134 = CARTESIAN_POINT('',(11.884860963777,10.205254277194));
#11135 = DIRECTION('',(1.,-2.306400324056E-16));
#11136 = ( GEOMETRIC_REPRESENTATION_CONTEXT(2) 
PARAMETRIC_REPRESENTATION_CONTEXT() REPRESENTATION_CONTEXT('2D SPACE',''
  ) );
#11137 = PCURVE('',#11138,#11143);
#11138 = CYLINDRICAL_SURFACE('',#11139,10.);
#11139 = AXIS2_PLACEMENT_3D('',#11140,#11141,#11142);
#11140 = CARTESIAN_POINT('',(1.813037138852E-11,-3.328143385114E-14,
    4.440892098501E-15));
#11141 = DIRECTION('',(0.,0.,-1.));
#11142 = DIRECTION('',(-1.,0.,-0.));
#11143 = DEFINITIONAL_REPRESENTATION('',(#11144),#11148);
#11144 = LINE('',#11145,#11146);
#11145 = CARTESIAN_POINT('',(3.14159265359,-4.));
#11146 = VECTOR('',#11147,1.);
#11147 = DIRECTION('',(-1.,0.));
#11148 = ( GEOMETRIC_REPRESENTATION_CONTEXT(2) 
PARAMETRIC_REPRESENTATION_CONTEXT() REPRESENTATION_CONTEXT('2D SPACE',''
  ) );
#11149 = ORIENTED_EDGE('',*,*,#11150,.T.);
#11150 = EDGE_CURVE('',#11122,#11151,#11153,.T.);
#11151 = VERTEX_POINT('',#11152);
#11152 = CARTESIAN_POINT('',(-0.499999999996,-2.958039891551,4.));
#11153 = SURFACE_CURVE('',#11154,(#11157,#11163),.PCURVE_S1.);
#11154 = B_SPLINE_CURVE_WITH_KNOTS('',1,(#11155,#11156),.UNSPECIFIED.,
  .F.,.F.,(2,2),(81.24665859297,88.276110879138),
  .PIECEWISE_BEZIER_KNOTS.);
#11155 = CARTESIAN_POINT('',(-0.499999999996,-9.987492177718,4.));
#11156 = CARTESIAN_POINT('',(-0.499999999996,-2.958039891551,4.));
#11157 = PCURVE('',#11006,#11158);
#11158 = DEFINITIONAL_REPRESENTATION('',(#11159),#11162);
#11159 = B_SPLINE_CURVE_WITH_KNOTS('',1,(#11160,#11161),.UNSPECIFIED.,
  .F.,.F.,(2,2),(81.24665859297,88.276110879138),
  .PIECEWISE_BEZIER_KNOTS.);
#11160 = CARTESIAN_POINT('',(11.384860963763,0.217762099476));
#11161 = CARTESIAN_POINT('',(11.384860963763,7.247214385644));
#11162 = ( GEOMETRIC_REPRESENTATION_CONTEXT(2) 
PARAMETRIC_REPRESENTATION_CONTEXT() REPRESENTATION_CONTEXT('2D SPACE',''
  ) );
#11163 = PCURVE('',#11164,#11169);
#11164 = PLANE('',#11165);
#11165 = AXIS2_PLACEMENT_3D('',#11166,#11167,#11168);
#11166 = CARTESIAN_POINT('',(-0.499999999996,-2.958039891551,4.));
#11167 = DIRECTION('',(1.,0.,0.));
#11168 = DIRECTION('',(-0.,0.,1.));
#11169 = DEFINITIONAL_REPRESENTATION('',(#11170),#11173);
#11170 = B_SPLINE_CURVE_WITH_KNOTS('',1,(#11171,#11172),.UNSPECIFIED.,
  .F.,.F.,(2,2),(81.24665859297,88.276110879138),
  .PIECEWISE_BEZIER_KNOTS.);
#11171 = CARTESIAN_POINT('',(0.,7.029452286168));
#11172 = CARTESIAN_POINT('',(0.,0.));
#11173 = ( GEOMETRIC_REPRESENTATION_CONTEXT(2) 
PARAMETRIC_REPRESENTATION_CONTEXT() REPRESENTATION_CONTEXT('2D SPACE',''
  ) );
#11174 = ORIENTED_EDGE('',*,*,#11175,.T.);
#11175 = EDGE_CURVE('',#11151,#11176,#11178,.T.);
#11176 = VERTEX_POINT('',#11177);
#11177 = CARTESIAN_POINT('',(-0.499999999996,2.95803989155,4.));
#11178 = SURFACE_CURVE('',#11179,(#11184,#11195),.PCURVE_S1.);
#11179 = CIRCLE('',#11180,3.);
#11180 = AXIS2_PLACEMENT_3D('',#11181,#11182,#11183);
#11181 = CARTESIAN_POINT('',(-3.439900227958E-16,-5.116753511766E-14,4.)
  );
#11182 = DIRECTION('',(-7.105427357589E-16,6.828577210819E-30,-1.));
#11183 = DIRECTION('',(-0.166666666665,-0.986013297184,
    1.184237892921E-16));
#11184 = PCURVE('',#11006,#11185);
#11185 = DEFINITIONAL_REPRESENTATION('',(#11186),#11194);
#11186 = ( BOUNDED_CURVE() B_SPLINE_CURVE(2,(#11187,#11188,#11189,#11190
    ,#11191,#11192,#11193),.UNSPECIFIED.,.T.,.F.) 
B_SPLINE_CURVE_WITH_KNOTS((1,2,2,2,2,1),(-2.094395102393,0.,
    2.094395102393,4.188790204786,6.28318530718,8.377580409573),
.UNSPECIFIED.) CURVE() GEOMETRIC_REPRESENTATION_ITEM() 
RATIONAL_B_SPLINE_CURVE((1.,0.5,1.,0.5,1.,0.5,1.)) REPRESENTATION_ITEM(
  '') );
#11187 = CARTESIAN_POINT('',(11.384860963763,7.247214385644));
#11188 = CARTESIAN_POINT('',(6.261385580782,8.113239789421));
#11189 = CARTESIAN_POINT('',(9.573123272266,12.117286924858));
#11190 = CARTESIAN_POINT('',(12.884860963751,16.121334060295));
#11191 = CARTESIAN_POINT('',(14.696598655247,11.251261521081));
#11192 = CARTESIAN_POINT('',(16.508336346744,6.381188981867));
#11193 = CARTESIAN_POINT('',(11.384860963763,7.247214385644));
#11194 = ( GEOMETRIC_REPRESENTATION_CONTEXT(2) 
PARAMETRIC_REPRESENTATION_CONTEXT() REPRESENTATION_CONTEXT('2D SPACE',''
  ) );
#11195 = PCURVE('',#11196,#11201);
#11196 = CYLINDRICAL_SURFACE('',#11197,3.);
#11197 = AXIS2_PLACEMENT_3D('',#11198,#11199,#11200);
#11198 = CARTESIAN_POINT('',(-1.762948866828E-13,-4.666130333173E-14,
    4.777913771623E-15));
#11199 = DIRECTION('',(-1.123405577073E-16,-2.633501144219E-30,1.));
#11200 = DIRECTION('',(1.,0.,1.123405577073E-16));
#11201 = DEFINITIONAL_REPRESENTATION('',(#11202),#11206);
#11202 = LINE('',#11203,#11204);
#11203 = CARTESIAN_POINT('',(4.544940901167,4.));
#11204 = VECTOR('',#11205,1.);
#11205 = DIRECTION('',(-1.,0.));
#11206 = ( GEOMETRIC_REPRESENTATION_CONTEXT(2) 
PARAMETRIC_REPRESENTATION_CONTEXT() REPRESENTATION_CONTEXT('2D SPACE',''
  ) );
#11207 = ORIENTED_EDGE('',*,*,#11208,.T.);
#11208 = EDGE_CURVE('',#11176,#11209,#11211,.T.);
#11209 = VERTEX_POINT('',#11210);
#11210 = CARTESIAN_POINT('',(-0.499999999996,6.000000000001,4.));
#11211 = SURFACE_CURVE('',#11212,(#11215,#11221),.PCURVE_S1.);
#11212 = B_SPLINE_CURVE_WITH_KNOTS('',1,(#11213,#11214),.UNSPECIFIED.,
  .F.,.F.,(2,2),(0.,3.04196010845),.PIECEWISE_BEZIER_KNOTS.);
#11213 = CARTESIAN_POINT('',(-0.499999999996,2.95803989155,4.));
#11214 = CARTESIAN_POINT('',(-0.499999999996,6.000000000001,4.));
#11215 = PCURVE('',#11006,#11216);
#11216 = DEFINITIONAL_REPRESENTATION('',(#11217),#11220);
#11217 = B_SPLINE_CURVE_WITH_KNOTS('',1,(#11218,#11219),.UNSPECIFIED.,
  .F.,.F.,(2,2),(0.,3.04196010845),.PIECEWISE_BEZIER_KNOTS.);
#11218 = CARTESIAN_POINT('',(11.384860963763,13.163294168745));
#11219 = CARTESIAN_POINT('',(11.384860963763,16.205254277195));
#11220 = ( GEOMETRIC_REPRESENTATION_CONTEXT(2) 
PARAMETRIC_REPRESENTATION_CONTEXT() REPRESENTATION_CONTEXT('2D SPACE',''
  ) );
#11221 = PCURVE('',#11222,#11227);
#11222 = PLANE('',#11223);
#11223 = AXIS2_PLACEMENT_3D('',#11224,#11225,#11226);
#11224 = CARTESIAN_POINT('',(-0.499999999996,6.000000000001,4.));
#11225 = DIRECTION('',(1.,0.,0.));
#11226 = DIRECTION('',(-0.,0.,1.));
#11227 = DEFINITIONAL_REPRESENTATION('',(#11228),#11231);
#11228 = B_SPLINE_CURVE_WITH_KNOTS('',1,(#11229,#11230),.UNSPECIFIED.,
  .F.,.F.,(2,2),(0.,3.04196010845),.PIECEWISE_BEZIER_KNOTS.);
#11229 = CARTESIAN_POINT('',(0.,3.04196010845));
#11230 = CARTESIAN_POINT('',(0.,0.));
#11231 = ( GEOMETRIC_REPRESENTATION_CONTEXT(2) 
PARAMETRIC_REPRESENTATION_CONTEXT() REPRESENTATION_CONTEXT('2D SPACE',''
  ) );
#11232 = ORIENTED_EDGE('',*,*,#11233,.T.);
#11233 = EDGE_CURVE('',#11209,#11234,#11236,.T.);
#11234 = VERTEX_POINT('',#11235);
#11235 = CARTESIAN_POINT('',(0.500000000004,6.000000000001,4.));
#11236 = SURFACE_CURVE('',#11237,(#11240,#11246),.PCURVE_S1.);
#11237 = B_SPLINE_CURVE_WITH_KNOTS('',1,(#11238,#11239),.UNSPECIFIED.,
  .F.,.F.,(2,2),(0.,1.),.PIECEWISE_BEZIER_KNOTS.);
#11238 = CARTESIAN_POINT('',(-0.499999999996,6.000000000001,4.));
#11239 = CARTESIAN_POINT('',(0.500000000004,6.000000000001,4.));
#11240 = PCURVE('',#11006,#11241);
#11241 = DEFINITIONAL_REPRESENTATION('',(#11242),#11245);
#11242 = B_SPLINE_CURVE_WITH_KNOTS('',1,(#11243,#11244),.UNSPECIFIED.,
  .F.,.F.,(2,2),(0.,1.),.PIECEWISE_BEZIER_KNOTS.);
#11243 = CARTESIAN_POINT('',(11.384860963763,16.205254277195));
#11244 = CARTESIAN_POINT('',(12.384860963763,16.205254277195));
#11245 = ( GEOMETRIC_REPRESENTATION_CONTEXT(2) 
PARAMETRIC_REPRESENTATION_CONTEXT() REPRESENTATION_CONTEXT('2D SPACE',''
  ) );
#11246 = PCURVE('',#11247,#11252);
#11247 = PLANE('',#11248);
#11248 = AXIS2_PLACEMENT_3D('',#11249,#11250,#11251);
#11249 = CARTESIAN_POINT('',(0.500000000004,6.000000000001,4.));
#11250 = DIRECTION('',(0.,-1.,0.));
#11251 = DIRECTION('',(0.,-0.,-1.));
#11252 = DEFINITIONAL_REPRESENTATION('',(#11253),#11256);
#11253 = B_SPLINE_CURVE_WITH_KNOTS('',1,(#11254,#11255),.UNSPECIFIED.,
  .F.,.F.,(2,2),(0.,1.),.PIECEWISE_BEZIER_KNOTS.);
#11254 = CARTESIAN_POINT('',(0.,-0.999999999999));
#11255 = CARTESIAN_POINT('',(0.,6.820100040272E-13));
#11256 = ( GEOMETRIC_REPRESENTATION_CONTEXT(2) 
PARAMETRIC_REPRESENTATION_CONTEXT() REPRESENTATION_CONTEXT('2D SPACE',''
  ) );
#11257 = ORIENTED_EDGE('',*,*,#11258,.T.);
#11258 = EDGE_CURVE('',#11234,#10995,#11259,.T.);
#11259 = SURFACE_CURVE('',#11260,(#11263,#11269),.PCURVE_S1.);
#11260 = B_SPLINE_CURVE_WITH_KNOTS('',1,(#11261,#11262),.UNSPECIFIED.,
  .F.,.F.,(2,2),(0.,3.041960108452),.PIECEWISE_BEZIER_KNOTS.);
#11261 = CARTESIAN_POINT('',(0.500000000004,6.000000000001,4.));
#11262 = CARTESIAN_POINT('',(0.500000000004,2.958039891549,4.));
#11263 = PCURVE('',#11006,#11264);
#11264 = DEFINITIONAL_REPRESENTATION('',(#11265),#11268);
#11265 = B_SPLINE_CURVE_WITH_KNOTS('',1,(#11266,#11267),.UNSPECIFIED.,
  .F.,.F.,(2,2),(0.,3.041960108452),.PIECEWISE_BEZIER_KNOTS.);
#11266 = CARTESIAN_POINT('',(12.384860963763,16.205254277195));
#11267 = CARTESIAN_POINT('',(12.384860963763,13.163294168743));
#11268 = ( GEOMETRIC_REPRESENTATION_CONTEXT(2) 
PARAMETRIC_REPRESENTATION_CONTEXT() REPRESENTATION_CONTEXT('2D SPACE',''
  ) );
#11269 = PCURVE('',#11270,#11275);
#11270 = PLANE('',#11271);
#11271 = AXIS2_PLACEMENT_3D('',#11272,#11273,#11274);
#11272 = CARTESIAN_POINT('',(0.500000000004,2.958039891549,4.));
#11273 = DIRECTION('',(-1.,0.,0.));
#11274 = DIRECTION('',(0.,0.,-1.));
#11275 = DEFINITIONAL_REPRESENTATION('',(#11276),#11279);
#11276 = B_SPLINE_CURVE_WITH_KNOTS('',1,(#11277,#11278),.UNSPECIFIED.,
  .F.,.F.,(2,2),(0.,3.041960108452),.PIECEWISE_BEZIER_KNOTS.);
#11277 = CARTESIAN_POINT('',(0.,-3.041960108452));
#11278 = CARTESIAN_POINT('',(0.,0.));
#11279 = ( GEOMETRIC_REPRESENTATION_CONTEXT(2) 
PARAMETRIC_REPRESENTATION_CONTEXT() REPRESENTATION_CONTEXT('2D SPACE',''
  ) );
#11280 = ADVANCED_FACE('',(#11281),#11022,.F.);
#11281 = FACE_BOUND('',#11282,.F.);
#11282 = EDGE_LOOP('',(#11283,#11305,#11334,#11353));
#11283 = ORIENTED_EDGE('',*,*,#11284,.F.);
#11284 = EDGE_CURVE('',#11285,#10997,#11287,.T.);
#11285 = VERTEX_POINT('',#11286);
#11286 = CARTESIAN_POINT('',(3.,-6.394884621841E-14,-4.));
#11287 = SURFACE_CURVE('',#11288,(#11291,#11298),.PCURVE_S1.);
#11288 = B_SPLINE_CURVE_WITH_KNOTS('',1,(#11289,#11290),.UNSPECIFIED.,
  .F.,.F.,(2,2),(-8.,0.),.PIECEWISE_BEZIER_KNOTS.);
#11289 = CARTESIAN_POINT('',(3.,-6.394884621841E-14,-4.));
#11290 = CARTESIAN_POINT('',(3.,-6.394884621841E-14,4.));
#11291 = PCURVE('',#11022,#11292);
#11292 = DEFINITIONAL_REPRESENTATION('',(#11293),#11297);
#11293 = LINE('',#11294,#11295);
#11294 = CARTESIAN_POINT('',(0.,4.));
#11295 = VECTOR('',#11296,1.);
#11296 = DIRECTION('',(0.,1.));
#11297 = ( GEOMETRIC_REPRESENTATION_CONTEXT(2) 
PARAMETRIC_REPRESENTATION_CONTEXT() REPRESENTATION_CONTEXT('2D SPACE',''
  ) );
#11298 = PCURVE('',#11055,#11299);
#11299 = DEFINITIONAL_REPRESENTATION('',(#11300),#11304);
#11300 = LINE('',#11301,#11302);
#11301 = CARTESIAN_POINT('',(6.28318530718,4.));
#11302 = VECTOR('',#11303,1.);
#11303 = DIRECTION('',(0.,1.));
#11304 = ( GEOMETRIC_REPRESENTATION_CONTEXT(2) 
PARAMETRIC_REPRESENTATION_CONTEXT() REPRESENTATION_CONTEXT('2D SPACE',''
  ) );
#11305 = ORIENTED_EDGE('',*,*,#11306,.F.);
#11306 = EDGE_CURVE('',#11307,#11285,#11309,.T.);
#11307 = VERTEX_POINT('',#11308);
#11308 = CARTESIAN_POINT('',(0.500000000004,2.958039891549,-4.));
#11309 = SURFACE_CURVE('',#11310,(#11315,#11322),.PCURVE_S1.);
#11310 = CIRCLE('',#11311,3.);
#11311 = AXIS2_PLACEMENT_3D('',#11312,#11313,#11314);
#11312 = CARTESIAN_POINT('',(1.239011033203E-13,2.047107742676E-13,-4.)
  );
#11313 = DIRECTION('',(1.105198977666E-15,6.338045101476E-16,-1.));
#11314 = DIRECTION('',(0.166666666668,0.986013297183,8.091395044327E-16)
  );
#11315 = PCURVE('',#11022,#11316);
#11316 = DEFINITIONAL_REPRESENTATION('',(#11317),#11321);
#11317 = LINE('',#11318,#11319);
#11318 = CARTESIAN_POINT('',(1.403348247574,-4.));
#11319 = VECTOR('',#11320,1.);
#11320 = DIRECTION('',(-1.,6.328995110342E-16));
#11321 = ( GEOMETRIC_REPRESENTATION_CONTEXT(2) 
PARAMETRIC_REPRESENTATION_CONTEXT() REPRESENTATION_CONTEXT('2D SPACE',''
  ) );
#11322 = PCURVE('',#11323,#11328);
#11323 = PLANE('',#11324);
#11324 = AXIS2_PLACEMENT_3D('',#11325,#11326,#11327);
#11325 = CARTESIAN_POINT('',(-11.88486096375,-10.20525427719,-4.));
#11326 = DIRECTION('',(0.,0.,-1.));
#11327 = DIRECTION('',(-1.,0.,-0.));
#11328 = DEFINITIONAL_REPRESENTATION('',(#11329),#11333);
#11329 = CIRCLE('',#11330,3.);
#11330 = AXIS2_PLACEMENT_2D('',#11331,#11332);
#11331 = CARTESIAN_POINT('',(-11.88486096375,10.205254277195));
#11332 = DIRECTION('',(-0.166666666668,0.986013297183));
#11333 = ( GEOMETRIC_REPRESENTATION_CONTEXT(2) 
PARAMETRIC_REPRESENTATION_CONTEXT() REPRESENTATION_CONTEXT('2D SPACE',''
  ) );
#11334 = ORIENTED_EDGE('',*,*,#11335,.F.);
#11335 = EDGE_CURVE('',#10995,#11307,#11336,.T.);
#11336 = SURFACE_CURVE('',#11337,(#11340,#11347),.PCURVE_S1.);
#11337 = B_SPLINE_CURVE_WITH_KNOTS('',1,(#11338,#11339),.UNSPECIFIED.,
  .F.,.F.,(2,2),(0.,8.),.PIECEWISE_BEZIER_KNOTS.);
#11338 = CARTESIAN_POINT('',(0.500000000004,2.958039891549,4.));
#11339 = CARTESIAN_POINT('',(0.500000000004,2.958039891549,-4.));
#11340 = PCURVE('',#11022,#11341);
#11341 = DEFINITIONAL_REPRESENTATION('',(#11342),#11346);
#11342 = LINE('',#11343,#11344);
#11343 = CARTESIAN_POINT('',(1.403348247574,4.));
#11344 = VECTOR('',#11345,1.);
#11345 = DIRECTION('',(-2.22044604925E-16,-1.));
#11346 = ( GEOMETRIC_REPRESENTATION_CONTEXT(2) 
PARAMETRIC_REPRESENTATION_CONTEXT() REPRESENTATION_CONTEXT('2D SPACE',''
  ) );
#11347 = PCURVE('',#11270,#11348);
#11348 = DEFINITIONAL_REPRESENTATION('',(#11349),#11352);
#11349 = B_SPLINE_CURVE_WITH_KNOTS('',1,(#11350,#11351),.UNSPECIFIED.,
  .F.,.F.,(2,2),(0.,8.),.PIECEWISE_BEZIER_KNOTS.);
#11350 = CARTESIAN_POINT('',(0.,0.));
#11351 = CARTESIAN_POINT('',(8.,0.));
#11352 = ( GEOMETRIC_REPRESENTATION_CONTEXT(2) 
PARAMETRIC_REPRESENTATION_CONTEXT() REPRESENTATION_CONTEXT('2D SPACE',''
  ) );
#11353 = ORIENTED_EDGE('',*,*,#10994,.T.);
#11354 = ADVANCED_FACE('',(#11355),#11055,.F.);
#11355 = FACE_BOUND('',#11356,.F.);
#11356 = EDGE_LOOP('',(#11357,#11378,#11400,#11401));
#11357 = ORIENTED_EDGE('',*,*,#11358,.F.);
#11358 = EDGE_CURVE('',#11359,#11035,#11361,.T.);
#11359 = VERTEX_POINT('',#11360);
#11360 = CARTESIAN_POINT('',(0.500000000004,-2.958039891549,-4.));
#11361 = SURFACE_CURVE('',#11362,(#11365,#11372),.PCURVE_S1.);
#11362 = B_SPLINE_CURVE_WITH_KNOTS('',1,(#11363,#11364),.UNSPECIFIED.,
  .F.,.F.,(2,2),(-8.,0.),.PIECEWISE_BEZIER_KNOTS.);
#11363 = CARTESIAN_POINT('',(0.500000000004,-2.958039891549,-4.));
#11364 = CARTESIAN_POINT('',(0.500000000004,-2.958039891549,4.));
#11365 = PCURVE('',#11055,#11366);
#11366 = DEFINITIONAL_REPRESENTATION('',(#11367),#11371);
#11367 = LINE('',#11368,#11369);
#11368 = CARTESIAN_POINT('',(4.879837059606,4.));
#11369 = VECTOR('',#11370,1.);
#11370 = DIRECTION('',(2.22044604925E-15,1.));
#11371 = ( GEOMETRIC_REPRESENTATION_CONTEXT(2) 
PARAMETRIC_REPRESENTATION_CONTEXT() REPRESENTATION_CONTEXT('2D SPACE',''
  ) );
#11372 = PCURVE('',#11081,#11373);
#11373 = DEFINITIONAL_REPRESENTATION('',(#11374),#11377);
#11374 = B_SPLINE_CURVE_WITH_KNOTS('',1,(#11375,#11376),.UNSPECIFIED.,
  .F.,.F.,(2,2),(-8.,0.),.PIECEWISE_BEZIER_KNOTS.);
#11375 = CARTESIAN_POINT('',(8.,-7.029452286171));
#11376 = CARTESIAN_POINT('',(0.,-7.029452286171));
#11377 = ( GEOMETRIC_REPRESENTATION_CONTEXT(2) 
PARAMETRIC_REPRESENTATION_CONTEXT() REPRESENTATION_CONTEXT('2D SPACE',''
  ) );
#11378 = ORIENTED_EDGE('',*,*,#11379,.F.);
#11379 = EDGE_CURVE('',#11285,#11359,#11380,.T.);
#11380 = SURFACE_CURVE('',#11381,(#11386,#11393),.PCURVE_S1.);
#11381 = CIRCLE('',#11382,3.);
#11382 = AXIS2_PLACEMENT_3D('',#11383,#11384,#11385);
#11383 = CARTESIAN_POINT('',(1.042254387386E-13,-1.639343477983E-13,-4.)
  );
#11384 = DIRECTION('',(6.266143571413E-16,-2.293266818641E-16,-1.));
#11385 = DIRECTION('',(1.,3.332850052662E-14,6.266143571413E-16));
#11386 = PCURVE('',#11055,#11387);
#11387 = DEFINITIONAL_REPRESENTATION('',(#11388),#11392);
#11388 = LINE('',#11389,#11390);
#11389 = CARTESIAN_POINT('',(6.28318530718,-4.));
#11390 = VECTOR('',#11391,1.);
#11391 = DIRECTION('',(-1.,-6.328995110341E-16));
#11392 = ( GEOMETRIC_REPRESENTATION_CONTEXT(2) 
PARAMETRIC_REPRESENTATION_CONTEXT() REPRESENTATION_CONTEXT('2D SPACE',''
  ) );
#11393 = PCURVE('',#11323,#11394);
#11394 = DEFINITIONAL_REPRESENTATION('',(#11395),#11399);
#11395 = CIRCLE('',#11396,3.);
#11396 = AXIS2_PLACEMENT_2D('',#11397,#11398);
#11397 = CARTESIAN_POINT('',(-11.88486096375,10.205254277194));
#11398 = DIRECTION('',(-1.,3.332850052662E-14));
#11399 = ( GEOMETRIC_REPRESENTATION_CONTEXT(2) 
PARAMETRIC_REPRESENTATION_CONTEXT() REPRESENTATION_CONTEXT('2D SPACE',''
  ) );
#11400 = ORIENTED_EDGE('',*,*,#11284,.T.);
#11401 = ORIENTED_EDGE('',*,*,#11034,.T.);
#11402 = ADVANCED_FACE('',(#11403,#11446),#11081,.T.);
#11403 = FACE_BOUND('',#11404,.T.);
#11404 = EDGE_LOOP('',(#11405,#11406,#11407,#11427));
#11405 = ORIENTED_EDGE('',*,*,#11067,.F.);
#11406 = ORIENTED_EDGE('',*,*,#11358,.F.);
#11407 = ORIENTED_EDGE('',*,*,#11408,.T.);
#11408 = EDGE_CURVE('',#11359,#11409,#11411,.T.);
#11409 = VERTEX_POINT('',#11410);
#11410 = CARTESIAN_POINT('',(0.500000000004,-9.98749217772,-4.));
#11411 = SURFACE_CURVE('',#11412,(#11415,#11421),.PCURVE_S1.);
#11412 = B_SPLINE_CURVE_WITH_KNOTS('',1,(#11413,#11414),.UNSPECIFIED.,
  .F.,.F.,(2,2),(12.385770371118,19.415222657289),
  .PIECEWISE_BEZIER_KNOTS.);
#11413 = CARTESIAN_POINT('',(0.500000000004,-2.958039891549,-4.));
#11414 = CARTESIAN_POINT('',(0.500000000004,-9.98749217772,-4.));
#11415 = PCURVE('',#11081,#11416);
#11416 = DEFINITIONAL_REPRESENTATION('',(#11417),#11420);
#11417 = B_SPLINE_CURVE_WITH_KNOTS('',1,(#11418,#11419),.UNSPECIFIED.,
  .F.,.F.,(2,2),(12.385770371118,19.415222657289),
  .PIECEWISE_BEZIER_KNOTS.);
#11418 = CARTESIAN_POINT('',(8.,-7.029452286171));
#11419 = CARTESIAN_POINT('',(8.,0.));
#11420 = ( GEOMETRIC_REPRESENTATION_CONTEXT(2) 
PARAMETRIC_REPRESENTATION_CONTEXT() REPRESENTATION_CONTEXT('2D SPACE',''
  ) );
#11421 = PCURVE('',#11323,#11422);
#11422 = DEFINITIONAL_REPRESENTATION('',(#11423),#11426);
#11423 = B_SPLINE_CURVE_WITH_KNOTS('',1,(#11424,#11425),.UNSPECIFIED.,
  .F.,.F.,(2,2),(12.385770371118,19.415222657289),
  .PIECEWISE_BEZIER_KNOTS.);
#11424 = CARTESIAN_POINT('',(-12.38486096376,7.247214385645));
#11425 = CARTESIAN_POINT('',(-12.38486096376,0.217762099475));
#11426 = ( GEOMETRIC_REPRESENTATION_CONTEXT(2) 
PARAMETRIC_REPRESENTATION_CONTEXT() REPRESENTATION_CONTEXT('2D SPACE',''
  ) );
#11427 = ORIENTED_EDGE('',*,*,#11428,.T.);
#11428 = EDGE_CURVE('',#11409,#11068,#11429,.T.);
#11429 = SURFACE_CURVE('',#11430,(#11433,#11439),.PCURVE_S1.);
#11430 = B_SPLINE_CURVE_WITH_KNOTS('',1,(#11431,#11432),.UNSPECIFIED.,
  .F.,.F.,(2,2),(-8.,0.),.PIECEWISE_BEZIER_KNOTS.);
#11431 = CARTESIAN_POINT('',(0.500000000004,-9.98749217772,-4.));
#11432 = CARTESIAN_POINT('',(0.500000000004,-9.98749217772,4.));
#11433 = PCURVE('',#11081,#11434);
#11434 = DEFINITIONAL_REPRESENTATION('',(#11435),#11438);
#11435 = B_SPLINE_CURVE_WITH_KNOTS('',1,(#11436,#11437),.UNSPECIFIED.,
  .F.,.F.,(2,2),(-8.,0.),.PIECEWISE_BEZIER_KNOTS.);
#11436 = CARTESIAN_POINT('',(8.,0.));
#11437 = CARTESIAN_POINT('',(0.,0.));
#11438 = ( GEOMETRIC_REPRESENTATION_CONTEXT(2) 
PARAMETRIC_REPRESENTATION_CONTEXT() REPRESENTATION_CONTEXT('2D SPACE',''
  ) );
#11439 = PCURVE('',#11109,#11440);
#11440 = DEFINITIONAL_REPRESENTATION('',(#11441),#11445);
#11441 = LINE('',#11442,#11443);
#11442 = CARTESIAN_POINT('',(4.66236812358,-4.));
#11443 = VECTOR('',#11444,1.);
#11444 = DIRECTION('',(0.,-1.));
#11445 = ( GEOMETRIC_REPRESENTATION_CONTEXT(2) 
PARAMETRIC_REPRESENTATION_CONTEXT() REPRESENTATION_CONTEXT('2D SPACE',''
  ) );
#11446 = FACE_BOUND('',#11447,.T.);
#11447 = EDGE_LOOP('',(#11448,#11479));
#11448 = ORIENTED_EDGE('',*,*,#11449,.F.);
#11449 = EDGE_CURVE('',#11450,#11452,#11454,.T.);
#11450 = VERTEX_POINT('',#11451);
#11451 = CARTESIAN_POINT('',(0.500000000004,-5.987492177718,1.5));
#11452 = VERTEX_POINT('',#11453);
#11453 = CARTESIAN_POINT('',(0.500000000004,-5.987492177718,-1.5));
#11454 = SURFACE_CURVE('',#11455,(#11460,#11467),.PCURVE_S1.);
#11455 = CIRCLE('',#11456,1.5);
#11456 = AXIS2_PLACEMENT_3D('',#11457,#11458,#11459);
#11457 = CARTESIAN_POINT('',(0.500000000004,-5.987492177718,
    6.280369834735E-16));
#11458 = DIRECTION('',(-1.,0.,0.));
#11459 = DIRECTION('',(0.,0.,1.));
#11460 = PCURVE('',#11081,#11461);
#11461 = DEFINITIONAL_REPRESENTATION('',(#11462),#11466);
#11462 = CIRCLE('',#11463,1.5);
#11463 = AXIS2_PLACEMENT_2D('',#11464,#11465);
#11464 = CARTESIAN_POINT('',(4.,-4.000000000001));
#11465 = DIRECTION('',(-1.,-0.));
#11466 = ( GEOMETRIC_REPRESENTATION_CONTEXT(2) 
PARAMETRIC_REPRESENTATION_CONTEXT() REPRESENTATION_CONTEXT('2D SPACE',''
  ) );
#11467 = PCURVE('',#11468,#11473);
#11468 = CYLINDRICAL_SURFACE('',#11469,1.5);
#11469 = AXIS2_PLACEMENT_3D('',#11470,#11471,#11472);
#11470 = CARTESIAN_POINT('',(1.500000000004,-5.987492177718,
    6.280369834735E-16));
#11471 = DIRECTION('',(-1.,0.,0.));
#11472 = DIRECTION('',(0.,0.,-1.));
#11473 = DEFINITIONAL_REPRESENTATION('',(#11474),#11478);
#11474 = LINE('',#11475,#11476);
#11475 = CARTESIAN_POINT('',(3.14159265359,1.));
#11476 = VECTOR('',#11477,1.);
#11477 = DIRECTION('',(1.,0.));
#11478 = ( GEOMETRIC_REPRESENTATION_CONTEXT(2) 
PARAMETRIC_REPRESENTATION_CONTEXT() REPRESENTATION_CONTEXT('2D SPACE',''
  ) );
#11479 = ORIENTED_EDGE('',*,*,#11480,.F.);
#11480 = EDGE_CURVE('',#11452,#11450,#11481,.T.);
#11481 = SURFACE_CURVE('',#11482,(#11487,#11494),.PCURVE_S1.);
#11482 = CIRCLE('',#11483,1.5);
#11483 = AXIS2_PLACEMENT_3D('',#11484,#11485,#11486);
#11484 = CARTESIAN_POINT('',(0.500000000004,-5.987492177718,
    1.256073966947E-15));
#11485 = DIRECTION('',(-1.,0.,0.));
#11486 = DIRECTION('',(0.,5.921189464668E-16,-1.));
#11487 = PCURVE('',#11081,#11488);
#11488 = DEFINITIONAL_REPRESENTATION('',(#11489),#11493);
#11489 = CIRCLE('',#11490,1.5);
#11490 = AXIS2_PLACEMENT_2D('',#11491,#11492);
#11491 = CARTESIAN_POINT('',(4.,-4.000000000001));
#11492 = DIRECTION('',(1.,-5.921189464668E-16));
#11493 = ( GEOMETRIC_REPRESENTATION_CONTEXT(2) 
PARAMETRIC_REPRESENTATION_CONTEXT() REPRESENTATION_CONTEXT('2D SPACE',''
  ) );
#11494 = PCURVE('',#11495,#11500);
#11495 = CYLINDRICAL_SURFACE('',#11496,1.5);
#11496 = AXIS2_PLACEMENT_3D('',#11497,#11498,#11499);
#11497 = CARTESIAN_POINT('',(1.500000000004,-5.987492177718,
    1.256073966947E-15));
#11498 = DIRECTION('',(-1.,0.,0.));
#11499 = DIRECTION('',(0.,0.,-1.));
#11500 = DEFINITIONAL_REPRESENTATION('',(#11501),#11505);
#11501 = LINE('',#11502,#11503);
#11502 = CARTESIAN_POINT('',(0.,1.));
#11503 = VECTOR('',#11504,1.);
#11504 = DIRECTION('',(1.,0.));
#11505 = ( GEOMETRIC_REPRESENTATION_CONTEXT(2) 
PARAMETRIC_REPRESENTATION_CONTEXT() REPRESENTATION_CONTEXT('2D SPACE',''
  ) );
#11506 = ADVANCED_FACE('',(#11507,#11559),#11109,.T.);
#11507 = FACE_BOUND('',#11508,.T.);
#11508 = EDGE_LOOP('',(#11509,#11510,#11511,#11539));
#11509 = ORIENTED_EDGE('',*,*,#11092,.F.);
#11510 = ORIENTED_EDGE('',*,*,#11428,.F.);
#11511 = ORIENTED_EDGE('',*,*,#11512,.T.);
#11512 = EDGE_CURVE('',#11409,#11513,#11515,.T.);
#11513 = VERTEX_POINT('',#11514);
#11514 = CARTESIAN_POINT('',(10.000000000018,-6.394884621841E-14,-4.));
#11515 = SURFACE_CURVE('',#11516,(#11521,#11528),.PCURVE_S1.);
#11516 = CIRCLE('',#11517,10.);
#11517 = AXIS2_PLACEMENT_3D('',#11518,#11519,#11520);
#11518 = CARTESIAN_POINT('',(1.812781926504E-11,-5.806016161353E-14,-4.)
  );
#11519 = DIRECTION('',(7.241635009135E-17,-1.578107614527E-16,1.));
#11520 = DIRECTION('',(4.999999999861E-02,-0.998749217772,
    -1.612341920614E-16));
#11521 = PCURVE('',#11109,#11522);
#11522 = DEFINITIONAL_REPRESENTATION('',(#11523),#11527);
#11523 = LINE('',#11524,#11525);
#11524 = CARTESIAN_POINT('',(4.66236812358,4.));
#11525 = VECTOR('',#11526,1.);
#11526 = DIRECTION('',(-1.,-5.840299486851E-16));
#11527 = ( GEOMETRIC_REPRESENTATION_CONTEXT(2) 
PARAMETRIC_REPRESENTATION_CONTEXT() REPRESENTATION_CONTEXT('2D SPACE',''
  ) );
#11528 = PCURVE('',#11323,#11529);
#11529 = DEFINITIONAL_REPRESENTATION('',(#11530),#11538);
#11530 = ( BOUNDED_CURVE() B_SPLINE_CURVE(2,(#11531,#11532,#11533,#11534
    ,#11535,#11536,#11537),.UNSPECIFIED.,.T.,.F.) 
B_SPLINE_CURVE_WITH_KNOTS((1,2,2,2,2,1),(-2.094395102393,0.,
    2.094395102393,4.188790204786,6.28318530718,8.377580409573),
.UNSPECIFIED.) CURVE() GEOMETRIC_REPRESENTATION_ITEM() 
RATIONAL_B_SPLINE_CURVE((1.,0.5,1.,0.5,1.,0.5,1.)) REPRESENTATION_ITEM(
  '') );
#11531 = CARTESIAN_POINT('',(-12.38486096376,0.217762099475));
#11532 = CARTESIAN_POINT('',(-29.68370485577,1.083787503235));
#11533 = CARTESIAN_POINT('',(-20.28428290978,15.632013067934));
#11534 = CARTESIAN_POINT('',(-10.8848609638,30.180238632634));
#11535 = CARTESIAN_POINT('',(-2.98543901778,14.765987664174));
#11536 = CARTESIAN_POINT('',(4.913982928244,-0.648263304286));
#11537 = CARTESIAN_POINT('',(-12.38486096376,0.217762099475));
#11538 = ( GEOMETRIC_REPRESENTATION_CONTEXT(2) 
PARAMETRIC_REPRESENTATION_CONTEXT() REPRESENTATION_CONTEXT('2D SPACE',''
  ) );
#11539 = ORIENTED_EDGE('',*,*,#11540,.T.);
#11540 = EDGE_CURVE('',#11513,#11093,#11541,.T.);
#11541 = SURFACE_CURVE('',#11542,(#11545,#11552),.PCURVE_S1.);
#11542 = B_SPLINE_CURVE_WITH_KNOTS('',1,(#11543,#11544),.UNSPECIFIED.,
  .F.,.F.,(2,2),(-8.,0.),.PIECEWISE_BEZIER_KNOTS.);
#11543 = CARTESIAN_POINT('',(10.000000000018,-6.394884621841E-14,-4.));
#11544 = CARTESIAN_POINT('',(10.000000000018,-6.394884621841E-14,4.));
#11545 = PCURVE('',#11109,#11546);
#11546 = DEFINITIONAL_REPRESENTATION('',(#11547),#11551);
#11547 = LINE('',#11548,#11549);
#11548 = CARTESIAN_POINT('',(3.14159265359,-4.));
#11549 = VECTOR('',#11550,1.);
#11550 = DIRECTION('',(0.,-1.));
#11551 = ( GEOMETRIC_REPRESENTATION_CONTEXT(2) 
PARAMETRIC_REPRESENTATION_CONTEXT() REPRESENTATION_CONTEXT('2D SPACE',''
  ) );
#11552 = PCURVE('',#11138,#11553);
#11553 = DEFINITIONAL_REPRESENTATION('',(#11554),#11558);
#11554 = LINE('',#11555,#11556);
#11555 = CARTESIAN_POINT('',(3.14159265359,-4.));
#11556 = VECTOR('',#11557,1.);
#11557 = DIRECTION('',(0.,-1.));
#11558 = ( GEOMETRIC_REPRESENTATION_CONTEXT(2) 
PARAMETRIC_REPRESENTATION_CONTEXT() REPRESENTATION_CONTEXT('2D SPACE',''
  ) );
#11559 = FACE_BOUND('',#11560,.T.);
#11560 = EDGE_LOOP('',(#11561,#11692));
#11561 = ORIENTED_EDGE('',*,*,#11562,.F.);
#11562 = EDGE_CURVE('',#11563,#11565,#11567,.T.);
#11563 = VERTEX_POINT('',#11564);
#11564 = CARTESIAN_POINT('',(8.009365606741,-5.987492177685,1.5));
#11565 = VERTEX_POINT('',#11566);
#11566 = CARTESIAN_POINT('',(8.009365606716,-5.987492177718,-1.5));
#11567 = SURFACE_CURVE('',#11568,(#11590,#11641),.PCURVE_S1.);
#11568 = B_SPLINE_CURVE_WITH_KNOTS('',3,(#11569,#11570,#11571,#11572,
    #11573,#11574,#11575,#11576,#11577,#11578,#11579,#11580,#11581,
    #11582,#11583,#11584,#11585,#11586,#11587,#11588,#11589),
  .UNSPECIFIED.,.F.,.F.,(4,2,3,2,3,2,3,2,4),(5.193328630574,
    5.813214517515,6.432059903858,7.204362000785,7.996694006386,
    8.789026011988,9.561328108915,10.180173495258,10.800059382157),
  .UNSPECIFIED.);
#11569 = CARTESIAN_POINT('',(8.009365606741,-5.987492177685,1.5));
#11570 = CARTESIAN_POINT('',(7.886196572327,-6.152253282798,
    1.500000000004));
#11571 = CARTESIAN_POINT('',(7.7575273482,-6.313512383158,1.472890486658
    ));
#11572 = CARTESIAN_POINT('',(7.500196994276,-6.617142975404,
    1.370820646031));
#11573 = CARTESIAN_POINT('',(7.369818941907,-6.761524051325,
    1.29523609863));
#11574 = CARTESIAN_POINT('',(7.245688373108,-6.89202437605,
    1.196587440257));
#11575 = CARTESIAN_POINT('',(7.09269162482,-7.052872147287,
    1.074998341777));
#11576 = CARTESIAN_POINT('',(6.942495358377,-7.199078909256,
    0.912976168251));
#11577 = CARTESIAN_POINT('',(6.708530624921,-7.41767539552,
    0.508672928466));
#11578 = CARTESIAN_POINT('',(6.628533841571,-7.487492177718,
    0.265712555075));
#11579 = CARTESIAN_POINT('',(6.628533841571,-7.487492177718,
    2.6645352591E-15));
#11580 = CARTESIAN_POINT('',(6.628533841571,-7.487492177718,
    -0.265712555075));
#11581 = CARTESIAN_POINT('',(6.708530624921,-7.41767539552,
    -0.508672928466));
#11582 = CARTESIAN_POINT('',(6.942495358377,-7.199078909256,
    -0.912976168251));
#11583 = CARTESIAN_POINT('',(7.09269162482,-7.052872147286,
    -1.074998341777));
#11584 = CARTESIAN_POINT('',(7.245688373108,-6.89202437605,
    -1.196587440257));
#11585 = CARTESIAN_POINT('',(7.369818941907,-6.761524051325,
    -1.29523609863));
#11586 = CARTESIAN_POINT('',(7.500196994276,-6.617142975404,
    -1.370820646031));
#11587 = CARTESIAN_POINT('',(7.757527348191,-6.313512383169,
    -1.472890486655));
#11588 = CARTESIAN_POINT('',(7.88619657231,-6.15225328282,-1.5));
#11589 = CARTESIAN_POINT('',(8.009365606716,-5.987492177718,-1.5));
#11590 = PCURVE('',#11109,#11591);
#11591 = DEFINITIONAL_REPRESENTATION('',(#11592),#11640);
#11592 = B_SPLINE_CURVE_WITH_KNOTS('',3,(#11593,#11594,#11595,#11596,
    #11597,#11598,#11599,#11600,#11601,#11602,#11603,#11604,#11605,
    #11606,#11607,#11608,#11609,#11610,#11611,#11612,#11613,#11614,
    #11615,#11616,#11617,#11618,#11619,#11620,#11621,#11622,#11623,
    #11624,#11625,#11626,#11627,#11628,#11629,#11630,#11631,#11632,
    #11633,#11634,#11635,#11636,#11637,#11638,#11639),.UNSPECIFIED.,.F.,
  .F.,(4,1,1,1,1,1,1,1,1,1,1,1,1,1,1,1,1,1,1,1,1,1,1,1,1,1,1,1,1,1,1,1,1
    ,1,1,1,1,1,1,1,1,1,1,1,4),(5.193328630574,5.320754329474,
    5.448180028373,5.575605727273,5.703031426173,5.830457125072,
    5.957882823972,6.085308522871,6.212734221771,6.340159920671,
    6.46758561957,6.59501131847,6.722437017369,6.849862716269,
    6.977288415169,7.104714114068,7.232139812968,7.359565511868,
    7.486991210767,7.614416909667,7.741842608566,7.869268307466,
    7.996694006366,8.124119705265,8.251545404165,8.378971103064,
    8.506396801964,8.633822500864,8.761248199763,8.888673898663,
    9.016099597562,9.143525296462,9.270950995362,9.398376694261,
    9.525802393161,9.653228092061,9.78065379096,9.90807948986,
    10.035505188759,10.162930887659,10.290356586559,10.417782285458,
    10.545207984358,10.672633683257,10.800059382157),
  .QUASI_UNIFORM_KNOTS.);
#11593 = CARTESIAN_POINT('',(3.783531199559,-1.5));
#11594 = CARTESIAN_POINT('',(3.787759837555,-1.500000000001));
#11595 = CARTESIAN_POINT('',(3.796221252854,-1.497709023223));
#11596 = CARTESIAN_POINT('',(3.808886946033,-1.487562317926));
#11597 = CARTESIAN_POINT('',(3.821485991901,-1.470872161135));
#11598 = CARTESIAN_POINT('',(3.833982967407,-1.447790996983));
#11599 = CARTESIAN_POINT('',(3.846324009851,-1.418524549184));
#11600 = CARTESIAN_POINT('',(3.858527600723,-1.383069714211));
#11601 = CARTESIAN_POINT('',(3.870566413577,-1.341430094834));
#11602 = CARTESIAN_POINT('',(3.88237785301,-1.293726760216));
#11603 = CARTESIAN_POINT('',(3.893927083559,-1.239952182933));
#11604 = CARTESIAN_POINT('',(3.905102191367,-1.180495755517));
#11605 = CARTESIAN_POINT('',(3.915877238419,-1.115375864581));
#11606 = CARTESIAN_POINT('',(3.926358885099,-1.04350480304));
#11607 = CARTESIAN_POINT('',(3.936385700274,-0.965273921368));
#11608 = CARTESIAN_POINT('',(3.945868221727,-0.880673083059));
#11609 = CARTESIAN_POINT('',(3.954695036092,-0.789819041969));
#11610 = CARTESIAN_POINT('',(3.962769063356,-0.692722477492));
#11611 = CARTESIAN_POINT('',(3.96995262883,-0.589723279746));
#11612 = CARTESIAN_POINT('',(3.976113091411,-0.481273312946));
#11613 = CARTESIAN_POINT('',(3.981127589492,-0.367762425071));
#11614 = CARTESIAN_POINT('',(3.984870440093,-0.249495718015));
#11615 = CARTESIAN_POINT('',(3.98721651826,-0.127179294238));
#11616 = CARTESIAN_POINT('',(3.988040365084,-2.125223189518E-11));
#11617 = CARTESIAN_POINT('',(3.987216518261,0.127179294198));
#11618 = CARTESIAN_POINT('',(3.984870440094,0.249495717975));
#11619 = CARTESIAN_POINT('',(3.981127589493,0.367762425033));
#11620 = CARTESIAN_POINT('',(3.976113091413,0.48127331291));
#11621 = CARTESIAN_POINT('',(3.969952628832,0.589723279711));
#11622 = CARTESIAN_POINT('',(3.962769063359,0.692722477459));
#11623 = CARTESIAN_POINT('',(3.954695036095,0.789819041938));
#11624 = CARTESIAN_POINT('',(3.94586822173,0.880673083031));
#11625 = CARTESIAN_POINT('',(3.936385700277,0.965273921341));
#11626 = CARTESIAN_POINT('',(3.926358885102,1.043504803015));
#11627 = CARTESIAN_POINT('',(3.915877238423,1.115375864559));
#11628 = CARTESIAN_POINT('',(3.905102191371,1.180495755497));
#11629 = CARTESIAN_POINT('',(3.893927083563,1.239952182914));
#11630 = CARTESIAN_POINT('',(3.882377853014,1.2937267602));
#11631 = CARTESIAN_POINT('',(3.870566413581,1.34143009482));
#11632 = CARTESIAN_POINT('',(3.858527600727,1.383069714199));
#11633 = CARTESIAN_POINT('',(3.846324009855,1.418524549174));
#11634 = CARTESIAN_POINT('',(3.833982967411,1.447790996974));
#11635 = CARTESIAN_POINT('',(3.821485991905,1.470872161128));
#11636 = CARTESIAN_POINT('',(3.808886946037,1.487562317922));
#11637 = CARTESIAN_POINT('',(3.796221252858,1.497709023221));
#11638 = CARTESIAN_POINT('',(3.787759837559,1.5));
#11639 = CARTESIAN_POINT('',(3.783531199563,1.5));
#11640 = ( GEOMETRIC_REPRESENTATION_CONTEXT(2) 
PARAMETRIC_REPRESENTATION_CONTEXT() REPRESENTATION_CONTEXT('2D SPACE',''
  ) );
#11641 = PCURVE('',#11495,#11642);
#11642 = DEFINITIONAL_REPRESENTATION('',(#11643),#11691);
#11643 = B_SPLINE_CURVE_WITH_KNOTS('',3,(#11644,#11645,#11646,#11647,
    #11648,#11649,#11650,#11651,#11652,#11653,#11654,#11655,#11656,
    #11657,#11658,#11659,#11660,#11661,#11662,#11663,#11664,#11665,
    #11666,#11667,#11668,#11669,#11670,#11671,#11672,#11673,#11674,
    #11675,#11676,#11677,#11678,#11679,#11680,#11681,#11682,#11683,
    #11684,#11685,#11686,#11687,#11688,#11689,#11690),.UNSPECIFIED.,.F.,
  .F.,(4,1,1,1,1,1,1,1,1,1,1,1,1,1,1,1,1,1,1,1,1,1,1,1,1,1,1,1,1,1,1,1,1
    ,1,1,1,1,1,1,1,1,1,1,1,4),(5.193328630574,5.320754329474,
    5.448180028373,5.575605727273,5.703031426173,5.830457125072,
    5.957882823972,6.085308522871,6.212734221771,6.340159920671,
    6.46758561957,6.59501131847,6.722437017369,6.849862716269,
    6.977288415169,7.104714114068,7.232139812968,7.359565511868,
    7.486991210767,7.614416909667,7.741842608566,7.869268307466,
    7.996694006366,8.124119705265,8.251545404165,8.378971103064,
    8.506396801964,8.633822500864,8.761248199763,8.888673898663,
    9.016099597562,9.143525296462,9.270950995362,9.398376694261,
    9.525802393161,9.653228092061,9.78065379096,9.90807948986,
    10.035505188759,10.162930887659,10.290356586559,10.417782285458,
    10.545207984358,10.672633683257,10.800059382157),
  .QUASI_UNIFORM_KNOTS.);
#11644 = CARTESIAN_POINT('',(3.141592653612,-6.509365606737));
#11645 = CARTESIAN_POINT('',(3.119014446761,-6.484046591377));
#11646 = CARTESIAN_POINT('',(3.074051721794,-6.432943979574));
#11647 = CARTESIAN_POINT('',(3.007098999912,-6.355175275915));
#11648 = CARTESIAN_POINT('',(2.940551256351,-6.276579861303));
#11649 = CARTESIAN_POINT('',(2.874310507006,-6.197413898765));
#11650 = CARTESIAN_POINT('',(2.808386890472,-6.118052081524));
#11651 = CARTESIAN_POINT('',(2.742404489616,-6.038403247532));
#11652 = CARTESIAN_POINT('',(2.676174072943,-5.958733376466));
#11653 = CARTESIAN_POINT('',(2.609695972552,-5.87953421537));
#11654 = CARTESIAN_POINT('',(2.542800445166,-5.801108604369));
#11655 = CARTESIAN_POINT('',(2.475764254939,-5.724289243894));
#11656 = CARTESIAN_POINT('',(2.408376530422,-5.649309295526));
#11657 = CARTESIAN_POINT('',(2.339402376486,-5.575580194846));
#11658 = CARTESIAN_POINT('',(2.269204548915,-5.504351487138));
#11659 = CARTESIAN_POINT('',(2.19766873629,-5.436373584831));
#11660 = CARTESIAN_POINT('',(2.124769307833,-5.372555322067));
#11661 = CARTESIAN_POINT('',(2.05034653549,-5.31367097899));
#11662 = CARTESIAN_POINT('',(1.974428680247,-5.260919546787));
#11663 = CARTESIAN_POINT('',(1.897066918083,-5.215419478974));
#11664 = CARTESIAN_POINT('',(1.8182147516,-5.178184777936));
#11665 = CARTESIAN_POINT('',(1.737708586412,-5.150257434348));
#11666 = CARTESIAN_POINT('',(1.65558403963,-5.132671936865));
#11667 = CARTESIAN_POINT('',(1.570796326809,-5.126464793918));
#11668 = CARTESIAN_POINT('',(1.486008613987,-5.132671936861));
#11669 = CARTESIAN_POINT('',(1.403884067204,-5.15025743434));
#11670 = CARTESIAN_POINT('',(1.323377902016,-5.178184777926));
#11671 = CARTESIAN_POINT('',(1.244525735533,-5.21541947896));
#11672 = CARTESIAN_POINT('',(1.167163973368,-5.260919546771));
#11673 = CARTESIAN_POINT('',(1.091246118125,-5.313670978972));
#11674 = CARTESIAN_POINT('',(1.016823345781,-5.372555322047));
#11675 = CARTESIAN_POINT('',(0.943923917323,-5.436373584809));
#11676 = CARTESIAN_POINT('',(0.872388104698,-5.504351487115));
#11677 = CARTESIAN_POINT('',(0.802190277127,-5.575580194823));
#11678 = CARTESIAN_POINT('',(0.73321612319,-5.649309295502));
#11679 = CARTESIAN_POINT('',(0.665828398672,-5.72428924387));
#11680 = CARTESIAN_POINT('',(0.598792208446,-5.801108604344));
#11681 = CARTESIAN_POINT('',(0.531896681059,-5.879534215344));
#11682 = CARTESIAN_POINT('',(0.465418580669,-5.95873337644));
#11683 = CARTESIAN_POINT('',(0.399188163995,-6.038403247507));
#11684 = CARTESIAN_POINT('',(0.333205763139,-6.118052081498));
#11685 = CARTESIAN_POINT('',(0.267282146605,-6.197413898739));
#11686 = CARTESIAN_POINT('',(0.20104139726,-6.276579861277));
#11687 = CARTESIAN_POINT('',(0.1344936537,-6.355175275889));
#11688 = CARTESIAN_POINT('',(6.754093181719E-02,-6.432943979548));
#11689 = CARTESIAN_POINT('',(2.257820685036E-02,-6.484046591352));
#11690 = CARTESIAN_POINT('',(0.,-6.509365606712));
#11691 = ( GEOMETRIC_REPRESENTATION_CONTEXT(2) 
PARAMETRIC_REPRESENTATION_CONTEXT() REPRESENTATION_CONTEXT('2D SPACE',''
  ) );
#11692 = ORIENTED_EDGE('',*,*,#11693,.F.);
#11693 = EDGE_CURVE('',#11565,#11563,#11694,.T.);
#11694 = SURFACE_CURVE('',#11695,(#11715,#11766),.PCURVE_S1.);
#11695 = B_SPLINE_CURVE_WITH_KNOTS('',3,(#11696,#11697,#11698,#11699,
    #11700,#11701,#11702,#11703,#11704,#11705,#11706,#11707,#11708,
    #11709,#11710,#11711,#11712,#11713,#11714),.UNSPECIFIED.,.F.,.F.,(4,
    2,2,2,3,2,2,2,4),(0.,0.642725886537,1.286944298734,1.941330530823,
    2.596664315308,3.251998099792,3.906384331882,4.550602744079,
    5.193328630574),.UNSPECIFIED.);
#11696 = CARTESIAN_POINT('',(8.009365606716,-5.987492177718,-1.5));
#11697 = CARTESIAN_POINT('',(8.136838722991,-5.816973576114,-1.5));
#11698 = CARTESIAN_POINT('',(8.258870427463,-5.642038330746,
    -1.470942191636));
#11699 = CARTESIAN_POINT('',(8.482153019979,-5.300453805756,
    -1.345786406551));
#11700 = CARTESIAN_POINT('',(8.582433313847,-5.135222606082,
    -1.249937624949));
#11701 = CARTESIAN_POINT('',(8.752706338582,-4.839392192229,
    -0.985801912052));
#11702 = CARTESIAN_POINT('',(8.820185185548,-4.713213395989,
    -0.819494953439));
#11703 = CARTESIAN_POINT('',(8.912957200988,-4.53533574002,
    -0.432124433344));
#11704 = CARTESIAN_POINT('',(8.936577306511,-4.487492177718,
    -0.21847785675));
#11705 = CARTESIAN_POINT('',(8.936577306511,-4.487492177718,
    8.881784197001E-16));
#11706 = CARTESIAN_POINT('',(8.936577306511,-4.487492177718,
    0.21847785675));
#11707 = CARTESIAN_POINT('',(8.912957200988,-4.53533574002,
    0.432124433344));
#11708 = CARTESIAN_POINT('',(8.820185185548,-4.71321339599,
    0.819494953439));
#11709 = CARTESIAN_POINT('',(8.752706338582,-4.839392192229,
    0.985801912052));
#11710 = CARTESIAN_POINT('',(8.582433313847,-5.135222606082,
    1.249937624949));
#11711 = CARTESIAN_POINT('',(8.482153019979,-5.300453805757,
    1.345786406551));
#11712 = CARTESIAN_POINT('',(8.25887042747,-5.642038330735,
    1.470942191632));
#11713 = CARTESIAN_POINT('',(8.136838723006,-5.816973576091,
    1.499999999996));
#11714 = CARTESIAN_POINT('',(8.009365606741,-5.987492177685,1.5));
#11715 = PCURVE('',#11109,#11716);
#11716 = DEFINITIONAL_REPRESENTATION('',(#11717),#11765);
#11717 = B_SPLINE_CURVE_WITH_KNOTS('',3,(#11718,#11719,#11720,#11721,
    #11722,#11723,#11724,#11725,#11726,#11727,#11728,#11729,#11730,
    #11731,#11732,#11733,#11734,#11735,#11736,#11737,#11738,#11739,
    #11740,#11741,#11742,#11743,#11744,#11745,#11746,#11747,#11748,
    #11749,#11750,#11751,#11752,#11753,#11754,#11755,#11756,#11757,
    #11758,#11759,#11760,#11761,#11762,#11763,#11764),.UNSPECIFIED.,.F.,
  .F.,(4,1,1,1,1,1,1,1,1,1,1,1,1,1,1,1,1,1,1,1,1,1,1,1,1,1,1,1,1,1,1,1,1
    ,1,1,1,1,1,1,1,1,1,1,1,4),(0.,0.118030196149,0.236060392299,
    0.354090588448,0.472120784598,0.590150980747,0.708181176896,
    0.826211373046,0.944241569195,1.062271765345,1.180301961494,
    1.298332157644,1.416362353793,1.534392549942,1.652422746092,
    1.770452942241,1.888483138391,2.00651333454,2.124543530689,
    2.242573726839,2.360603922988,2.478634119138,2.596664315287,
    2.714694511436,2.832724707586,2.950754903735,3.068785099885,
    3.186815296034,3.304845492184,3.422875688333,3.540905884482,
    3.658936080632,3.776966276781,3.894996472931,4.01302666908,
    4.131056865229,4.249087061379,4.367117257528,4.485147453678,
    4.603177649827,4.721207845977,4.839238042126,4.957268238275,
    5.075298434425,5.193328630574),.QUASI_UNIFORM_KNOTS.);
#11718 = CARTESIAN_POINT('',(3.783531199563,1.5));
#11719 = CARTESIAN_POINT('',(3.779621534117,1.5));
#11720 = CARTESIAN_POINT('',(3.771800272431,1.498040139603));
#11721 = CARTESIAN_POINT('',(3.760098433426,1.48905755797));
#11722 = CARTESIAN_POINT('',(3.748462535237,1.473869363331));
#11723 = CARTESIAN_POINT('',(3.736928320309,1.452311376142));
#11724 = CARTESIAN_POINT('',(3.725532722468,1.424224459277));
#11725 = CARTESIAN_POINT('',(3.714308408061,1.389430663522));
#11726 = CARTESIAN_POINT('',(3.703336893958,1.347912766847));
#11727 = CARTESIAN_POINT('',(3.692661057689,1.299595708849));
#11728 = CARTESIAN_POINT('',(3.682327855408,1.244397676619));
#11729 = CARTESIAN_POINT('',(3.672389148329,1.18228112306));
#11730 = CARTESIAN_POINT('',(3.662874489249,1.113038190341));
#11731 = CARTESIAN_POINT('',(3.653901213628,1.037115147571));
#11732 = CARTESIAN_POINT('',(3.645554310686,0.954999130942));
#11733 = CARTESIAN_POINT('',(3.637872535463,0.866828391923));
#11734 = CARTESIAN_POINT('',(3.630907132584,0.77282323789));
#11735 = CARTESIAN_POINT('',(3.624707134278,0.673224637313));
#11736 = CARTESIAN_POINT('',(3.619319278932,0.568108858381));
#11737 = CARTESIAN_POINT('',(3.614870729091,0.459578299069));
#11738 = CARTESIAN_POINT('',(3.611368791316,0.347969114596));
#11739 = CARTESIAN_POINT('',(3.608839520718,0.233836197694));
#11740 = CARTESIAN_POINT('',(3.607304022124,0.117776599016));
#11741 = CARTESIAN_POINT('',(3.606784807258,2.088747638834E-11));
#11742 = CARTESIAN_POINT('',(3.607304022124,-0.117776598975));
#11743 = CARTESIAN_POINT('',(3.608839520717,-0.233836197653));
#11744 = CARTESIAN_POINT('',(3.611368791315,-0.347969114556));
#11745 = CARTESIAN_POINT('',(3.614870729089,-0.45957829903));
#11746 = CARTESIAN_POINT('',(3.61931927893,-0.568108858344));
#11747 = CARTESIAN_POINT('',(3.624707134276,-0.673224637277));
#11748 = CARTESIAN_POINT('',(3.630907132582,-0.772823237856));
#11749 = CARTESIAN_POINT('',(3.63787253546,-0.866828391891));
#11750 = CARTESIAN_POINT('',(3.645554310683,-0.954999130912));
#11751 = CARTESIAN_POINT('',(3.653901213625,-1.037115147543));
#11752 = CARTESIAN_POINT('',(3.662874489245,-1.113038190316));
#11753 = CARTESIAN_POINT('',(3.672389148326,-1.182281123037));
#11754 = CARTESIAN_POINT('',(3.682327855405,-1.244397676599));
#11755 = CARTESIAN_POINT('',(3.692661057686,-1.29959570883));
#11756 = CARTESIAN_POINT('',(3.703336893954,-1.347912766831));
#11757 = CARTESIAN_POINT('',(3.714308408057,-1.389430663509));
#11758 = CARTESIAN_POINT('',(3.725532722464,-1.424224459266));
#11759 = CARTESIAN_POINT('',(3.736928320305,-1.452311376133));
#11760 = CARTESIAN_POINT('',(3.748462535233,-1.473869363324));
#11761 = CARTESIAN_POINT('',(3.760098433422,-1.489057557966));
#11762 = CARTESIAN_POINT('',(3.771800272427,-1.498040139601));
#11763 = CARTESIAN_POINT('',(3.779621534113,-1.499999999999));
#11764 = CARTESIAN_POINT('',(3.783531199559,-1.5));
#11765 = ( GEOMETRIC_REPRESENTATION_CONTEXT(2) 
PARAMETRIC_REPRESENTATION_CONTEXT() REPRESENTATION_CONTEXT('2D SPACE',''
  ) );
#11766 = PCURVE('',#11468,#11767);
#11767 = DEFINITIONAL_REPRESENTATION('',(#11768),#11816);
#11768 = B_SPLINE_CURVE_WITH_KNOTS('',3,(#11769,#11770,#11771,#11772,
    #11773,#11774,#11775,#11776,#11777,#11778,#11779,#11780,#11781,
    #11782,#11783,#11784,#11785,#11786,#11787,#11788,#11789,#11790,
    #11791,#11792,#11793,#11794,#11795,#11796,#11797,#11798,#11799,
    #11800,#11801,#11802,#11803,#11804,#11805,#11806,#11807,#11808,
    #11809,#11810,#11811,#11812,#11813,#11814,#11815),.UNSPECIFIED.,.F.,
  .F.,(4,1,1,1,1,1,1,1,1,1,1,1,1,1,1,1,1,1,1,1,1,1,1,1,1,1,1,1,1,1,1,1,1
    ,1,1,1,1,1,1,1,1,1,1,1,4),(0.,0.118030196149,0.236060392299,
    0.354090588448,0.472120784598,0.590150980747,0.708181176896,
    0.826211373046,0.944241569195,1.062271765345,1.180301961494,
    1.298332157644,1.416362353793,1.534392549942,1.652422746092,
    1.770452942241,1.888483138391,2.00651333454,2.124543530689,
    2.242573726839,2.360603922988,2.478634119138,2.596664315287,
    2.714694511436,2.832724707586,2.950754903735,3.068785099885,
    3.186815296034,3.304845492184,3.422875688333,3.540905884482,
    3.658936080632,3.776966276781,3.894996472931,4.01302666908,
    4.131056865229,4.249087061379,4.367117257528,4.485147453678,
    4.603177649827,4.721207845977,4.839238042126,4.957268238275,
    5.075298434425,5.193328630574),.QUASI_UNIFORM_KNOTS.);
#11769 = CARTESIAN_POINT('',(6.28318530718,-6.509365606712));
#11770 = CARTESIAN_POINT('',(6.262307934559,-6.53277477263));
#11771 = CARTESIAN_POINT('',(6.220359661006,-6.579226089006));
#11772 = CARTESIAN_POINT('',(6.156803647519,-6.647613372501));
#11773 = CARTESIAN_POINT('',(6.0925684824,-6.714522073967));
#11774 = CARTESIAN_POINT('',(6.027582473033,-6.779764164399));
#11775 = CARTESIAN_POINT('',(5.961764435555,-6.843148413241));
#11776 = CARTESIAN_POINT('',(5.894981311028,-6.904495534183));
#11777 = CARTESIAN_POINT('',(5.827393796971,-6.96341539488));
#11778 = CARTESIAN_POINT('',(5.758941689565,-7.019778633396));
#11779 = CARTESIAN_POINT('',(5.689552458004,-7.07342330725));
#11780 = CARTESIAN_POINT('',(5.619165749277,-7.124170110374));
#11781 = CARTESIAN_POINT('',(5.547516235238,-7.171941771605));
#11782 = CARTESIAN_POINT('',(5.474984716235,-7.216259336752));
#11783 = CARTESIAN_POINT('',(5.401814977643,-7.256856543279));
#11784 = CARTESIAN_POINT('',(5.327870813962,-7.29367938537));
#11785 = CARTESIAN_POINT('',(5.253079001273,-7.326618222254));
#11786 = CARTESIAN_POINT('',(5.177340357425,-7.355573696251));
#11787 = CARTESIAN_POINT('',(5.100418293639,-7.38046095228));
#11788 = CARTESIAN_POINT('',(5.023469963123,-7.400851578145));
#11789 = CARTESIAN_POINT('',(4.946268264298,-7.416771655197));
#11790 = CARTESIAN_POINT('',(4.86876195647,-7.428177718239));
#11791 = CARTESIAN_POINT('',(4.790907300418,-7.435044943416));
#11792 = CARTESIAN_POINT('',(4.712388980399,-7.437343488051));
#11793 = CARTESIAN_POINT('',(4.633870660379,-7.435044943417));
#11794 = CARTESIAN_POINT('',(4.556016004326,-7.428177718242));
#11795 = CARTESIAN_POINT('',(4.478509696498,-7.416771655202));
#11796 = CARTESIAN_POINT('',(4.401307997673,-7.400851578152));
#11797 = CARTESIAN_POINT('',(4.324359667158,-7.380460952288));
#11798 = CARTESIAN_POINT('',(4.247437603371,-7.355573696261));
#11799 = CARTESIAN_POINT('',(4.171698959522,-7.326618222265));
#11800 = CARTESIAN_POINT('',(4.096907146834,-7.293679385382));
#11801 = CARTESIAN_POINT('',(4.022962983153,-7.256856543293));
#11802 = CARTESIAN_POINT('',(3.94979324456,-7.216259336767));
#11803 = CARTESIAN_POINT('',(3.877261725557,-7.171941771621));
#11804 = CARTESIAN_POINT('',(3.805612211517,-7.124170110392));
#11805 = CARTESIAN_POINT('',(3.73522550279,-7.073423307269));
#11806 = CARTESIAN_POINT('',(3.665836271228,-7.019778633415));
#11807 = CARTESIAN_POINT('',(3.597384163822,-6.963415394901));
#11808 = CARTESIAN_POINT('',(3.529796649765,-6.904495534204));
#11809 = CARTESIAN_POINT('',(3.463013525238,-6.843148413263));
#11810 = CARTESIAN_POINT('',(3.397195487759,-6.779764164422));
#11811 = CARTESIAN_POINT('',(3.332209478392,-6.714522073991));
#11812 = CARTESIAN_POINT('',(3.267974313273,-6.647613372525));
#11813 = CARTESIAN_POINT('',(3.204418299785,-6.57922608903));
#11814 = CARTESIAN_POINT('',(3.162470026233,-6.532774772655));
#11815 = CARTESIAN_POINT('',(3.141592653612,-6.509365606737));
#11816 = ( GEOMETRIC_REPRESENTATION_CONTEXT(2) 
PARAMETRIC_REPRESENTATION_CONTEXT() REPRESENTATION_CONTEXT('2D SPACE',''
  ) );
#11817 = ADVANCED_FACE('',(#11818,#11869),#11138,.T.);
#11818 = FACE_BOUND('',#11819,.T.);
#11819 = EDGE_LOOP('',(#11820,#11821,#11822,#11850));
#11820 = ORIENTED_EDGE('',*,*,#11121,.F.);
#11821 = ORIENTED_EDGE('',*,*,#11540,.F.);
#11822 = ORIENTED_EDGE('',*,*,#11823,.T.);
#11823 = EDGE_CURVE('',#11513,#11824,#11826,.T.);
#11824 = VERTEX_POINT('',#11825);
#11825 = CARTESIAN_POINT('',(-0.499999999996,-9.987492177718,-4.));
#11826 = SURFACE_CURVE('',#11827,(#11832,#11839),.PCURVE_S1.);
#11827 = CIRCLE('',#11828,10.);
#11828 = AXIS2_PLACEMENT_3D('',#11829,#11830,#11831);
#11829 = CARTESIAN_POINT('',(1.813052827157E-11,-6.164244589435E-14,-4.)
  );
#11830 = DIRECTION('',(0.,0.,1.));
#11831 = DIRECTION('',(1.,-2.306400324056E-16,0.));
#11832 = PCURVE('',#11138,#11833);
#11833 = DEFINITIONAL_REPRESENTATION('',(#11834),#11838);
#11834 = LINE('',#11835,#11836);
#11835 = CARTESIAN_POINT('',(3.14159265359,4.));
#11836 = VECTOR('',#11837,1.);
#11837 = DIRECTION('',(-1.,0.));
#11838 = ( GEOMETRIC_REPRESENTATION_CONTEXT(2) 
PARAMETRIC_REPRESENTATION_CONTEXT() REPRESENTATION_CONTEXT('2D SPACE',''
  ) );
#11839 = PCURVE('',#11323,#11840);
#11840 = DEFINITIONAL_REPRESENTATION('',(#11841),#11849);
#11841 = ( BOUNDED_CURVE() B_SPLINE_CURVE(2,(#11842,#11843,#11844,#11845
    ,#11846,#11847,#11848),.UNSPECIFIED.,.T.,.F.) 
B_SPLINE_CURVE_WITH_KNOTS((1,2,2,2,2,1),(-2.094395102393,0.,
    2.094395102393,4.188790204786,6.28318530718,8.377580409573),
.UNSPECIFIED.) CURVE() GEOMETRIC_REPRESENTATION_ITEM() 
RATIONAL_B_SPLINE_CURVE((1.,0.5,1.,0.5,1.,0.5,1.)) REPRESENTATION_ITEM(
  '') );
#11842 = CARTESIAN_POINT('',(-21.88486096377,10.205254277194));
#11843 = CARTESIAN_POINT('',(-21.88486096377,27.525762352883));
#11844 = CARTESIAN_POINT('',(-6.884860963777,18.865508315039));
#11845 = CARTESIAN_POINT('',(8.115139036223,10.205254277194));
#11846 = CARTESIAN_POINT('',(-6.884860963777,1.54500023935));
#11847 = CARTESIAN_POINT('',(-21.88486096377,-7.115253798494));
#11848 = CARTESIAN_POINT('',(-21.88486096377,10.205254277194));
#11849 = ( GEOMETRIC_REPRESENTATION_CONTEXT(2) 
PARAMETRIC_REPRESENTATION_CONTEXT() REPRESENTATION_CONTEXT('2D SPACE',''
  ) );
#11850 = ORIENTED_EDGE('',*,*,#11851,.T.);
#11851 = EDGE_CURVE('',#11824,#11122,#11852,.T.);
#11852 = SURFACE_CURVE('',#11853,(#11856,#11863),.PCURVE_S1.);
#11853 = B_SPLINE_CURVE_WITH_KNOTS('',1,(#11854,#11855),.UNSPECIFIED.,
  .F.,.F.,(2,2),(-8.,0.),.PIECEWISE_BEZIER_KNOTS.);
#11854 = CARTESIAN_POINT('',(-0.499999999996,-9.987492177718,-4.));
#11855 = CARTESIAN_POINT('',(-0.499999999996,-9.987492177718,4.));
#11856 = PCURVE('',#11138,#11857);
#11857 = DEFINITIONAL_REPRESENTATION('',(#11858),#11862);
#11858 = LINE('',#11859,#11860);
#11859 = CARTESIAN_POINT('',(-1.520775469988,-4.));
#11860 = VECTOR('',#11861,1.);
#11861 = DIRECTION('',(0.,-1.));
#11862 = ( GEOMETRIC_REPRESENTATION_CONTEXT(2) 
PARAMETRIC_REPRESENTATION_CONTEXT() REPRESENTATION_CONTEXT('2D SPACE',''
  ) );
#11863 = PCURVE('',#11164,#11864);
#11864 = DEFINITIONAL_REPRESENTATION('',(#11865),#11868);
#11865 = B_SPLINE_CURVE_WITH_KNOTS('',1,(#11866,#11867),.UNSPECIFIED.,
  .F.,.F.,(2,2),(-8.,0.),.PIECEWISE_BEZIER_KNOTS.);
#11866 = CARTESIAN_POINT('',(-8.,7.029452286168));
#11867 = CARTESIAN_POINT('',(0.,7.029452286168));
#11868 = ( GEOMETRIC_REPRESENTATION_CONTEXT(2) 
PARAMETRIC_REPRESENTATION_CONTEXT() REPRESENTATION_CONTEXT('2D SPACE',''
  ) );
#11869 = FACE_BOUND('',#11870,.T.);
#11870 = EDGE_LOOP('',(#11871,#12005));
#11871 = ORIENTED_EDGE('',*,*,#11872,.F.);
#11872 = EDGE_CURVE('',#11873,#11875,#11877,.T.);
#11873 = VERTEX_POINT('',#11874);
#11874 = CARTESIAN_POINT('',(-8.009365606703,-5.987492177688,1.5));
#11875 = VERTEX_POINT('',#11876);
#11876 = CARTESIAN_POINT('',(-8.00936560668,-5.987492177718,-1.5));
#11877 = SURFACE_CURVE('',#11878,(#11898,#11949),.PCURVE_S1.);
#11878 = B_SPLINE_CURVE_WITH_KNOTS('',3,(#11879,#11880,#11881,#11882,
    #11883,#11884,#11885,#11886,#11887,#11888,#11889,#11890,#11891,
    #11892,#11893,#11894,#11895,#11896,#11897),.UNSPECIFIED.,.F.,.F.,(4,
    2,2,2,3,2,2,2,4),(5.60123864607,6.243964532582,6.888182944782,
    7.542569176864,8.19790296134,8.853236745815,9.507622977896,
    10.151841390097,10.794567276648),.UNSPECIFIED.);
#11879 = CARTESIAN_POINT('',(-8.009365606703,-5.987492177688,1.5));
#11880 = CARTESIAN_POINT('',(-8.136838722973,-5.816973576087,
    1.499999999997));
#11881 = CARTESIAN_POINT('',(-8.258870427429,-5.642038330742,
    1.470942191634));
#11882 = CARTESIAN_POINT('',(-8.482153019944,-5.300453805754,
    1.34578640655));
#11883 = CARTESIAN_POINT('',(-8.582433313809,-5.135222606085,
    1.249937624951));
#11884 = CARTESIAN_POINT('',(-8.752706338546,-4.839392192229,
    0.985801912051));
#11885 = CARTESIAN_POINT('',(-8.820185185511,-4.71321339599,
    0.819494953439));
#11886 = CARTESIAN_POINT('',(-8.912957200952,-4.53533574002,
    0.432124433344));
#11887 = CARTESIAN_POINT('',(-8.936577306474,-4.487492177718,
    0.21847785675));
#11888 = CARTESIAN_POINT('',(-8.936577306474,-4.487492177718,
    8.881784197001E-16));
#11889 = CARTESIAN_POINT('',(-8.936577306474,-4.487492177718,
    -0.21847785675));
#11890 = CARTESIAN_POINT('',(-8.912957200952,-4.53533574002,
    -0.432124433344));
#11891 = CARTESIAN_POINT('',(-8.820185185512,-4.713213395989,
    -0.819494953439));
#11892 = CARTESIAN_POINT('',(-8.752706338546,-4.839392192229,
    -0.985801912052));
#11893 = CARTESIAN_POINT('',(-8.582433313809,-5.135222606085,
    -1.249937624952));
#11894 = CARTESIAN_POINT('',(-8.482153019944,-5.300453805753,
    -1.34578640655));
#11895 = CARTESIAN_POINT('',(-8.258870427422,-5.642038330752,
    -1.470942191638));
#11896 = CARTESIAN_POINT('',(-8.136838722959,-5.816973576108,-1.5));
#11897 = CARTESIAN_POINT('',(-8.00936560668,-5.987492177718,-1.5));
#11898 = PCURVE('',#11138,#11899);
#11899 = DEFINITIONAL_REPRESENTATION('',(#11900),#11948);
#11900 = B_SPLINE_CURVE_WITH_KNOTS('',3,(#11901,#11902,#11903,#11904,
    #11905,#11906,#11907,#11908,#11909,#11910,#11911,#11912,#11913,
    #11914,#11915,#11916,#11917,#11918,#11919,#11920,#11921,#11922,
    #11923,#11924,#11925,#11926,#11927,#11928,#11929,#11930,#11931,
    #11932,#11933,#11934,#11935,#11936,#11937,#11938,#11939,#11940,
    #11941,#11942,#11943,#11944,#11945,#11946,#11947),.UNSPECIFIED.,.F.,
  .F.,(4,1,1,1,1,1,1,1,1,1,1,1,1,1,1,1,1,1,1,1,1,1,1,1,1,1,1,1,1,1,1,1,1
    ,1,1,1,1,1,1,1,1,1,1,1,4),(5.60123864607,5.71926884222,
    5.837299038369,5.955329234519,6.073359430668,6.191389626818,
    6.309419822967,6.427450019117,6.545480215266,6.663510411416,
    6.781540607565,6.899570803715,7.017600999864,7.135631196014,
    7.253661392163,7.371691588313,7.489721784462,7.607751980612,
    7.725782176761,7.843812372911,7.96184256906,8.07987276521,
    8.197902961359,8.315933157509,8.433963353658,8.551993549808,
    8.670023745957,8.788053942107,8.906084138256,9.024114334406,
    9.142144530555,9.260174726705,9.378204922854,9.496235119004,
    9.614265315153,9.732295511303,9.850325707452,9.968355903602,
    10.086386099751,10.204416295901,10.32244649205,10.4404766882,
    10.558506884349,10.676537080499,10.794567276648),
  .QUASI_UNIFORM_KNOTS.);
#11901 = CARTESIAN_POINT('',(-0.641938545969,-1.5));
#11902 = CARTESIAN_POINT('',(-0.638028880523,-1.499999999999));
#11903 = CARTESIAN_POINT('',(-0.630207618837,-1.498040139601));
#11904 = CARTESIAN_POINT('',(-0.618505779833,-1.489057557967));
#11905 = CARTESIAN_POINT('',(-0.606869881644,-1.473869363327));
#11906 = CARTESIAN_POINT('',(-0.595335666716,-1.452311376137));
#11907 = CARTESIAN_POINT('',(-0.583940068876,-1.424224459271));
#11908 = CARTESIAN_POINT('',(-0.572715754468,-1.389430663513));
#11909 = CARTESIAN_POINT('',(-0.561744240366,-1.347912766837));
#11910 = CARTESIAN_POINT('',(-0.551068404097,-1.299595708838));
#11911 = CARTESIAN_POINT('',(-0.540735201817,-1.244397676608));
#11912 = CARTESIAN_POINT('',(-0.530796494738,-1.182281123047));
#11913 = CARTESIAN_POINT('',(-0.521281835657,-1.113038190327));
#11914 = CARTESIAN_POINT('',(-0.512308560037,-1.037115147553));
#11915 = CARTESIAN_POINT('',(-0.503961657094,-0.954999130922));
#11916 = CARTESIAN_POINT('',(-0.496279881871,-0.866828391901));
#11917 = CARTESIAN_POINT('',(-0.489314478992,-0.772823237866));
#11918 = CARTESIAN_POINT('',(-0.483114480686,-0.673224637286));
#11919 = CARTESIAN_POINT('',(-0.477726625341,-0.568108858352));
#11920 = CARTESIAN_POINT('',(-0.4732780755,-0.459578299037));
#11921 = CARTESIAN_POINT('',(-0.469776137726,-0.347969114562));
#11922 = CARTESIAN_POINT('',(-0.467246867127,-0.233836197658));
#11923 = CARTESIAN_POINT('',(-0.465711368534,-0.117776598978));
#11924 = CARTESIAN_POINT('',(-0.465192153669,1.946878194938E-11));
#11925 = CARTESIAN_POINT('',(-0.465711368535,0.117776599017));
#11926 = CARTESIAN_POINT('',(-0.467246867128,0.233836197696));
#11927 = CARTESIAN_POINT('',(-0.469776137727,0.347969114599));
#11928 = CARTESIAN_POINT('',(-0.473278075501,0.459578299074));
#11929 = CARTESIAN_POINT('',(-0.477726625343,0.568108858388));
#11930 = CARTESIAN_POINT('',(-0.483114480688,0.67322463732));
#11931 = CARTESIAN_POINT('',(-0.489314478995,0.772823237899));
#11932 = CARTESIAN_POINT('',(-0.496279881874,0.866828391932));
#11933 = CARTESIAN_POINT('',(-0.503961657097,0.954999130951));
#11934 = CARTESIAN_POINT('',(-0.51230856004,1.037115147581));
#11935 = CARTESIAN_POINT('',(-0.52128183566,1.113038190352));
#11936 = CARTESIAN_POINT('',(-0.530796494741,1.18228112307));
#11937 = CARTESIAN_POINT('',(-0.54073520182,1.244397676628));
#11938 = CARTESIAN_POINT('',(-0.551068404101,1.299595708856));
#11939 = CARTESIAN_POINT('',(-0.56174424037,1.347912766852));
#11940 = CARTESIAN_POINT('',(-0.572715754472,1.389430663526));
#11941 = CARTESIAN_POINT('',(-0.58394006888,1.424224459281));
#11942 = CARTESIAN_POINT('',(-0.59533566672,1.452311376145));
#11943 = CARTESIAN_POINT('',(-0.606869881648,1.473869363333));
#11944 = CARTESIAN_POINT('',(-0.618505779837,1.489057557971));
#11945 = CARTESIAN_POINT('',(-0.630207618841,1.498040139603));
#11946 = CARTESIAN_POINT('',(-0.638028880527,1.5));
#11947 = CARTESIAN_POINT('',(-0.641938545973,1.5));
#11948 = ( GEOMETRIC_REPRESENTATION_CONTEXT(2) 
PARAMETRIC_REPRESENTATION_CONTEXT() REPRESENTATION_CONTEXT('2D SPACE',''
  ) );
#11949 = PCURVE('',#11950,#11955);
#11950 = CYLINDRICAL_SURFACE('',#11951,1.5);
#11951 = AXIS2_PLACEMENT_3D('',#11952,#11953,#11954);
#11952 = CARTESIAN_POINT('',(1.500000000004,-5.987492177718,
    6.280369834735E-16));
#11953 = DIRECTION('',(-1.,0.,0.));
#11954 = DIRECTION('',(0.,0.,-1.));
#11955 = DEFINITIONAL_REPRESENTATION('',(#11956),#12004);
#11956 = B_SPLINE_CURVE_WITH_KNOTS('',3,(#11957,#11958,#11959,#11960,
    #11961,#11962,#11963,#11964,#11965,#11966,#11967,#11968,#11969,
    #11970,#11971,#11972,#11973,#11974,#11975,#11976,#11977,#11978,
    #11979,#11980,#11981,#11982,#11983,#11984,#11985,#11986,#11987,
    #11988,#11989,#11990,#11991,#11992,#11993,#11994,#11995,#11996,
    #11997,#11998,#11999,#12000,#12001,#12002,#12003),.UNSPECIFIED.,.F.,
  .F.,(4,1,1,1,1,1,1,1,1,1,1,1,1,1,1,1,1,1,1,1,1,1,1,1,1,1,1,1,1,1,1,1,1
    ,1,1,1,1,1,1,1,1,1,1,1,4),(5.60123864607,5.71926884222,
    5.837299038369,5.955329234519,6.073359430668,6.191389626818,
    6.309419822967,6.427450019117,6.545480215266,6.663510411416,
    6.781540607565,6.899570803715,7.017600999864,7.135631196014,
    7.253661392163,7.371691588313,7.489721784462,7.607751980612,
    7.725782176761,7.843812372911,7.96184256906,8.07987276521,
    8.197902961359,8.315933157509,8.433963353658,8.551993549808,
    8.670023745957,8.788053942107,8.906084138256,9.024114334406,
    9.142144530555,9.260174726705,9.378204922854,9.496235119004,
    9.614265315153,9.732295511303,9.850325707452,9.968355903602,
    10.086386099751,10.204416295901,10.32244649205,10.4404766882,
    10.558506884349,10.676537080499,10.794567276648),
  .QUASI_UNIFORM_KNOTS.);
#11957 = CARTESIAN_POINT('',(3.14159265361,9.509365606707));
#11958 = CARTESIAN_POINT('',(3.162470026232,9.532774772625));
#11959 = CARTESIAN_POINT('',(3.204418299784,9.579226089));
#11960 = CARTESIAN_POINT('',(3.26797431327,9.647613372494));
#11961 = CARTESIAN_POINT('',(3.332209478386,9.714522073957));
#11962 = CARTESIAN_POINT('',(3.397195487751,9.779764164386));
#11963 = CARTESIAN_POINT('',(3.463013525229,9.843148413227));
#11964 = CARTESIAN_POINT('',(3.529796649757,9.904495534168));
#11965 = CARTESIAN_POINT('',(3.597384163813,9.963415394866));
#11966 = CARTESIAN_POINT('',(3.665836271219,10.01977863338));
#11967 = CARTESIAN_POINT('',(3.73522550278,10.073423307233));
#11968 = CARTESIAN_POINT('',(3.805612211506,10.124170110356));
#11969 = CARTESIAN_POINT('',(3.877261725546,10.171941771586));
#11970 = CARTESIAN_POINT('',(3.94979324455,10.216259336733));
#11971 = CARTESIAN_POINT('',(4.022962983143,10.25685654326));
#11972 = CARTESIAN_POINT('',(4.096907146825,10.29367938535));
#11973 = CARTESIAN_POINT('',(4.171698959515,10.326618222234));
#11974 = CARTESIAN_POINT('',(4.247437603364,10.35557369623));
#11975 = CARTESIAN_POINT('',(4.324359667152,10.380460952259));
#11976 = CARTESIAN_POINT('',(4.401307997669,10.400851578123));
#11977 = CARTESIAN_POINT('',(4.478509696495,10.416771655173));
#11978 = CARTESIAN_POINT('',(4.556016004323,10.428177718214));
#11979 = CARTESIAN_POINT('',(4.633870660377,10.435044943389));
#11980 = CARTESIAN_POINT('',(4.712388980398,10.437343488023));
#11981 = CARTESIAN_POINT('',(4.790907300418,10.435044943388));
#11982 = CARTESIAN_POINT('',(4.868761956472,10.428177718211));
#11983 = CARTESIAN_POINT('',(4.9462682643,10.416771655169));
#11984 = CARTESIAN_POINT('',(5.023469963127,10.400851578117));
#11985 = CARTESIAN_POINT('',(5.100418293643,10.380460952251));
#11986 = CARTESIAN_POINT('',(5.177340357431,10.355573696221));
#11987 = CARTESIAN_POINT('',(5.25307900128,10.326618222223));
#11988 = CARTESIAN_POINT('',(5.327870813969,10.293679385338));
#11989 = CARTESIAN_POINT('',(5.401814977651,10.256856543247));
#11990 = CARTESIAN_POINT('',(5.474984716245,10.216259336718));
#11991 = CARTESIAN_POINT('',(5.547516235249,10.17194177157));
#11992 = CARTESIAN_POINT('',(5.619165749288,10.124170110339));
#11993 = CARTESIAN_POINT('',(5.689552458014,10.073423307215));
#11994 = CARTESIAN_POINT('',(5.758941689574,10.019778633361));
#11995 = CARTESIAN_POINT('',(5.827393796979,9.963415394846));
#11996 = CARTESIAN_POINT('',(5.894981311035,9.904495534148));
#11997 = CARTESIAN_POINT('',(5.961764435563,9.843148413206));
#11998 = CARTESIAN_POINT('',(6.02758247304,9.779764164364));
#11999 = CARTESIAN_POINT('',(6.092568482405,9.714522073935));
#12000 = CARTESIAN_POINT('',(6.156803647521,9.647613372471));
#12001 = CARTESIAN_POINT('',(6.220359661006,9.579226088978));
#12002 = CARTESIAN_POINT('',(6.262307934558,9.532774772602));
#12003 = CARTESIAN_POINT('',(6.28318530718,9.509365606684));
#12004 = ( GEOMETRIC_REPRESENTATION_CONTEXT(2) 
PARAMETRIC_REPRESENTATION_CONTEXT() REPRESENTATION_CONTEXT('2D SPACE',''
  ) );
#12005 = ORIENTED_EDGE('',*,*,#12006,.F.);
#12006 = EDGE_CURVE('',#11875,#11873,#12007,.T.);
#12007 = SURFACE_CURVE('',#12008,(#12028,#12079),.PCURVE_S1.);
#12008 = B_SPLINE_CURVE_WITH_KNOTS('',3,(#12009,#12010,#12011,#12012,
    #12013,#12014,#12015,#12016,#12017,#12018,#12019,#12020,#12021,
    #12022,#12023,#12024,#12025,#12026,#12027),.UNSPECIFIED.,.F.,.F.,(4,
    2,2,2,3,2,2,2,4),(0.,0.69068269858,1.379686586322,2.081802793824,
    2.800619323016,3.519435852207,4.221552059709,4.910555947452,
    5.60123864607),.UNSPECIFIED.);
#12009 = CARTESIAN_POINT('',(-8.00936560668,-5.987492177718,-1.5));
#12010 = CARTESIAN_POINT('',(-7.872896021654,-6.170045201293,-1.5));
#12011 = CARTESIAN_POINT('',(-7.729569263784,-6.348366511094,
    -1.466727543371));
#12012 = CARTESIAN_POINT('',(-7.44446631643,-6.680395690009,
    -1.342107168428));
#12013 = CARTESIAN_POINT('',(-7.300029823956,-6.837155398792,
    -1.249692834853));
#12014 = CARTESIAN_POINT('',(-7.028660780554,-7.115931679213,
    -1.005772041755));
#12015 = CARTESIAN_POINT('',(-6.896794872213,-7.242426837421,
    -0.848216556815));
#12016 = CARTESIAN_POINT('',(-6.694748060636,-7.429654514071,
    -0.465439743478));
#12017 = CARTESIAN_POINT('',(-6.628533841534,-7.487492177718,
    -0.241681051905));
#12018 = CARTESIAN_POINT('',(-6.628533841534,-7.487492177718,
    8.881784197001E-16));
#12019 = CARTESIAN_POINT('',(-6.628533841534,-7.487492177718,
    0.241681051905));
#12020 = CARTESIAN_POINT('',(-6.694748060636,-7.429654514071,
    0.465439743478));
#12021 = CARTESIAN_POINT('',(-6.896794872213,-7.242426837421,
    0.848216556815));
#12022 = CARTESIAN_POINT('',(-7.028660780554,-7.115931679213,
    1.005772041755));
#12023 = CARTESIAN_POINT('',(-7.300029823956,-6.837155398792,
    1.249692834853));
#12024 = CARTESIAN_POINT('',(-7.44446631643,-6.680395690009,
    1.342107168428));
#12025 = CARTESIAN_POINT('',(-7.729569263792,-6.348366511085,
    1.466727543374));
#12026 = CARTESIAN_POINT('',(-7.87289602167,-6.170045201272,
    1.500000000004));
#12027 = CARTESIAN_POINT('',(-8.009365606703,-5.987492177688,1.5));
#12028 = PCURVE('',#11138,#12029);
#12029 = DEFINITIONAL_REPRESENTATION('',(#12030),#12078);
#12030 = B_SPLINE_CURVE_WITH_KNOTS('',3,(#12031,#12032,#12033,#12034,
    #12035,#12036,#12037,#12038,#12039,#12040,#12041,#12042,#12043,
    #12044,#12045,#12046,#12047,#12048,#12049,#12050,#12051,#12052,
    #12053,#12054,#12055,#12056,#12057,#12058,#12059,#12060,#12061,
    #12062,#12063,#12064,#12065,#12066,#12067,#12068,#12069,#12070,
    #12071,#12072,#12073,#12074,#12075,#12076,#12077),.UNSPECIFIED.,.F.,
  .F.,(4,1,1,1,1,1,1,1,1,1,1,1,1,1,1,1,1,1,1,1,1,1,1,1,1,1,1,1,1,1,1,1,1
    ,1,1,1,1,1,1,1,1,1,1,1,4),(0.,0.12730087832,0.25460175664,
    0.381902634959,0.509203513279,0.636504391599,0.763805269919,
    0.891106148238,1.018407026558,1.145707904878,1.273008783198,
    1.400309661518,1.527610539837,1.654911418157,1.782212296477,
    1.909513174797,2.036814053116,2.164114931436,2.291415809756,
    2.418716688076,2.546017566396,2.673318444715,2.800619323035,
    2.927920201355,3.055221079675,3.182521957995,3.309822836314,
    3.437123714634,3.564424592954,3.691725471274,3.819026349593,
    3.946327227913,4.073628106233,4.200928984553,4.328229862873,
    4.455530741192,4.582831619512,4.710132497832,4.837433376152,
    4.964734254471,5.092035132791,5.219336011111,5.346636889431,
    5.473937767751,5.60123864607),.QUASI_UNIFORM_KNOTS.);
#12031 = CARTESIAN_POINT('',(-0.641938545973,1.5));
#12032 = CARTESIAN_POINT('',(-0.646139444614,1.5));
#12033 = CARTESIAN_POINT('',(-0.654546168685,1.497739401363));
#12034 = CARTESIAN_POINT('',(-0.667132421016,1.487723084591));
#12035 = CARTESIAN_POINT('',(-0.679656336442,1.471237172871));
#12036 = CARTESIAN_POINT('',(-0.692079023307,1.448439426367));
#12037 = CARTESIAN_POINT('',(-0.704362270322,1.419480413287));
#12038 = CARTESIAN_POINT('',(-0.716465145493,1.384537533369));
#12039 = CARTESIAN_POINT('',(-0.728434839673,1.343426372719));
#12040 = CARTESIAN_POINT('',(-0.740200796098,1.29624376315));
#12041 = CARTESIAN_POINT('',(-0.751708663046,1.243064158067));
#12042 = CARTESIAN_POINT('',(-0.762909400935,1.183897857952));
#12043 = CARTESIAN_POINT('',(-0.773715219556,1.119034153387));
#12044 = CARTESIAN_POINT('',(-0.784198451297,1.047633680936));
#12045 = CARTESIAN_POINT('',(-0.794284002701,0.969493541958));
#12046 = CARTESIAN_POINT('',(-0.8038434842,0.884798114706));
#12047 = CARTESIAN_POINT('',(-0.812762192525,0.793626885668));
#12048 = CARTESIAN_POINT('',(-0.820921813505,0.696091631501));
#12049 = CARTESIAN_POINT('',(-0.828203283557,0.592279859948));
#12050 = CARTESIAN_POINT('',(-0.834430100307,0.483130162504));
#12051 = CARTESIAN_POINT('',(-0.839490920284,0.368979731687));
#12052 = CARTESIAN_POINT('',(-0.843261704306,0.250177319549));
#12053 = CARTESIAN_POINT('',(-0.845621629981,0.127429938751));
#12054 = CARTESIAN_POINT('',(-0.846448828839,-1.980732173486E-11));
#12055 = CARTESIAN_POINT('',(-0.84562162998,-0.127429938789));
#12056 = CARTESIAN_POINT('',(-0.843261704305,-0.250177319586));
#12057 = CARTESIAN_POINT('',(-0.839490920282,-0.368979731723));
#12058 = CARTESIAN_POINT('',(-0.834430100305,-0.483130162538));
#12059 = CARTESIAN_POINT('',(-0.828203283554,-0.592279859981));
#12060 = CARTESIAN_POINT('',(-0.820921813503,-0.696091631532));
#12061 = CARTESIAN_POINT('',(-0.812762192522,-0.793626885697));
#12062 = CARTESIAN_POINT('',(-0.803843484197,-0.884798114733));
#12063 = CARTESIAN_POINT('',(-0.794284002698,-0.969493541983));
#12064 = CARTESIAN_POINT('',(-0.784198451294,-1.047633680959));
#12065 = CARTESIAN_POINT('',(-0.773715219553,-1.119034153408));
#12066 = CARTESIAN_POINT('',(-0.762909400932,-1.183897857971));
#12067 = CARTESIAN_POINT('',(-0.751708663043,-1.243064158084));
#12068 = CARTESIAN_POINT('',(-0.740200796095,-1.296243763165));
#12069 = CARTESIAN_POINT('',(-0.728434839669,-1.343426372733));
#12070 = CARTESIAN_POINT('',(-0.71646514549,-1.38453753338));
#12071 = CARTESIAN_POINT('',(-0.704362270319,-1.419480413296));
#12072 = CARTESIAN_POINT('',(-0.692079023303,-1.448439426375));
#12073 = CARTESIAN_POINT('',(-0.679656336438,-1.471237172877));
#12074 = CARTESIAN_POINT('',(-0.667132421012,-1.487723084595));
#12075 = CARTESIAN_POINT('',(-0.654546168681,-1.497739401365));
#12076 = CARTESIAN_POINT('',(-0.646139444611,-1.500000000001));
#12077 = CARTESIAN_POINT('',(-0.641938545969,-1.5));
#12078 = ( GEOMETRIC_REPRESENTATION_CONTEXT(2) 
PARAMETRIC_REPRESENTATION_CONTEXT() REPRESENTATION_CONTEXT('2D SPACE',''
  ) );
#12079 = PCURVE('',#12080,#12085);
#12080 = CYLINDRICAL_SURFACE('',#12081,1.5);
#12081 = AXIS2_PLACEMENT_3D('',#12082,#12083,#12084);
#12082 = CARTESIAN_POINT('',(1.500000000004,-5.987492177718,
    1.256073966947E-15));
#12083 = DIRECTION('',(-1.,0.,0.));
#12084 = DIRECTION('',(0.,0.,-1.));
#12085 = DEFINITIONAL_REPRESENTATION('',(#12086),#12134);
#12086 = B_SPLINE_CURVE_WITH_KNOTS('',3,(#12087,#12088,#12089,#12090,
    #12091,#12092,#12093,#12094,#12095,#12096,#12097,#12098,#12099,
    #12100,#12101,#12102,#12103,#12104,#12105,#12106,#12107,#12108,
    #12109,#12110,#12111,#12112,#12113,#12114,#12115,#12116,#12117,
    #12118,#12119,#12120,#12121,#12122,#12123,#12124,#12125,#12126,
    #12127,#12128,#12129,#12130,#12131,#12132,#12133),.UNSPECIFIED.,.F.,
  .F.,(4,1,1,1,1,1,1,1,1,1,1,1,1,1,1,1,1,1,1,1,1,1,1,1,1,1,1,1,1,1,1,1,1
    ,1,1,1,1,1,1,1,1,1,1,1,4),(0.,0.12730087832,0.25460175664,
    0.381902634959,0.509203513279,0.636504391599,0.763805269919,
    0.891106148238,1.018407026558,1.145707904878,1.273008783198,
    1.400309661518,1.527610539837,1.654911418157,1.782212296477,
    1.909513174797,2.036814053116,2.164114931436,2.291415809756,
    2.418716688076,2.546017566396,2.673318444715,2.800619323035,
    2.927920201355,3.055221079675,3.182521957995,3.309822836314,
    3.437123714634,3.564424592954,3.691725471274,3.819026349593,
    3.946327227913,4.073628106233,4.200928984553,4.328229862873,
    4.455530741192,4.582831619512,4.710132497832,4.837433376152,
    4.964734254471,5.092035132791,5.219336011111,5.346636889431,
    5.473937767751,5.60123864607),.QUASI_UNIFORM_KNOTS.);
#12087 = CARTESIAN_POINT('',(0.,9.509365606684));
#12088 = CARTESIAN_POINT('',(2.243016314861E-02,9.484212670215));
#12089 = CARTESIAN_POINT('',(6.71024205927E-02,9.433440904908));
#12090 = CARTESIAN_POINT('',(0.133634079794,9.356165841054));
#12091 = CARTESIAN_POINT('',(0.199781111368,9.278053434885));
#12092 = CARTESIAN_POINT('',(0.265619445554,9.199384416699));
#12093 = CARTESIAN_POINT('',(0.331224056065,9.120437077546));
#12094 = CARTESIAN_POINT('',(0.396638776296,9.041498808755));
#12095 = CARTESIAN_POINT('',(0.462425870995,8.962317889725));
#12096 = CARTESIAN_POINT('',(0.528558118815,8.883454953678));
#12097 = CARTESIAN_POINT('',(0.595094094023,8.8053547226));
#12098 = CARTESIAN_POINT('',(0.66214911867,8.728422631669));
#12099 = CARTESIAN_POINT('',(0.729593284434,8.653337174527));
#12100 = CARTESIAN_POINT('',(0.798375955791,8.579643448894));
#12101 = CARTESIAN_POINT('',(0.868720293773,8.508012681098));
#12102 = CARTESIAN_POINT('',(0.940527443068,8.439486061707));
#12103 = CARTESIAN_POINT('',(1.013840047473,8.375006474888));
#12104 = CARTESIAN_POINT('',(1.08872405274,8.315540066165));
#12105 = CARTESIAN_POINT('',(1.16531632984,8.262058242034));
#12106 = CARTESIAN_POINT('',(1.243220834669,8.216072309033));
#12107 = CARTESIAN_POINT('',(1.322541682573,8.178499499291));
#12108 = CARTESIAN_POINT('',(1.403423915054,8.150370936406));
#12109 = CARTESIAN_POINT('',(1.485841544294,8.132687216364));
#12110 = CARTESIAN_POINT('',(1.570796326808,8.126457154125));
#12111 = CARTESIAN_POINT('',(1.655751109321,8.132687216368));
#12112 = CARTESIAN_POINT('',(1.738168738561,8.150370936413));
#12113 = CARTESIAN_POINT('',(1.819050971041,8.178499499301));
#12114 = CARTESIAN_POINT('',(1.898371818945,8.216072309046));
#12115 = CARTESIAN_POINT('',(1.976276323773,8.26205824205));
#12116 = CARTESIAN_POINT('',(2.052868600873,8.315540066182));
#12117 = CARTESIAN_POINT('',(2.12775260614,8.375006474907));
#12118 = CARTESIAN_POINT('',(2.201065210544,8.439486061728));
#12119 = CARTESIAN_POINT('',(2.272872359839,8.50801268112));
#12120 = CARTESIAN_POINT('',(2.34321669782,8.579643448916));
#12121 = CARTESIAN_POINT('',(2.411999369177,8.65333717455));
#12122 = CARTESIAN_POINT('',(2.47944353494,8.728422631692));
#12123 = CARTESIAN_POINT('',(2.546498559587,8.805354722624));
#12124 = CARTESIAN_POINT('',(2.613034534795,8.883454953702));
#12125 = CARTESIAN_POINT('',(2.679166782615,8.962317889749));
#12126 = CARTESIAN_POINT('',(2.744953877314,9.041498808779));
#12127 = CARTESIAN_POINT('',(2.810368597545,9.120437077569));
#12128 = CARTESIAN_POINT('',(2.875973208056,9.199384416723));
#12129 = CARTESIAN_POINT('',(2.941811542242,9.278053434909));
#12130 = CARTESIAN_POINT('',(3.007958573816,9.356165841078));
#12131 = CARTESIAN_POINT('',(3.074490233017,9.433440904931));
#12132 = CARTESIAN_POINT('',(3.119162490462,9.484212670238));
#12133 = CARTESIAN_POINT('',(3.14159265361,9.509365606707));
#12134 = ( GEOMETRIC_REPRESENTATION_CONTEXT(2) 
PARAMETRIC_REPRESENTATION_CONTEXT() REPRESENTATION_CONTEXT('2D SPACE',''
  ) );
#12135 = ADVANCED_FACE('',(#12136,#12179),#11164,.T.);
#12136 = FACE_BOUND('',#12137,.T.);
#12137 = EDGE_LOOP('',(#12138,#12139,#12140,#12160));
#12138 = ORIENTED_EDGE('',*,*,#11150,.F.);
#12139 = ORIENTED_EDGE('',*,*,#11851,.F.);
#12140 = ORIENTED_EDGE('',*,*,#12141,.T.);
#12141 = EDGE_CURVE('',#11824,#12142,#12144,.T.);
#12142 = VERTEX_POINT('',#12143);
#12143 = CARTESIAN_POINT('',(-0.499999999996,-2.958039891551,-4.));
#12144 = SURFACE_CURVE('',#12145,(#12148,#12154),.PCURVE_S1.);
#12145 = B_SPLINE_CURVE_WITH_KNOTS('',1,(#12146,#12147),.UNSPECIFIED.,
  .F.,.F.,(2,2),(81.24665859297,88.276110879138),
  .PIECEWISE_BEZIER_KNOTS.);
#12146 = CARTESIAN_POINT('',(-0.499999999996,-9.987492177718,-4.));
#12147 = CARTESIAN_POINT('',(-0.499999999996,-2.958039891551,-4.));
#12148 = PCURVE('',#11164,#12149);
#12149 = DEFINITIONAL_REPRESENTATION('',(#12150),#12153);
#12150 = B_SPLINE_CURVE_WITH_KNOTS('',1,(#12151,#12152),.UNSPECIFIED.,
  .F.,.F.,(2,2),(81.24665859297,88.276110879138),
  .PIECEWISE_BEZIER_KNOTS.);
#12151 = CARTESIAN_POINT('',(-8.,7.029452286168));
#12152 = CARTESIAN_POINT('',(-8.,0.));
#12153 = ( GEOMETRIC_REPRESENTATION_CONTEXT(2) 
PARAMETRIC_REPRESENTATION_CONTEXT() REPRESENTATION_CONTEXT('2D SPACE',''
  ) );
#12154 = PCURVE('',#11323,#12155);
#12155 = DEFINITIONAL_REPRESENTATION('',(#12156),#12159);
#12156 = B_SPLINE_CURVE_WITH_KNOTS('',1,(#12157,#12158),.UNSPECIFIED.,
  .F.,.F.,(2,2),(81.24665859297,88.276110879138),
  .PIECEWISE_BEZIER_KNOTS.);
#12157 = CARTESIAN_POINT('',(-11.38486096376,0.217762099476));
#12158 = CARTESIAN_POINT('',(-11.38486096376,7.247214385644));
#12159 = ( GEOMETRIC_REPRESENTATION_CONTEXT(2) 
PARAMETRIC_REPRESENTATION_CONTEXT() REPRESENTATION_CONTEXT('2D SPACE',''
  ) );
#12160 = ORIENTED_EDGE('',*,*,#12161,.T.);
#12161 = EDGE_CURVE('',#12142,#11151,#12162,.T.);
#12162 = SURFACE_CURVE('',#12163,(#12166,#12172),.PCURVE_S1.);
#12163 = B_SPLINE_CURVE_WITH_KNOTS('',1,(#12164,#12165),.UNSPECIFIED.,
  .F.,.F.,(2,2),(-8.,0.),.PIECEWISE_BEZIER_KNOTS.);
#12164 = CARTESIAN_POINT('',(-0.499999999996,-2.958039891551,-4.));
#12165 = CARTESIAN_POINT('',(-0.499999999996,-2.958039891551,4.));
#12166 = PCURVE('',#11164,#12167);
#12167 = DEFINITIONAL_REPRESENTATION('',(#12168),#12171);
#12168 = B_SPLINE_CURVE_WITH_KNOTS('',1,(#12169,#12170),.UNSPECIFIED.,
  .F.,.F.,(2,2),(-8.,0.),.PIECEWISE_BEZIER_KNOTS.);
#12169 = CARTESIAN_POINT('',(-8.,0.));
#12170 = CARTESIAN_POINT('',(0.,0.));
#12171 = ( GEOMETRIC_REPRESENTATION_CONTEXT(2) 
PARAMETRIC_REPRESENTATION_CONTEXT() REPRESENTATION_CONTEXT('2D SPACE',''
  ) );
#12172 = PCURVE('',#11196,#12173);
#12173 = DEFINITIONAL_REPRESENTATION('',(#12174),#12178);
#12174 = LINE('',#12175,#12176);
#12175 = CARTESIAN_POINT('',(4.544940901167,4.));
#12176 = VECTOR('',#12177,1.);
#12177 = DIRECTION('',(1.110223024625E-16,1.));
#12178 = ( GEOMETRIC_REPRESENTATION_CONTEXT(2) 
PARAMETRIC_REPRESENTATION_CONTEXT() REPRESENTATION_CONTEXT('2D SPACE',''
  ) );
#12179 = FACE_BOUND('',#12180,.T.);
#12180 = EDGE_LOOP('',(#12181,#12207));
#12181 = ORIENTED_EDGE('',*,*,#12182,.F.);
#12182 = EDGE_CURVE('',#12183,#12185,#12187,.T.);
#12183 = VERTEX_POINT('',#12184);
#12184 = CARTESIAN_POINT('',(-0.499999999996,-5.987492177718,1.5));
#12185 = VERTEX_POINT('',#12186);
#12186 = CARTESIAN_POINT('',(-0.499999999996,-5.987492177718,-1.5));
#12187 = SURFACE_CURVE('',#12188,(#12193,#12200),.PCURVE_S1.);
#12188 = CIRCLE('',#12189,1.5);
#12189 = AXIS2_PLACEMENT_3D('',#12190,#12191,#12192);
#12190 = CARTESIAN_POINT('',(-0.499999999996,-5.987492177718,
    1.256073966947E-15));
#12191 = DIRECTION('',(1.,0.,-0.));
#12192 = DIRECTION('',(0.,0.,1.));
#12193 = PCURVE('',#11164,#12194);
#12194 = DEFINITIONAL_REPRESENTATION('',(#12195),#12199);
#12195 = CIRCLE('',#12196,1.5);
#12196 = AXIS2_PLACEMENT_2D('',#12197,#12198);
#12197 = CARTESIAN_POINT('',(-4.,3.029452286168));
#12198 = DIRECTION('',(1.,0.));
#12199 = ( GEOMETRIC_REPRESENTATION_CONTEXT(2) 
PARAMETRIC_REPRESENTATION_CONTEXT() REPRESENTATION_CONTEXT('2D SPACE',''
  ) );
#12200 = PCURVE('',#12080,#12201);
#12201 = DEFINITIONAL_REPRESENTATION('',(#12202),#12206);
#12202 = LINE('',#12203,#12204);
#12203 = CARTESIAN_POINT('',(3.14159265359,2.));
#12204 = VECTOR('',#12205,1.);
#12205 = DIRECTION('',(-1.,0.));
#12206 = ( GEOMETRIC_REPRESENTATION_CONTEXT(2) 
PARAMETRIC_REPRESENTATION_CONTEXT() REPRESENTATION_CONTEXT('2D SPACE',''
  ) );
#12207 = ORIENTED_EDGE('',*,*,#12208,.F.);
#12208 = EDGE_CURVE('',#12185,#12183,#12209,.T.);
#12209 = SURFACE_CURVE('',#12210,(#12215,#12222),.PCURVE_S1.);
#12210 = CIRCLE('',#12211,1.5);
#12211 = AXIS2_PLACEMENT_3D('',#12212,#12213,#12214);
#12212 = CARTESIAN_POINT('',(-0.499999999996,-5.987492177718,
    6.280369834735E-16));
#12213 = DIRECTION('',(1.,0.,0.));
#12214 = DIRECTION('',(0.,0.,-1.));
#12215 = PCURVE('',#11164,#12216);
#12216 = DEFINITIONAL_REPRESENTATION('',(#12217),#12221);
#12217 = CIRCLE('',#12218,1.5);
#12218 = AXIS2_PLACEMENT_2D('',#12219,#12220);
#12219 = CARTESIAN_POINT('',(-4.,3.029452286168));
#12220 = DIRECTION('',(-1.,0.));
#12221 = ( GEOMETRIC_REPRESENTATION_CONTEXT(2) 
PARAMETRIC_REPRESENTATION_CONTEXT() REPRESENTATION_CONTEXT('2D SPACE',''
  ) );
#12222 = PCURVE('',#11950,#12223);
#12223 = DEFINITIONAL_REPRESENTATION('',(#12224),#12228);
#12224 = LINE('',#12225,#12226);
#12225 = CARTESIAN_POINT('',(6.28318530718,2.));
#12226 = VECTOR('',#12227,1.);
#12227 = DIRECTION('',(-1.,0.));
#12228 = ( GEOMETRIC_REPRESENTATION_CONTEXT(2) 
PARAMETRIC_REPRESENTATION_CONTEXT() REPRESENTATION_CONTEXT('2D SPACE',''
  ) );
#12229 = ADVANCED_FACE('',(#12230),#11196,.F.);
#12230 = FACE_BOUND('',#12231,.F.);
#12231 = EDGE_LOOP('',(#12232,#12253,#12275,#12276));
#12232 = ORIENTED_EDGE('',*,*,#12233,.F.);
#12233 = EDGE_CURVE('',#12234,#11176,#12236,.T.);
#12234 = VERTEX_POINT('',#12235);
#12235 = CARTESIAN_POINT('',(-0.499999999996,2.95803989155,-4.));
#12236 = SURFACE_CURVE('',#12237,(#12240,#12247),.PCURVE_S1.);
#12237 = B_SPLINE_CURVE_WITH_KNOTS('',1,(#12238,#12239),.UNSPECIFIED.,
  .F.,.F.,(2,2),(-8.,0.),.PIECEWISE_BEZIER_KNOTS.);
#12238 = CARTESIAN_POINT('',(-0.499999999996,2.95803989155,-4.));
#12239 = CARTESIAN_POINT('',(-0.499999999996,2.95803989155,4.));
#12240 = PCURVE('',#11196,#12241);
#12241 = DEFINITIONAL_REPRESENTATION('',(#12242),#12246);
#12242 = LINE('',#12243,#12244);
#12243 = CARTESIAN_POINT('',(1.738244406013,4.));
#12244 = VECTOR('',#12245,1.);
#12245 = DIRECTION('',(-1.110223024625E-16,1.));
#12246 = ( GEOMETRIC_REPRESENTATION_CONTEXT(2) 
PARAMETRIC_REPRESENTATION_CONTEXT() REPRESENTATION_CONTEXT('2D SPACE',''
  ) );
#12247 = PCURVE('',#11222,#12248);
#12248 = DEFINITIONAL_REPRESENTATION('',(#12249),#12252);
#12249 = B_SPLINE_CURVE_WITH_KNOTS('',1,(#12250,#12251),.UNSPECIFIED.,
  .F.,.F.,(2,2),(-8.,0.),.PIECEWISE_BEZIER_KNOTS.);
#12250 = CARTESIAN_POINT('',(-8.,3.04196010845));
#12251 = CARTESIAN_POINT('',(0.,3.04196010845));
#12252 = ( GEOMETRIC_REPRESENTATION_CONTEXT(2) 
PARAMETRIC_REPRESENTATION_CONTEXT() REPRESENTATION_CONTEXT('2D SPACE',''
  ) );
#12253 = ORIENTED_EDGE('',*,*,#12254,.F.);
#12254 = EDGE_CURVE('',#12142,#12234,#12255,.T.);
#12255 = SURFACE_CURVE('',#12256,(#12261,#12268),.PCURVE_S1.);
#12256 = CIRCLE('',#12257,3.);
#12257 = AXIS2_PLACEMENT_3D('',#12258,#12259,#12260);
#12258 = CARTESIAN_POINT('',(-1.719950113979E-16,-5.102217280198E-14,-4.
    ));
#12259 = DIRECTION('',(-3.552713678794E-16,3.41428860541E-30,-1.));
#12260 = DIRECTION('',(-0.166666666665,-0.986013297184,
    5.921189464606E-17));
#12261 = PCURVE('',#11196,#12262);
#12262 = DEFINITIONAL_REPRESENTATION('',(#12263),#12267);
#12263 = LINE('',#12264,#12265);
#12264 = CARTESIAN_POINT('',(4.544940901167,-4.));
#12265 = VECTOR('',#12266,1.);
#12266 = DIRECTION('',(-1.,0.));
#12267 = ( GEOMETRIC_REPRESENTATION_CONTEXT(2) 
PARAMETRIC_REPRESENTATION_CONTEXT() REPRESENTATION_CONTEXT('2D SPACE',''
  ) );
#12268 = PCURVE('',#11323,#12269);
#12269 = DEFINITIONAL_REPRESENTATION('',(#12270),#12274);
#12270 = CIRCLE('',#12271,3.);
#12271 = AXIS2_PLACEMENT_2D('',#12272,#12273);
#12272 = CARTESIAN_POINT('',(-11.88486096375,10.205254277194));
#12273 = DIRECTION('',(0.166666666665,-0.986013297184));
#12274 = ( GEOMETRIC_REPRESENTATION_CONTEXT(2) 
PARAMETRIC_REPRESENTATION_CONTEXT() REPRESENTATION_CONTEXT('2D SPACE',''
  ) );
#12275 = ORIENTED_EDGE('',*,*,#12161,.T.);
#12276 = ORIENTED_EDGE('',*,*,#11175,.T.);
#12277 = ADVANCED_FACE('',(#12278),#11222,.T.);
#12278 = FACE_BOUND('',#12279,.T.);
#12279 = EDGE_LOOP('',(#12280,#12281,#12282,#12302));
#12280 = ORIENTED_EDGE('',*,*,#11208,.F.);
#12281 = ORIENTED_EDGE('',*,*,#12233,.F.);
#12282 = ORIENTED_EDGE('',*,*,#12283,.T.);
#12283 = EDGE_CURVE('',#12234,#12284,#12286,.T.);
#12284 = VERTEX_POINT('',#12285);
#12285 = CARTESIAN_POINT('',(-0.499999999996,6.000000000001,-4.));
#12286 = SURFACE_CURVE('',#12287,(#12290,#12296),.PCURVE_S1.);
#12287 = B_SPLINE_CURVE_WITH_KNOTS('',1,(#12288,#12289),.UNSPECIFIED.,
  .F.,.F.,(2,2),(0.,3.04196010845),.PIECEWISE_BEZIER_KNOTS.);
#12288 = CARTESIAN_POINT('',(-0.499999999996,2.95803989155,-4.));
#12289 = CARTESIAN_POINT('',(-0.499999999996,6.000000000001,-4.));
#12290 = PCURVE('',#11222,#12291);
#12291 = DEFINITIONAL_REPRESENTATION('',(#12292),#12295);
#12292 = B_SPLINE_CURVE_WITH_KNOTS('',1,(#12293,#12294),.UNSPECIFIED.,
  .F.,.F.,(2,2),(0.,3.04196010845),.PIECEWISE_BEZIER_KNOTS.);
#12293 = CARTESIAN_POINT('',(-8.,3.04196010845));
#12294 = CARTESIAN_POINT('',(-8.,0.));
#12295 = ( GEOMETRIC_REPRESENTATION_CONTEXT(2) 
PARAMETRIC_REPRESENTATION_CONTEXT() REPRESENTATION_CONTEXT('2D SPACE',''
  ) );
#12296 = PCURVE('',#11323,#12297);
#12297 = DEFINITIONAL_REPRESENTATION('',(#12298),#12301);
#12298 = B_SPLINE_CURVE_WITH_KNOTS('',1,(#12299,#12300),.UNSPECIFIED.,
  .F.,.F.,(2,2),(0.,3.04196010845),.PIECEWISE_BEZIER_KNOTS.);
#12299 = CARTESIAN_POINT('',(-11.38486096376,13.163294168745));
#12300 = CARTESIAN_POINT('',(-11.38486096376,16.205254277195));
#12301 = ( GEOMETRIC_REPRESENTATION_CONTEXT(2) 
PARAMETRIC_REPRESENTATION_CONTEXT() REPRESENTATION_CONTEXT('2D SPACE',''
  ) );
#12302 = ORIENTED_EDGE('',*,*,#12303,.T.);
#12303 = EDGE_CURVE('',#12284,#11209,#12304,.T.);
#12304 = SURFACE_CURVE('',#12305,(#12308,#12314),.PCURVE_S1.);
#12305 = B_SPLINE_CURVE_WITH_KNOTS('',1,(#12306,#12307),.UNSPECIFIED.,
  .F.,.F.,(2,2),(-8.,0.),.PIECEWISE_BEZIER_KNOTS.);
#12306 = CARTESIAN_POINT('',(-0.499999999996,6.000000000001,-4.));
#12307 = CARTESIAN_POINT('',(-0.499999999996,6.000000000001,4.));
#12308 = PCURVE('',#11222,#12309);
#12309 = DEFINITIONAL_REPRESENTATION('',(#12310),#12313);
#12310 = B_SPLINE_CURVE_WITH_KNOTS('',1,(#12311,#12312),.UNSPECIFIED.,
  .F.,.F.,(2,2),(-8.,0.),.PIECEWISE_BEZIER_KNOTS.);
#12311 = CARTESIAN_POINT('',(-8.,0.));
#12312 = CARTESIAN_POINT('',(0.,0.));
#12313 = ( GEOMETRIC_REPRESENTATION_CONTEXT(2) 
PARAMETRIC_REPRESENTATION_CONTEXT() REPRESENTATION_CONTEXT('2D SPACE',''
  ) );
#12314 = PCURVE('',#11247,#12315);
#12315 = DEFINITIONAL_REPRESENTATION('',(#12316),#12319);
#12316 = B_SPLINE_CURVE_WITH_KNOTS('',1,(#12317,#12318),.UNSPECIFIED.,
  .F.,.F.,(2,2),(-8.,0.),.PIECEWISE_BEZIER_KNOTS.);
#12317 = CARTESIAN_POINT('',(8.,-0.999999999999));
#12318 = CARTESIAN_POINT('',(0.,-0.999999999999));
#12319 = ( GEOMETRIC_REPRESENTATION_CONTEXT(2) 
PARAMETRIC_REPRESENTATION_CONTEXT() REPRESENTATION_CONTEXT('2D SPACE',''
  ) );
#12320 = ADVANCED_FACE('',(#12321),#11247,.T.);
#12321 = FACE_BOUND('',#12322,.T.);
#12322 = EDGE_LOOP('',(#12323,#12324,#12325,#12345));
#12323 = ORIENTED_EDGE('',*,*,#11233,.F.);
#12324 = ORIENTED_EDGE('',*,*,#12303,.F.);
#12325 = ORIENTED_EDGE('',*,*,#12326,.T.);
#12326 = EDGE_CURVE('',#12284,#12327,#12329,.T.);
#12327 = VERTEX_POINT('',#12328);
#12328 = CARTESIAN_POINT('',(0.500000000004,6.000000000001,-4.));
#12329 = SURFACE_CURVE('',#12330,(#12333,#12339),.PCURVE_S1.);
#12330 = B_SPLINE_CURVE_WITH_KNOTS('',1,(#12331,#12332),.UNSPECIFIED.,
  .F.,.F.,(2,2),(0.,1.),.PIECEWISE_BEZIER_KNOTS.);
#12331 = CARTESIAN_POINT('',(-0.499999999996,6.000000000001,-4.));
#12332 = CARTESIAN_POINT('',(0.500000000004,6.000000000001,-4.));
#12333 = PCURVE('',#11247,#12334);
#12334 = DEFINITIONAL_REPRESENTATION('',(#12335),#12338);
#12335 = B_SPLINE_CURVE_WITH_KNOTS('',1,(#12336,#12337),.UNSPECIFIED.,
  .F.,.F.,(2,2),(0.,1.),.PIECEWISE_BEZIER_KNOTS.);
#12336 = CARTESIAN_POINT('',(8.,-0.999999999999));
#12337 = CARTESIAN_POINT('',(8.,6.820100040272E-13));
#12338 = ( GEOMETRIC_REPRESENTATION_CONTEXT(2) 
PARAMETRIC_REPRESENTATION_CONTEXT() REPRESENTATION_CONTEXT('2D SPACE',''
  ) );
#12339 = PCURVE('',#11323,#12340);
#12340 = DEFINITIONAL_REPRESENTATION('',(#12341),#12344);
#12341 = B_SPLINE_CURVE_WITH_KNOTS('',1,(#12342,#12343),.UNSPECIFIED.,
  .F.,.F.,(2,2),(0.,1.),.PIECEWISE_BEZIER_KNOTS.);
#12342 = CARTESIAN_POINT('',(-11.38486096376,16.205254277195));
#12343 = CARTESIAN_POINT('',(-12.38486096376,16.205254277195));
#12344 = ( GEOMETRIC_REPRESENTATION_CONTEXT(2) 
PARAMETRIC_REPRESENTATION_CONTEXT() REPRESENTATION_CONTEXT('2D SPACE',''
  ) );
#12345 = ORIENTED_EDGE('',*,*,#12346,.T.);
#12346 = EDGE_CURVE('',#12327,#11234,#12347,.T.);
#12347 = SURFACE_CURVE('',#12348,(#12351,#12357),.PCURVE_S1.);
#12348 = B_SPLINE_CURVE_WITH_KNOTS('',1,(#12349,#12350),.UNSPECIFIED.,
  .F.,.F.,(2,2),(-8.,0.),.PIECEWISE_BEZIER_KNOTS.);
#12349 = CARTESIAN_POINT('',(0.500000000004,6.000000000001,-4.));
#12350 = CARTESIAN_POINT('',(0.500000000004,6.000000000001,4.));
#12351 = PCURVE('',#11247,#12352);
#12352 = DEFINITIONAL_REPRESENTATION('',(#12353),#12356);
#12353 = B_SPLINE_CURVE_WITH_KNOTS('',1,(#12354,#12355),.UNSPECIFIED.,
  .F.,.F.,(2,2),(-8.,0.),.PIECEWISE_BEZIER_KNOTS.);
#12354 = CARTESIAN_POINT('',(8.,6.820100040272E-13));
#12355 = CARTESIAN_POINT('',(0.,6.820100040272E-13));
#12356 = ( GEOMETRIC_REPRESENTATION_CONTEXT(2) 
PARAMETRIC_REPRESENTATION_CONTEXT() REPRESENTATION_CONTEXT('2D SPACE',''
  ) );
#12357 = PCURVE('',#11270,#12358);
#12358 = DEFINITIONAL_REPRESENTATION('',(#12359),#12362);
#12359 = B_SPLINE_CURVE_WITH_KNOTS('',1,(#12360,#12361),.UNSPECIFIED.,
  .F.,.F.,(2,2),(-8.,0.),.PIECEWISE_BEZIER_KNOTS.);
#12360 = CARTESIAN_POINT('',(8.,-3.041960108452));
#12361 = CARTESIAN_POINT('',(0.,-3.041960108452));
#12362 = ( GEOMETRIC_REPRESENTATION_CONTEXT(2) 
PARAMETRIC_REPRESENTATION_CONTEXT() REPRESENTATION_CONTEXT('2D SPACE',''
  ) );
#12363 = ADVANCED_FACE('',(#12364),#11270,.T.);
#12364 = FACE_BOUND('',#12365,.T.);
#12365 = EDGE_LOOP('',(#12366,#12367,#12368,#12386));
#12366 = ORIENTED_EDGE('',*,*,#11258,.F.);
#12367 = ORIENTED_EDGE('',*,*,#12346,.F.);
#12368 = ORIENTED_EDGE('',*,*,#12369,.T.);
#12369 = EDGE_CURVE('',#12327,#11307,#12370,.T.);
#12370 = SURFACE_CURVE('',#12371,(#12374,#12380),.PCURVE_S1.);
#12371 = B_SPLINE_CURVE_WITH_KNOTS('',1,(#12372,#12373),.UNSPECIFIED.,
  .F.,.F.,(2,2),(0.,3.041960108452),.PIECEWISE_BEZIER_KNOTS.);
#12372 = CARTESIAN_POINT('',(0.500000000004,6.000000000001,-4.));
#12373 = CARTESIAN_POINT('',(0.500000000004,2.958039891549,-4.));
#12374 = PCURVE('',#11270,#12375);
#12375 = DEFINITIONAL_REPRESENTATION('',(#12376),#12379);
#12376 = B_SPLINE_CURVE_WITH_KNOTS('',1,(#12377,#12378),.UNSPECIFIED.,
  .F.,.F.,(2,2),(0.,3.041960108452),.PIECEWISE_BEZIER_KNOTS.);
#12377 = CARTESIAN_POINT('',(8.,-3.041960108452));
#12378 = CARTESIAN_POINT('',(8.,0.));
#12379 = ( GEOMETRIC_REPRESENTATION_CONTEXT(2) 
PARAMETRIC_REPRESENTATION_CONTEXT() REPRESENTATION_CONTEXT('2D SPACE',''
  ) );
#12380 = PCURVE('',#11323,#12381);
#12381 = DEFINITIONAL_REPRESENTATION('',(#12382),#12385);
#12382 = B_SPLINE_CURVE_WITH_KNOTS('',1,(#12383,#12384),.UNSPECIFIED.,
  .F.,.F.,(2,2),(0.,3.041960108452),.PIECEWISE_BEZIER_KNOTS.);
#12383 = CARTESIAN_POINT('',(-12.38486096376,16.205254277195));
#12384 = CARTESIAN_POINT('',(-12.38486096376,13.163294168743));
#12385 = ( GEOMETRIC_REPRESENTATION_CONTEXT(2) 
PARAMETRIC_REPRESENTATION_CONTEXT() REPRESENTATION_CONTEXT('2D SPACE',''
  ) );
#12386 = ORIENTED_EDGE('',*,*,#11335,.F.);
#12387 = ADVANCED_FACE('',(#12388),#11323,.T.);
#12388 = FACE_BOUND('',#12389,.T.);
#12389 = EDGE_LOOP('',(#12390,#12391,#12392,#12393,#12394,#12395,#12396,
    #12397,#12398,#12399));
#12390 = ORIENTED_EDGE('',*,*,#12369,.F.);
#12391 = ORIENTED_EDGE('',*,*,#12326,.F.);
#12392 = ORIENTED_EDGE('',*,*,#12283,.F.);
#12393 = ORIENTED_EDGE('',*,*,#12254,.F.);
#12394 = ORIENTED_EDGE('',*,*,#12141,.F.);
#12395 = ORIENTED_EDGE('',*,*,#11823,.F.);
#12396 = ORIENTED_EDGE('',*,*,#11512,.F.);
#12397 = ORIENTED_EDGE('',*,*,#11408,.F.);
#12398 = ORIENTED_EDGE('',*,*,#11379,.F.);
#12399 = ORIENTED_EDGE('',*,*,#11306,.F.);
#12400 = ADVANCED_FACE('',(#12401),#12080,.F.);
#12401 = FACE_BOUND('',#12402,.F.);
#12402 = EDGE_LOOP('',(#12403,#12404,#12424,#12425));
#12403 = ORIENTED_EDGE('',*,*,#12006,.F.);
#12404 = ORIENTED_EDGE('',*,*,#12405,.T.);
#12405 = EDGE_CURVE('',#11875,#12185,#12406,.T.);
#12406 = SURFACE_CURVE('',#12407,(#12410,#12417),.PCURVE_S1.);
#12407 = B_SPLINE_CURVE_WITH_KNOTS('',1,(#12408,#12409),.UNSPECIFIED.,
  .F.,.F.,(2,2),(2.490634393316,10.),.PIECEWISE_BEZIER_KNOTS.);
#12408 = CARTESIAN_POINT('',(-8.00936560668,-5.987492177718,-1.5));
#12409 = CARTESIAN_POINT('',(-0.499999999996,-5.987492177718,-1.5));
#12410 = PCURVE('',#12080,#12411);
#12411 = DEFINITIONAL_REPRESENTATION('',(#12412),#12416);
#12412 = LINE('',#12413,#12414);
#12413 = CARTESIAN_POINT('',(0.,12.));
#12414 = VECTOR('',#12415,1.);
#12415 = DIRECTION('',(0.,-1.));
#12416 = ( GEOMETRIC_REPRESENTATION_CONTEXT(2) 
PARAMETRIC_REPRESENTATION_CONTEXT() REPRESENTATION_CONTEXT('2D SPACE',''
  ) );
#12417 = PCURVE('',#11950,#12418);
#12418 = DEFINITIONAL_REPRESENTATION('',(#12419),#12423);
#12419 = LINE('',#12420,#12421);
#12420 = CARTESIAN_POINT('',(6.28318530718,12.));
#12421 = VECTOR('',#12422,1.);
#12422 = DIRECTION('',(0.,-1.));
#12423 = ( GEOMETRIC_REPRESENTATION_CONTEXT(2) 
PARAMETRIC_REPRESENTATION_CONTEXT() REPRESENTATION_CONTEXT('2D SPACE',''
  ) );
#12424 = ORIENTED_EDGE('',*,*,#12182,.F.);
#12425 = ORIENTED_EDGE('',*,*,#12426,.F.);
#12426 = EDGE_CURVE('',#11873,#12183,#12427,.T.);
#12427 = SURFACE_CURVE('',#12428,(#12431,#12438),.PCURVE_S1.);
#12428 = B_SPLINE_CURVE_WITH_KNOTS('',1,(#12429,#12430),.UNSPECIFIED.,
  .F.,.F.,(2,2),(2.490634393286,10.),.PIECEWISE_BEZIER_KNOTS.);
#12429 = CARTESIAN_POINT('',(-8.00936560671,-5.987492177718,1.5));
#12430 = CARTESIAN_POINT('',(-0.499999999996,-5.987492177718,1.5));
#12431 = PCURVE('',#12080,#12432);
#12432 = DEFINITIONAL_REPRESENTATION('',(#12433),#12437);
#12433 = LINE('',#12434,#12435);
#12434 = CARTESIAN_POINT('',(3.14159265359,12.));
#12435 = VECTOR('',#12436,1.);
#12436 = DIRECTION('',(0.,-1.));
#12437 = ( GEOMETRIC_REPRESENTATION_CONTEXT(2) 
PARAMETRIC_REPRESENTATION_CONTEXT() REPRESENTATION_CONTEXT('2D SPACE',''
  ) );
#12438 = PCURVE('',#11950,#12439);
#12439 = DEFINITIONAL_REPRESENTATION('',(#12440),#12444);
#12440 = LINE('',#12441,#12442);
#12441 = CARTESIAN_POINT('',(3.14159265359,12.));
#12442 = VECTOR('',#12443,1.);
#12443 = DIRECTION('',(0.,-1.));
#12444 = ( GEOMETRIC_REPRESENTATION_CONTEXT(2) 
PARAMETRIC_REPRESENTATION_CONTEXT() REPRESENTATION_CONTEXT('2D SPACE',''
  ) );
#12445 = ADVANCED_FACE('',(#12446),#11495,.F.);
#12446 = FACE_BOUND('',#12447,.F.);
#12447 = EDGE_LOOP('',(#12448,#12449,#12469,#12470));
#12448 = ORIENTED_EDGE('',*,*,#11480,.F.);
#12449 = ORIENTED_EDGE('',*,*,#12450,.T.);
#12450 = EDGE_CURVE('',#11452,#11565,#12451,.T.);
#12451 = SURFACE_CURVE('',#12452,(#12455,#12462),.PCURVE_S1.);
#12452 = B_SPLINE_CURVE_WITH_KNOTS('',1,(#12453,#12454),.UNSPECIFIED.,
  .F.,.F.,(2,2),(11.,18.509365606712),.PIECEWISE_BEZIER_KNOTS.);
#12453 = CARTESIAN_POINT('',(0.500000000004,-5.987492177718,-1.5));
#12454 = CARTESIAN_POINT('',(8.009365606716,-5.987492177718,-1.5));
#12455 = PCURVE('',#11495,#12456);
#12456 = DEFINITIONAL_REPRESENTATION('',(#12457),#12461);
#12457 = LINE('',#12458,#12459);
#12458 = CARTESIAN_POINT('',(0.,12.));
#12459 = VECTOR('',#12460,1.);
#12460 = DIRECTION('',(0.,-1.));
#12461 = ( GEOMETRIC_REPRESENTATION_CONTEXT(2) 
PARAMETRIC_REPRESENTATION_CONTEXT() REPRESENTATION_CONTEXT('2D SPACE',''
  ) );
#12462 = PCURVE('',#11468,#12463);
#12463 = DEFINITIONAL_REPRESENTATION('',(#12464),#12468);
#12464 = LINE('',#12465,#12466);
#12465 = CARTESIAN_POINT('',(6.28318530718,12.));
#12466 = VECTOR('',#12467,1.);
#12467 = DIRECTION('',(0.,-1.));
#12468 = ( GEOMETRIC_REPRESENTATION_CONTEXT(2) 
PARAMETRIC_REPRESENTATION_CONTEXT() REPRESENTATION_CONTEXT('2D SPACE',''
  ) );
#12469 = ORIENTED_EDGE('',*,*,#11562,.F.);
#12470 = ORIENTED_EDGE('',*,*,#12471,.F.);
#12471 = EDGE_CURVE('',#11450,#11563,#12472,.T.);
#12472 = SURFACE_CURVE('',#12473,(#12476,#12483),.PCURVE_S1.);
#12473 = B_SPLINE_CURVE_WITH_KNOTS('',1,(#12474,#12475),.UNSPECIFIED.,
  .F.,.F.,(2,2),(11.,18.509365606744),.PIECEWISE_BEZIER_KNOTS.);
#12474 = CARTESIAN_POINT('',(0.500000000004,-5.987492177718,1.5));
#12475 = CARTESIAN_POINT('',(8.009365606748,-5.987492177718,1.5));
#12476 = PCURVE('',#11495,#12477);
#12477 = DEFINITIONAL_REPRESENTATION('',(#12478),#12482);
#12478 = LINE('',#12479,#12480);
#12479 = CARTESIAN_POINT('',(3.14159265359,12.));
#12480 = VECTOR('',#12481,1.);
#12481 = DIRECTION('',(0.,-1.));
#12482 = ( GEOMETRIC_REPRESENTATION_CONTEXT(2) 
PARAMETRIC_REPRESENTATION_CONTEXT() REPRESENTATION_CONTEXT('2D SPACE',''
  ) );
#12483 = PCURVE('',#11468,#12484);
#12484 = DEFINITIONAL_REPRESENTATION('',(#12485),#12489);
#12485 = LINE('',#12486,#12487);
#12486 = CARTESIAN_POINT('',(3.14159265359,12.));
#12487 = VECTOR('',#12488,1.);
#12488 = DIRECTION('',(0.,-1.));
#12489 = ( GEOMETRIC_REPRESENTATION_CONTEXT(2) 
PARAMETRIC_REPRESENTATION_CONTEXT() REPRESENTATION_CONTEXT('2D SPACE',''
  ) );
#12490 = ADVANCED_FACE('',(#12491),#11950,.F.);
#12491 = FACE_BOUND('',#12492,.F.);
#12492 = EDGE_LOOP('',(#12493,#12494,#12495,#12496));
#12493 = ORIENTED_EDGE('',*,*,#12426,.T.);
#12494 = ORIENTED_EDGE('',*,*,#12208,.F.);
#12495 = ORIENTED_EDGE('',*,*,#12405,.F.);
#12496 = ORIENTED_EDGE('',*,*,#11872,.F.);
#12497 = ADVANCED_FACE('',(#12498),#11468,.F.);
#12498 = FACE_BOUND('',#12499,.F.);
#12499 = EDGE_LOOP('',(#12500,#12501,#12502,#12503));
#12500 = ORIENTED_EDGE('',*,*,#12471,.T.);
#12501 = ORIENTED_EDGE('',*,*,#11693,.F.);
#12502 = ORIENTED_EDGE('',*,*,#12450,.F.);
#12503 = ORIENTED_EDGE('',*,*,#11449,.F.);
#12504 = ( GEOMETRIC_REPRESENTATION_CONTEXT(3) 
GLOBAL_UNCERTAINTY_ASSIGNED_CONTEXT((#12508)) 
GLOBAL_UNIT_ASSIGNED_CONTEXT((#12505,#12506,#12507)) 
REPRESENTATION_CONTEXT('Context #1',
  '3D Context with UNIT and UNCERTAINTY') );
#12505 = ( LENGTH_UNIT() NAMED_UNIT(*) SI_UNIT(.MILLI.,.METRE.) );
#12506 = ( NAMED_UNIT(*) PLANE_ANGLE_UNIT() SI_UNIT($,.RADIAN.) );
#12507 = ( NAMED_UNIT(*) SI_UNIT($,.STERADIAN.) SOLID_ANGLE_UNIT() );
#12508 = UNCERTAINTY_MEASURE_WITH_UNIT(LENGTH_MEASURE(1.E-05),#12505,
  'distance_accuracy_value','confusion accuracy');
#12509 = CONTEXT_DEPENDENT_SHAPE_REPRESENTATION(#12510,#12512);
#12510 = ( REPRESENTATION_RELATIONSHIP('','',#10987,#10) 
REPRESENTATION_RELATIONSHIP_WITH_TRANSFORMATION(#12511) 
SHAPE_REPRESENTATION_RELATIONSHIP() );
#12511 = ITEM_DEFINED_TRANSFORMATION('','',#11,#43);
#12512 = PRODUCT_DEFINITION_SHAPE('Placement','Placement of an item',
  #12513);
#12513 = NEXT_ASSEMBLY_USAGE_OCCURRENCE('8','ring_bottom','',#5,#10982,$
  );
#12514 = PRODUCT_RELATED_PRODUCT_CATEGORY('part',$,(#10984));
#12515 = SHAPE_DEFINITION_REPRESENTATION(#12516,#12522);
#12516 = PRODUCT_DEFINITION_SHAPE('','',#12517);
#12517 = PRODUCT_DEFINITION('design','',#12518,#12521);
#12518 = PRODUCT_DEFINITION_FORMATION('','',#12519);
#12519 = PRODUCT('rod_v1','rod_v1','',(#12520));
#12520 = PRODUCT_CONTEXT('',#2,'mechanical');
#12521 = PRODUCT_DEFINITION_CONTEXT('part definition',#2,'design');
#12522 = ADVANCED_BREP_SHAPE_REPRESENTATION('',(#11,#12523),#12621);
#12523 = MANIFOLD_SOLID_BREP('',#12524);
#12524 = CLOSED_SHELL('',(#12525,#12613,#12617));
#12525 = ADVANCED_FACE('',(#12526),#12540,.T.);
#12526 = FACE_BOUND('',#12527,.F.);
#12527 = EDGE_LOOP('',(#12528,#12558,#12585,#12586));
#12528 = ORIENTED_EDGE('',*,*,#12529,.T.);
#12529 = EDGE_CURVE('',#12530,#12532,#12534,.T.);
#12530 = VERTEX_POINT('',#12531);
#12531 = CARTESIAN_POINT('',(3.,0.,3.));
#12532 = VERTEX_POINT('',#12533);
#12533 = CARTESIAN_POINT('',(3.,0.,133.));
#12534 = SEAM_CURVE('',#12535,(#12539,#12551),.PCURVE_S1.);
#12535 = LINE('',#12536,#12537);
#12536 = CARTESIAN_POINT('',(3.,0.,3.));
#12537 = VECTOR('',#12538,1.);
#12538 = DIRECTION('',(0.,0.,1.));
#12539 = PCURVE('',#12540,#12545);
#12540 = CYLINDRICAL_SURFACE('',#12541,3.);
#12541 = AXIS2_PLACEMENT_3D('',#12542,#12543,#12544);
#12542 = CARTESIAN_POINT('',(0.,0.,3.));
#12543 = DIRECTION('',(-0.,-0.,-1.));
#12544 = DIRECTION('',(1.,0.,0.));
#12545 = DEFINITIONAL_REPRESENTATION('',(#12546),#12550);
#12546 = LINE('',#12547,#12548);
#12547 = CARTESIAN_POINT('',(-0.,0.));
#12548 = VECTOR('',#12549,1.);
#12549 = DIRECTION('',(-0.,-1.));
#12550 = ( GEOMETRIC_REPRESENTATION_CONTEXT(2) 
PARAMETRIC_REPRESENTATION_CONTEXT() REPRESENTATION_CONTEXT('2D SPACE',''
  ) );
#12551 = PCURVE('',#12540,#12552);
#12552 = DEFINITIONAL_REPRESENTATION('',(#12553),#12557);
#12553 = LINE('',#12554,#12555);
#12554 = CARTESIAN_POINT('',(-6.28318530718,0.));
#12555 = VECTOR('',#12556,1.);
#12556 = DIRECTION('',(-0.,-1.));
#12557 = ( GEOMETRIC_REPRESENTATION_CONTEXT(2) 
PARAMETRIC_REPRESENTATION_CONTEXT() REPRESENTATION_CONTEXT('2D SPACE',''
  ) );
#12558 = ORIENTED_EDGE('',*,*,#12559,.T.);
#12559 = EDGE_CURVE('',#12532,#12532,#12560,.T.);
#12560 = SURFACE_CURVE('',#12561,(#12566,#12573),.PCURVE_S1.);
#12561 = CIRCLE('',#12562,3.);
#12562 = AXIS2_PLACEMENT_3D('',#12563,#12564,#12565);
#12563 = CARTESIAN_POINT('',(0.,0.,133.));
#12564 = DIRECTION('',(0.,0.,1.));
#12565 = DIRECTION('',(1.,0.,0.));
#12566 = PCURVE('',#12540,#12567);
#12567 = DEFINITIONAL_REPRESENTATION('',(#12568),#12572);
#12568 = LINE('',#12569,#12570);
#12569 = CARTESIAN_POINT('',(-0.,-130.));
#12570 = VECTOR('',#12571,1.);
#12571 = DIRECTION('',(-1.,0.));
#12572 = ( GEOMETRIC_REPRESENTATION_CONTEXT(2) 
PARAMETRIC_REPRESENTATION_CONTEXT() REPRESENTATION_CONTEXT('2D SPACE',''
  ) );
#12573 = PCURVE('',#12574,#12579);
#12574 = PLANE('',#12575);
#12575 = AXIS2_PLACEMENT_3D('',#12576,#12577,#12578);
#12576 = CARTESIAN_POINT('',(-2.279066887566E-16,-8.51133553645E-18,133.
    ));
#12577 = DIRECTION('',(0.,0.,1.));
#12578 = DIRECTION('',(1.,0.,-0.));
#12579 = DEFINITIONAL_REPRESENTATION('',(#12580),#12584);
#12580 = CIRCLE('',#12581,3.);
#12581 = AXIS2_PLACEMENT_2D('',#12582,#12583);
#12582 = CARTESIAN_POINT('',(2.279066887566E-16,8.51133553645E-18));
#12583 = DIRECTION('',(1.,0.));
#12584 = ( GEOMETRIC_REPRESENTATION_CONTEXT(2) 
PARAMETRIC_REPRESENTATION_CONTEXT() REPRESENTATION_CONTEXT('2D SPACE',''
  ) );
#12585 = ORIENTED_EDGE('',*,*,#12529,.F.);
#12586 = ORIENTED_EDGE('',*,*,#12587,.F.);
#12587 = EDGE_CURVE('',#12530,#12530,#12588,.T.);
#12588 = SURFACE_CURVE('',#12589,(#12594,#12601),.PCURVE_S1.);
#12589 = CIRCLE('',#12590,3.);
#12590 = AXIS2_PLACEMENT_3D('',#12591,#12592,#12593);
#12591 = CARTESIAN_POINT('',(0.,0.,3.));
#12592 = DIRECTION('',(0.,0.,1.));
#12593 = DIRECTION('',(1.,0.,0.));
#12594 = PCURVE('',#12540,#12595);
#12595 = DEFINITIONAL_REPRESENTATION('',(#12596),#12600);
#12596 = LINE('',#12597,#12598);
#12597 = CARTESIAN_POINT('',(-0.,0.));
#12598 = VECTOR('',#12599,1.);
#12599 = DIRECTION('',(-1.,0.));
#12600 = ( GEOMETRIC_REPRESENTATION_CONTEXT(2) 
PARAMETRIC_REPRESENTATION_CONTEXT() REPRESENTATION_CONTEXT('2D SPACE',''
  ) );
#12601 = PCURVE('',#12602,#12607);
#12602 = PLANE('',#12603);
#12603 = AXIS2_PLACEMENT_3D('',#12604,#12605,#12606);
#12604 = CARTESIAN_POINT('',(-2.279066887566E-16,-8.51133553645E-18,3.)
  );
#12605 = DIRECTION('',(0.,0.,1.));
#12606 = DIRECTION('',(1.,0.,-0.));
#12607 = DEFINITIONAL_REPRESENTATION('',(#12608),#12612);
#12608 = CIRCLE('',#12609,3.);
#12609 = AXIS2_PLACEMENT_2D('',#12610,#12611);
#12610 = CARTESIAN_POINT('',(2.279066887566E-16,8.51133553645E-18));
#12611 = DIRECTION('',(1.,0.));
#12612 = ( GEOMETRIC_REPRESENTATION_CONTEXT(2) 
PARAMETRIC_REPRESENTATION_CONTEXT() REPRESENTATION_CONTEXT('2D SPACE',''
  ) );
#12613 = ADVANCED_FACE('',(#12614),#12602,.F.);
#12614 = FACE_BOUND('',#12615,.F.);
#12615 = EDGE_LOOP('',(#12616));
#12616 = ORIENTED_EDGE('',*,*,#12587,.T.);
#12617 = ADVANCED_FACE('',(#12618),#12574,.T.);
#12618 = FACE_BOUND('',#12619,.T.);
#12619 = EDGE_LOOP('',(#12620));
#12620 = ORIENTED_EDGE('',*,*,#12559,.T.);
#12621 = ( GEOMETRIC_REPRESENTATION_CONTEXT(3) 
GLOBAL_UNCERTAINTY_ASSIGNED_CONTEXT((#12625)) 
GLOBAL_UNIT_ASSIGNED_CONTEXT((#12622,#12623,#12624)) 
REPRESENTATION_CONTEXT('Context #1',
  '3D Context with UNIT and UNCERTAINTY') );
#12622 = ( LENGTH_UNIT() NAMED_UNIT(*) SI_UNIT(.MILLI.,.METRE.) );
#12623 = ( NAMED_UNIT(*) PLANE_ANGLE_UNIT() SI_UNIT($,.RADIAN.) );
#12624 = ( NAMED_UNIT(*) SI_UNIT($,.STERADIAN.) SOLID_ANGLE_UNIT() );
#12625 = UNCERTAINTY_MEASURE_WITH_UNIT(LENGTH_MEASURE(1.E-07),#12622,
  'distance_accuracy_value','confusion accuracy');
#12626 = CONTEXT_DEPENDENT_SHAPE_REPRESENTATION(#12627,#12629);
#12627 = ( REPRESENTATION_RELATIONSHIP('','',#12522,#10) 
REPRESENTATION_RELATIONSHIP_WITH_TRANSFORMATION(#12628) 
SHAPE_REPRESENTATION_RELATIONSHIP() );
#12628 = ITEM_DEFINED_TRANSFORMATION('','',#11,#47);
#12629 = PRODUCT_DEFINITION_SHAPE('Placement','Placement of an item',
  #12630);
#12630 = NEXT_ASSEMBLY_USAGE_OCCURRENCE('9','rod_v1','',#5,#12517,$);
#12631 = PRODUCT_RELATED_PRODUCT_CATEGORY('part',$,(#12519));
#12632 = SHAPE_DEFINITION_REPRESENTATION(#12633,#12639);
#12633 = PRODUCT_DEFINITION_SHAPE('','',#12634);
#12634 = PRODUCT_DEFINITION('design','',#12635,#12638);
#12635 = PRODUCT_DEFINITION_FORMATION('','',#12636);
#12636 = PRODUCT('rod_v2','rod_v2','',(#12637));
#12637 = PRODUCT_CONTEXT('',#2,'mechanical');
#12638 = PRODUCT_DEFINITION_CONTEXT('part definition',#2,'design');
#12639 = ADVANCED_BREP_SHAPE_REPRESENTATION('',(#11,#12640),#12738);
#12640 = MANIFOLD_SOLID_BREP('',#12641);
#12641 = CLOSED_SHELL('',(#12642,#12730,#12734));
#12642 = ADVANCED_FACE('',(#12643),#12657,.T.);
#12643 = FACE_BOUND('',#12644,.F.);
#12644 = EDGE_LOOP('',(#12645,#12675,#12702,#12703));
#12645 = ORIENTED_EDGE('',*,*,#12646,.T.);
#12646 = EDGE_CURVE('',#12647,#12649,#12651,.T.);
#12647 = VERTEX_POINT('',#12648);
#12648 = CARTESIAN_POINT('',(63.,0.,3.));
#12649 = VERTEX_POINT('',#12650);
#12650 = CARTESIAN_POINT('',(63.,0.,133.));
#12651 = SEAM_CURVE('',#12652,(#12656,#12668),.PCURVE_S1.);
#12652 = LINE('',#12653,#12654);
#12653 = CARTESIAN_POINT('',(63.,0.,3.));
#12654 = VECTOR('',#12655,1.);
#12655 = DIRECTION('',(0.,0.,1.));
#12656 = PCURVE('',#12657,#12662);
#12657 = CYLINDRICAL_SURFACE('',#12658,3.);
#12658 = AXIS2_PLACEMENT_3D('',#12659,#12660,#12661);
#12659 = CARTESIAN_POINT('',(60.,0.,3.));
#12660 = DIRECTION('',(-0.,-0.,-1.));
#12661 = DIRECTION('',(1.,0.,0.));
#12662 = DEFINITIONAL_REPRESENTATION('',(#12663),#12667);
#12663 = LINE('',#12664,#12665);
#12664 = CARTESIAN_POINT('',(-0.,0.));
#12665 = VECTOR('',#12666,1.);
#12666 = DIRECTION('',(-0.,-1.));
#12667 = ( GEOMETRIC_REPRESENTATION_CONTEXT(2) 
PARAMETRIC_REPRESENTATION_CONTEXT() REPRESENTATION_CONTEXT('2D SPACE',''
  ) );
#12668 = PCURVE('',#12657,#12669);
#12669 = DEFINITIONAL_REPRESENTATION('',(#12670),#12674);
#12670 = LINE('',#12671,#12672);
#12671 = CARTESIAN_POINT('',(-6.28318530718,0.));
#12672 = VECTOR('',#12673,1.);
#12673 = DIRECTION('',(-0.,-1.));
#12674 = ( GEOMETRIC_REPRESENTATION_CONTEXT(2) 
PARAMETRIC_REPRESENTATION_CONTEXT() REPRESENTATION_CONTEXT('2D SPACE',''
  ) );
#12675 = ORIENTED_EDGE('',*,*,#12676,.T.);
#12676 = EDGE_CURVE('',#12649,#12649,#12677,.T.);
#12677 = SURFACE_CURVE('',#12678,(#12683,#12690),.PCURVE_S1.);
#12678 = CIRCLE('',#12679,3.);
#12679 = AXIS2_PLACEMENT_3D('',#12680,#12681,#12682);
#12680 = CARTESIAN_POINT('',(60.,0.,133.));
#12681 = DIRECTION('',(0.,0.,1.));
#12682 = DIRECTION('',(1.,0.,0.));
#12683 = PCURVE('',#12657,#12684);
#12684 = DEFINITIONAL_REPRESENTATION('',(#12685),#12689);
#12685 = LINE('',#12686,#12687);
#12686 = CARTESIAN_POINT('',(-0.,-130.));
#12687 = VECTOR('',#12688,1.);
#12688 = DIRECTION('',(-1.,0.));
#12689 = ( GEOMETRIC_REPRESENTATION_CONTEXT(2) 
PARAMETRIC_REPRESENTATION_CONTEXT() REPRESENTATION_CONTEXT('2D SPACE',''
  ) );
#12690 = PCURVE('',#12691,#12696);
#12691 = PLANE('',#12692);
#12692 = AXIS2_PLACEMENT_3D('',#12693,#12694,#12695);
#12693 = CARTESIAN_POINT('',(60.,-8.51133553645E-18,133.));
#12694 = DIRECTION('',(0.,0.,1.));
#12695 = DIRECTION('',(1.,0.,-0.));
#12696 = DEFINITIONAL_REPRESENTATION('',(#12697),#12701);
#12697 = CIRCLE('',#12698,3.);
#12698 = AXIS2_PLACEMENT_2D('',#12699,#12700);
#12699 = CARTESIAN_POINT('',(0.,8.51133553645E-18));
#12700 = DIRECTION('',(1.,0.));
#12701 = ( GEOMETRIC_REPRESENTATION_CONTEXT(2) 
PARAMETRIC_REPRESENTATION_CONTEXT() REPRESENTATION_CONTEXT('2D SPACE',''
  ) );
#12702 = ORIENTED_EDGE('',*,*,#12646,.F.);
#12703 = ORIENTED_EDGE('',*,*,#12704,.F.);
#12704 = EDGE_CURVE('',#12647,#12647,#12705,.T.);
#12705 = SURFACE_CURVE('',#12706,(#12711,#12718),.PCURVE_S1.);
#12706 = CIRCLE('',#12707,3.);
#12707 = AXIS2_PLACEMENT_3D('',#12708,#12709,#12710);
#12708 = CARTESIAN_POINT('',(60.,0.,3.));
#12709 = DIRECTION('',(0.,0.,1.));
#12710 = DIRECTION('',(1.,0.,0.));
#12711 = PCURVE('',#12657,#12712);
#12712 = DEFINITIONAL_REPRESENTATION('',(#12713),#12717);
#12713 = LINE('',#12714,#12715);
#12714 = CARTESIAN_POINT('',(-0.,0.));
#12715 = VECTOR('',#12716,1.);
#12716 = DIRECTION('',(-1.,0.));
#12717 = ( GEOMETRIC_REPRESENTATION_CONTEXT(2) 
PARAMETRIC_REPRESENTATION_CONTEXT() REPRESENTATION_CONTEXT('2D SPACE',''
  ) );
#12718 = PCURVE('',#12719,#12724);
#12719 = PLANE('',#12720);
#12720 = AXIS2_PLACEMENT_3D('',#12721,#12722,#12723);
#12721 = CARTESIAN_POINT('',(60.,-8.51133553645E-18,3.));
#12722 = DIRECTION('',(0.,0.,1.));
#12723 = DIRECTION('',(1.,0.,-0.));
#12724 = DEFINITIONAL_REPRESENTATION('',(#12725),#12729);
#12725 = CIRCLE('',#12726,3.);
#12726 = AXIS2_PLACEMENT_2D('',#12727,#12728);
#12727 = CARTESIAN_POINT('',(0.,8.51133553645E-18));
#12728 = DIRECTION('',(1.,0.));
#12729 = ( GEOMETRIC_REPRESENTATION_CONTEXT(2) 
PARAMETRIC_REPRESENTATION_CONTEXT() REPRESENTATION_CONTEXT('2D SPACE',''
  ) );
#12730 = ADVANCED_FACE('',(#12731),#12719,.F.);
#12731 = FACE_BOUND('',#12732,.F.);
#12732 = EDGE_LOOP('',(#12733));
#12733 = ORIENTED_EDGE('',*,*,#12704,.T.);
#12734 = ADVANCED_FACE('',(#12735),#12691,.T.);
#12735 = FACE_BOUND('',#12736,.T.);
#12736 = EDGE_LOOP('',(#12737));
#12737 = ORIENTED_EDGE('',*,*,#12676,.T.);
#12738 = ( GEOMETRIC_REPRESENTATION_CONTEXT(3) 
GLOBAL_UNCERTAINTY_ASSIGNED_CONTEXT((#12742)) 
GLOBAL_UNIT_ASSIGNED_CONTEXT((#12739,#12740,#12741)) 
REPRESENTATION_CONTEXT('Context #1',
  '3D Context with UNIT and UNCERTAINTY') );
#12739 = ( LENGTH_UNIT() NAMED_UNIT(*) SI_UNIT(.MILLI.,.METRE.) );
#12740 = ( NAMED_UNIT(*) PLANE_ANGLE_UNIT() SI_UNIT($,.RADIAN.) );
#12741 = ( NAMED_UNIT(*) SI_UNIT($,.STERADIAN.) SOLID_ANGLE_UNIT() );
#12742 = UNCERTAINTY_MEASURE_WITH_UNIT(LENGTH_MEASURE(1.E-07),#12739,
  'distance_accuracy_value','confusion accuracy');
#12743 = CONTEXT_DEPENDENT_SHAPE_REPRESENTATION(#12744,#12746);
#12744 = ( REPRESENTATION_RELATIONSHIP('','',#12639,#10) 
REPRESENTATION_RELATIONSHIP_WITH_TRANSFORMATION(#12745) 
SHAPE_REPRESENTATION_RELATIONSHIP() );
#12745 = ITEM_DEFINED_TRANSFORMATION('','',#11,#51);
#12746 = PRODUCT_DEFINITION_SHAPE('Placement','Placement of an item',
  #12747);
#12747 = NEXT_ASSEMBLY_USAGE_OCCURRENCE('10','rod_v2','',#5,#12634,$);
#12748 = PRODUCT_RELATED_PRODUCT_CATEGORY('part',$,(#12636));
#12749 = SHAPE_DEFINITION_REPRESENTATION(#12750,#12756);
#12750 = PRODUCT_DEFINITION_SHAPE('','',#12751);
#12751 = PRODUCT_DEFINITION('design','',#12752,#12755);
#12752 = PRODUCT_DEFINITION_FORMATION('','',#12753);
#12753 = PRODUCT('rod_h1','rod_h1','',(#12754));
#12754 = PRODUCT_CONTEXT('',#2,'mechanical');
#12755 = PRODUCT_DEFINITION_CONTEXT('part definition',#2,'design');
#12756 = ADVANCED_BREP_SHAPE_REPRESENTATION('',(#11,#12757),#12855);
#12757 = MANIFOLD_SOLID_BREP('',#12758);
#12758 = CLOSED_SHELL('',(#12759,#12847,#12851));
#12759 = ADVANCED_FACE('',(#12760),#12774,.T.);
#12760 = FACE_BOUND('',#12761,.F.);
#12761 = EDGE_LOOP('',(#12762,#12792,#12819,#12820));
#12762 = ORIENTED_EDGE('',*,*,#12763,.T.);
#12763 = EDGE_CURVE('',#12764,#12766,#12768,.T.);
#12764 = VERTEX_POINT('',#12765);
#12765 = CARTESIAN_POINT('',(-4.,0.,67.));
#12766 = VERTEX_POINT('',#12767);
#12767 = CARTESIAN_POINT('',(56.,0.,67.));
#12768 = SEAM_CURVE('',#12769,(#12773,#12785),.PCURVE_S1.);
#12769 = LINE('',#12770,#12771);
#12770 = CARTESIAN_POINT('',(-4.,0.,67.));
#12771 = VECTOR('',#12772,1.);
#12772 = DIRECTION('',(1.,0.,1.110223024625E-16));
#12773 = PCURVE('',#12774,#12779);
#12774 = CYLINDRICAL_SURFACE('',#12775,3.);
#12775 = AXIS2_PLACEMENT_3D('',#12776,#12777,#12778);
#12776 = CARTESIAN_POINT('',(-4.,0.,70.));
#12777 = DIRECTION('',(-1.,-0.,-1.110223024625E-16));
#12778 = DIRECTION('',(1.110223024625E-16,0.,-1.));
#12779 = DEFINITIONAL_REPRESENTATION('',(#12780),#12784);
#12780 = LINE('',#12781,#12782);
#12781 = CARTESIAN_POINT('',(-0.,0.));
#12782 = VECTOR('',#12783,1.);
#12783 = DIRECTION('',(-0.,-1.));
#12784 = ( GEOMETRIC_REPRESENTATION_CONTEXT(2) 
PARAMETRIC_REPRESENTATION_CONTEXT() REPRESENTATION_CONTEXT('2D SPACE',''
  ) );
#12785 = PCURVE('',#12774,#12786);
#12786 = DEFINITIONAL_REPRESENTATION('',(#12787),#12791);
#12787 = LINE('',#12788,#12789);
#12788 = CARTESIAN_POINT('',(-6.28318530718,0.));
#12789 = VECTOR('',#12790,1.);
#12790 = DIRECTION('',(-0.,-1.));
#12791 = ( GEOMETRIC_REPRESENTATION_CONTEXT(2) 
PARAMETRIC_REPRESENTATION_CONTEXT() REPRESENTATION_CONTEXT('2D SPACE',''
  ) );
#12792 = ORIENTED_EDGE('',*,*,#12793,.T.);
#12793 = EDGE_CURVE('',#12766,#12766,#12794,.T.);
#12794 = SURFACE_CURVE('',#12795,(#12800,#12807),.PCURVE_S1.);
#12795 = CIRCLE('',#12796,3.);
#12796 = AXIS2_PLACEMENT_3D('',#12797,#12798,#12799);
#12797 = CARTESIAN_POINT('',(56.,0.,70.));
#12798 = DIRECTION('',(1.,-0.,1.110223024625E-16));
#12799 = DIRECTION('',(1.110223024625E-16,0.,-1.));
#12800 = PCURVE('',#12774,#12801);
#12801 = DEFINITIONAL_REPRESENTATION('',(#12802),#12806);
#12802 = LINE('',#12803,#12804);
#12803 = CARTESIAN_POINT('',(-0.,-60.));
#12804 = VECTOR('',#12805,1.);
#12805 = DIRECTION('',(-1.,0.));
#12806 = ( GEOMETRIC_REPRESENTATION_CONTEXT(2) 
PARAMETRIC_REPRESENTATION_CONTEXT() REPRESENTATION_CONTEXT('2D SPACE',''
  ) );
#12807 = PCURVE('',#12808,#12813);
#12808 = PLANE('',#12809);
#12809 = AXIS2_PLACEMENT_3D('',#12810,#12811,#12812);
#12810 = CARTESIAN_POINT('',(56.,-8.51133553645E-18,70.));
#12811 = DIRECTION('',(1.,0.,1.110223024625E-16));
#12812 = DIRECTION('',(1.110223024625E-16,0.,-1.));
#12813 = DEFINITIONAL_REPRESENTATION('',(#12814),#12818);
#12814 = CIRCLE('',#12815,3.);
#12815 = AXIS2_PLACEMENT_2D('',#12816,#12817);
#12816 = CARTESIAN_POINT('',(0.,8.51133553645E-18));
#12817 = DIRECTION('',(1.,0.));
#12818 = ( GEOMETRIC_REPRESENTATION_CONTEXT(2) 
PARAMETRIC_REPRESENTATION_CONTEXT() REPRESENTATION_CONTEXT('2D SPACE',''
  ) );
#12819 = ORIENTED_EDGE('',*,*,#12763,.F.);
#12820 = ORIENTED_EDGE('',*,*,#12821,.F.);
#12821 = EDGE_CURVE('',#12764,#12764,#12822,.T.);
#12822 = SURFACE_CURVE('',#12823,(#12828,#12835),.PCURVE_S1.);
#12823 = CIRCLE('',#12824,3.);
#12824 = AXIS2_PLACEMENT_3D('',#12825,#12826,#12827);
#12825 = CARTESIAN_POINT('',(-4.,0.,70.));
#12826 = DIRECTION('',(1.,-0.,1.110223024625E-16));
#12827 = DIRECTION('',(1.110223024625E-16,0.,-1.));
#12828 = PCURVE('',#12774,#12829);
#12829 = DEFINITIONAL_REPRESENTATION('',(#12830),#12834);
#12830 = LINE('',#12831,#12832);
#12831 = CARTESIAN_POINT('',(-0.,0.));
#12832 = VECTOR('',#12833,1.);
#12833 = DIRECTION('',(-1.,0.));
#12834 = ( GEOMETRIC_REPRESENTATION_CONTEXT(2) 
PARAMETRIC_REPRESENTATION_CONTEXT() REPRESENTATION_CONTEXT('2D SPACE',''
  ) );
#12835 = PCURVE('',#12836,#12841);
#12836 = PLANE('',#12837);
#12837 = AXIS2_PLACEMENT_3D('',#12838,#12839,#12840);
#12838 = CARTESIAN_POINT('',(-4.,-8.51133553645E-18,70.));
#12839 = DIRECTION('',(1.,0.,1.110223024625E-16));
#12840 = DIRECTION('',(1.110223024625E-16,0.,-1.));
#12841 = DEFINITIONAL_REPRESENTATION('',(#12842),#12846);
#12842 = CIRCLE('',#12843,3.);
#12843 = AXIS2_PLACEMENT_2D('',#12844,#12845);
#12844 = CARTESIAN_POINT('',(0.,8.51133553645E-18));
#12845 = DIRECTION('',(1.,0.));
#12846 = ( GEOMETRIC_REPRESENTATION_CONTEXT(2) 
PARAMETRIC_REPRESENTATION_CONTEXT() REPRESENTATION_CONTEXT('2D SPACE',''
  ) );
#12847 = ADVANCED_FACE('',(#12848),#12836,.F.);
#12848 = FACE_BOUND('',#12849,.F.);
#12849 = EDGE_LOOP('',(#12850));
#12850 = ORIENTED_EDGE('',*,*,#12821,.T.);
#12851 = ADVANCED_FACE('',(#12852),#12808,.T.);
#12852 = FACE_BOUND('',#12853,.T.);
#12853 = EDGE_LOOP('',(#12854));
#12854 = ORIENTED_EDGE('',*,*,#12793,.T.);
#12855 = ( GEOMETRIC_REPRESENTATION_CONTEXT(3) 
GLOBAL_UNCERTAINTY_ASSIGNED_CONTEXT((#12859)) 
GLOBAL_UNIT_ASSIGNED_CONTEXT((#12856,#12857,#12858)) 
REPRESENTATION_CONTEXT('Context #1',
  '3D Context with UNIT and UNCERTAINTY') );
#12856 = ( LENGTH_UNIT() NAMED_UNIT(*) SI_UNIT(.MILLI.,.METRE.) );
#12857 = ( NAMED_UNIT(*) PLANE_ANGLE_UNIT() SI_UNIT($,.RADIAN.) );
#12858 = ( NAMED_UNIT(*) SI_UNIT($,.STERADIAN.) SOLID_ANGLE_UNIT() );
#12859 = UNCERTAINTY_MEASURE_WITH_UNIT(LENGTH_MEASURE(1.E-07),#12856,
  'distance_accuracy_value','confusion accuracy');
#12860 = CONTEXT_DEPENDENT_SHAPE_REPRESENTATION(#12861,#12863);
#12861 = ( REPRESENTATION_RELATIONSHIP('','',#12756,#10) 
REPRESENTATION_RELATIONSHIP_WITH_TRANSFORMATION(#12862) 
SHAPE_REPRESENTATION_RELATIONSHIP() );
#12862 = ITEM_DEFINED_TRANSFORMATION('','',#11,#55);
#12863 = PRODUCT_DEFINITION_SHAPE('Placement','Placement of an item',
  #12864);
#12864 = NEXT_ASSEMBLY_USAGE_OCCURRENCE('11','rod_h1','',#5,#12751,$);
#12865 = PRODUCT_RELATED_PRODUCT_CATEGORY('part',$,(#12753));
#12866 = SHAPE_DEFINITION_REPRESENTATION(#12867,#12873);
#12867 = PRODUCT_DEFINITION_SHAPE('','',#12868);
#12868 = PRODUCT_DEFINITION('design','',#12869,#12872);
#12869 = PRODUCT_DEFINITION_FORMATION('','',#12870);
#12870 = PRODUCT('glass_panel','glass_panel','',(#12871));
#12871 = PRODUCT_CONTEXT('',#2,'mechanical');
#12872 = PRODUCT_DEFINITION_CONTEXT('part definition',#2,'design');
#12873 = ADVANCED_BREP_SHAPE_REPRESENTATION('',(#11,#12874),#13204);
#12874 = MANIFOLD_SOLID_BREP('',#12875);
#12875 = CLOSED_SHELL('',(#12876,#12996,#13072,#13143,#13190,#13197));
#12876 = ADVANCED_FACE('',(#12877),#12891,.F.);
#12877 = FACE_BOUND('',#12878,.F.);
#12878 = EDGE_LOOP('',(#12879,#12914,#12942,#12970));
#12879 = ORIENTED_EDGE('',*,*,#12880,.T.);
#12880 = EDGE_CURVE('',#12881,#12883,#12885,.T.);
#12881 = VERTEX_POINT('',#12882);
#12882 = CARTESIAN_POINT('',(-20.,-20.,97.));
#12883 = VERTEX_POINT('',#12884);
#12884 = CARTESIAN_POINT('',(-20.,-20.,100.));
#12885 = SURFACE_CURVE('',#12886,(#12890,#12902),.PCURVE_S1.);
#12886 = LINE('',#12887,#12888);
#12887 = CARTESIAN_POINT('',(-20.,-20.,97.));
#12888 = VECTOR('',#12889,1.);
#12889 = DIRECTION('',(0.,0.,1.));
#12890 = PCURVE('',#12891,#12896);
#12891 = PLANE('',#12892);
#12892 = AXIS2_PLACEMENT_3D('',#12893,#12894,#12895);
#12893 = CARTESIAN_POINT('',(-20.,-20.,97.));
#12894 = DIRECTION('',(0.,1.,0.));
#12895 = DIRECTION('',(1.,0.,0.));
#12896 = DEFINITIONAL_REPRESENTATION('',(#12897),#12901);
#12897 = LINE('',#12898,#12899);
#12898 = CARTESIAN_POINT('',(0.,0.));
#12899 = VECTOR('',#12900,1.);
#12900 = DIRECTION('',(0.,-1.));
#12901 = ( GEOMETRIC_REPRESENTATION_CONTEXT(2) 
PARAMETRIC_REPRESENTATION_CONTEXT() REPRESENTATION_CONTEXT('2D SPACE',''
  ) );
#12902 = PCURVE('',#12903,#12908);
#12903 = PLANE('',#12904);
#12904 = AXIS2_PLACEMENT_3D('',#12905,#12906,#12907);
#12905 = CARTESIAN_POINT('',(-20.,20.,97.));
#12906 = DIRECTION('',(1.,0.,-0.));
#12907 = DIRECTION('',(0.,-1.,0.));
#12908 = DEFINITIONAL_REPRESENTATION('',(#12909),#12913);
#12909 = LINE('',#12910,#12911);
#12910 = CARTESIAN_POINT('',(40.,0.));
#12911 = VECTOR('',#12912,1.);
#12912 = DIRECTION('',(0.,-1.));
#12913 = ( GEOMETRIC_REPRESENTATION_CONTEXT(2) 
PARAMETRIC_REPRESENTATION_CONTEXT() REPRESENTATION_CONTEXT('2D SPACE',''
  ) );
#12914 = ORIENTED_EDGE('',*,*,#12915,.T.);
#12915 = EDGE_CURVE('',#12883,#12916,#12918,.T.);
#12916 = VERTEX_POINT('',#12917);
#12917 = CARTESIAN_POINT('',(20.,-20.,100.));
#12918 = SURFACE_CURVE('',#12919,(#12923,#12930),.PCURVE_S1.);
#12919 = LINE('',#12920,#12921);
#12920 = CARTESIAN_POINT('',(-20.,-20.,100.));
#12921 = VECTOR('',#12922,1.);
#12922 = DIRECTION('',(1.,0.,0.));
#12923 = PCURVE('',#12891,#12924);
#12924 = DEFINITIONAL_REPRESENTATION('',(#12925),#12929);
#12925 = LINE('',#12926,#12927);
#12926 = CARTESIAN_POINT('',(0.,-3.));
#12927 = VECTOR('',#12928,1.);
#12928 = DIRECTION('',(1.,0.));
#12929 = ( GEOMETRIC_REPRESENTATION_CONTEXT(2) 
PARAMETRIC_REPRESENTATION_CONTEXT() REPRESENTATION_CONTEXT('2D SPACE',''
  ) );
#12930 = PCURVE('',#12931,#12936);
#12931 = PLANE('',#12932);
#12932 = AXIS2_PLACEMENT_3D('',#12933,#12934,#12935);
#12933 = CARTESIAN_POINT('',(0.,0.,100.));
#12934 = DIRECTION('',(0.,0.,1.));
#12935 = DIRECTION('',(1.,0.,-0.));
#12936 = DEFINITIONAL_REPRESENTATION('',(#12937),#12941);
#12937 = LINE('',#12938,#12939);
#12938 = CARTESIAN_POINT('',(-20.,-20.));
#12939 = VECTOR('',#12940,1.);
#12940 = DIRECTION('',(1.,0.));
#12941 = ( GEOMETRIC_REPRESENTATION_CONTEXT(2) 
PARAMETRIC_REPRESENTATION_CONTEXT() REPRESENTATION_CONTEXT('2D SPACE',''
  ) );
#12942 = ORIENTED_EDGE('',*,*,#12943,.F.);
#12943 = EDGE_CURVE('',#12944,#12916,#12946,.T.);
#12944 = VERTEX_POINT('',#12945);
#12945 = CARTESIAN_POINT('',(20.,-20.,97.));
#12946 = SURFACE_CURVE('',#12947,(#12951,#12958),.PCURVE_S1.);
#12947 = LINE('',#12948,#12949);
#12948 = CARTESIAN_POINT('',(20.,-20.,97.));
#12949 = VECTOR('',#12950,1.);
#12950 = DIRECTION('',(0.,0.,1.));
#12951 = PCURVE('',#12891,#12952);
#12952 = DEFINITIONAL_REPRESENTATION('',(#12953),#12957);
#12953 = LINE('',#12954,#12955);
#12954 = CARTESIAN_POINT('',(40.,0.));
#12955 = VECTOR('',#12956,1.);
#12956 = DIRECTION('',(0.,-1.));
#12957 = ( GEOMETRIC_REPRESENTATION_CONTEXT(2) 
PARAMETRIC_REPRESENTATION_CONTEXT() REPRESENTATION_CONTEXT('2D SPACE',''
  ) );
#12958 = PCURVE('',#12959,#12964);
#12959 = PLANE('',#12960);
#12960 = AXIS2_PLACEMENT_3D('',#12961,#12962,#12963);
#12961 = CARTESIAN_POINT('',(20.,-20.,97.));
#12962 = DIRECTION('',(-1.,0.,0.));
#12963 = DIRECTION('',(0.,1.,0.));
#12964 = DEFINITIONAL_REPRESENTATION('',(#12965),#12969);
#12965 = LINE('',#12966,#12967);
#12966 = CARTESIAN_POINT('',(0.,0.));
#12967 = VECTOR('',#12968,1.);
#12968 = DIRECTION('',(0.,-1.));
#12969 = ( GEOMETRIC_REPRESENTATION_CONTEXT(2) 
PARAMETRIC_REPRESENTATION_CONTEXT() REPRESENTATION_CONTEXT('2D SPACE',''
  ) );
#12970 = ORIENTED_EDGE('',*,*,#12971,.F.);
#12971 = EDGE_CURVE('',#12881,#12944,#12972,.T.);
#12972 = SURFACE_CURVE('',#12973,(#12977,#12984),.PCURVE_S1.);
#12973 = LINE('',#12974,#12975);
#12974 = CARTESIAN_POINT('',(-20.,-20.,97.));
#12975 = VECTOR('',#12976,1.);
#12976 = DIRECTION('',(1.,0.,0.));
#12977 = PCURVE('',#12891,#12978);
#12978 = DEFINITIONAL_REPRESENTATION('',(#12979),#12983);
#12979 = LINE('',#12980,#12981);
#12980 = CARTESIAN_POINT('',(0.,0.));
#12981 = VECTOR('',#12982,1.);
#12982 = DIRECTION('',(1.,0.));
#12983 = ( GEOMETRIC_REPRESENTATION_CONTEXT(2) 
PARAMETRIC_REPRESENTATION_CONTEXT() REPRESENTATION_CONTEXT('2D SPACE',''
  ) );
#12984 = PCURVE('',#12985,#12990);
#12985 = PLANE('',#12986);
#12986 = AXIS2_PLACEMENT_3D('',#12987,#12988,#12989);
#12987 = CARTESIAN_POINT('',(0.,0.,97.));
#12988 = DIRECTION('',(0.,0.,1.));
#12989 = DIRECTION('',(1.,0.,-0.));
#12990 = DEFINITIONAL_REPRESENTATION('',(#12991),#12995);
#12991 = LINE('',#12992,#12993);
#12992 = CARTESIAN_POINT('',(-20.,-20.));
#12993 = VECTOR('',#12994,1.);
#12994 = DIRECTION('',(1.,0.));
#12995 = ( GEOMETRIC_REPRESENTATION_CONTEXT(2) 
PARAMETRIC_REPRESENTATION_CONTEXT() REPRESENTATION_CONTEXT('2D SPACE',''
  ) );
#12996 = ADVANCED_FACE('',(#12997),#12959,.F.);
#12997 = FACE_BOUND('',#12998,.F.);
#12998 = EDGE_LOOP('',(#12999,#13000,#13023,#13051));
#12999 = ORIENTED_EDGE('',*,*,#12943,.T.);
#13000 = ORIENTED_EDGE('',*,*,#13001,.T.);
#13001 = EDGE_CURVE('',#12916,#13002,#13004,.T.);
#13002 = VERTEX_POINT('',#13003);
#13003 = CARTESIAN_POINT('',(20.,20.,100.));
#13004 = SURFACE_CURVE('',#13005,(#13009,#13016),.PCURVE_S1.);
#13005 = LINE('',#13006,#13007);
#13006 = CARTESIAN_POINT('',(20.,-20.,100.));
#13007 = VECTOR('',#13008,1.);
#13008 = DIRECTION('',(0.,1.,0.));
#13009 = PCURVE('',#12959,#13010);
#13010 = DEFINITIONAL_REPRESENTATION('',(#13011),#13015);
#13011 = LINE('',#13012,#13013);
#13012 = CARTESIAN_POINT('',(0.,-3.));
#13013 = VECTOR('',#13014,1.);
#13014 = DIRECTION('',(1.,0.));
#13015 = ( GEOMETRIC_REPRESENTATION_CONTEXT(2) 
PARAMETRIC_REPRESENTATION_CONTEXT() REPRESENTATION_CONTEXT('2D SPACE',''
  ) );
#13016 = PCURVE('',#12931,#13017);
#13017 = DEFINITIONAL_REPRESENTATION('',(#13018),#13022);
#13018 = LINE('',#13019,#13020);
#13019 = CARTESIAN_POINT('',(20.,-20.));
#13020 = VECTOR('',#13021,1.);
#13021 = DIRECTION('',(0.,1.));
#13022 = ( GEOMETRIC_REPRESENTATION_CONTEXT(2) 
PARAMETRIC_REPRESENTATION_CONTEXT() REPRESENTATION_CONTEXT('2D SPACE',''
  ) );
#13023 = ORIENTED_EDGE('',*,*,#13024,.F.);
#13024 = EDGE_CURVE('',#13025,#13002,#13027,.T.);
#13025 = VERTEX_POINT('',#13026);
#13026 = CARTESIAN_POINT('',(20.,20.,97.));
#13027 = SURFACE_CURVE('',#13028,(#13032,#13039),.PCURVE_S1.);
#13028 = LINE('',#13029,#13030);
#13029 = CARTESIAN_POINT('',(20.,20.,97.));
#13030 = VECTOR('',#13031,1.);
#13031 = DIRECTION('',(0.,0.,1.));
#13032 = PCURVE('',#12959,#13033);
#13033 = DEFINITIONAL_REPRESENTATION('',(#13034),#13038);
#13034 = LINE('',#13035,#13036);
#13035 = CARTESIAN_POINT('',(40.,0.));
#13036 = VECTOR('',#13037,1.);
#13037 = DIRECTION('',(0.,-1.));
#13038 = ( GEOMETRIC_REPRESENTATION_CONTEXT(2) 
PARAMETRIC_REPRESENTATION_CONTEXT() REPRESENTATION_CONTEXT('2D SPACE',''
  ) );
#13039 = PCURVE('',#13040,#13045);
#13040 = PLANE('',#13041);
#13041 = AXIS2_PLACEMENT_3D('',#13042,#13043,#13044);
#13042 = CARTESIAN_POINT('',(20.,20.,97.));
#13043 = DIRECTION('',(0.,-1.,0.));
#13044 = DIRECTION('',(-1.,0.,0.));
#13045 = DEFINITIONAL_REPRESENTATION('',(#13046),#13050);
#13046 = LINE('',#13047,#13048);
#13047 = CARTESIAN_POINT('',(0.,-0.));
#13048 = VECTOR('',#13049,1.);
#13049 = DIRECTION('',(0.,-1.));
#13050 = ( GEOMETRIC_REPRESENTATION_CONTEXT(2) 
PARAMETRIC_REPRESENTATION_CONTEXT() REPRESENTATION_CONTEXT('2D SPACE',''
  ) );
#13051 = ORIENTED_EDGE('',*,*,#13052,.F.);
#13052 = EDGE_CURVE('',#12944,#13025,#13053,.T.);
#13053 = SURFACE_CURVE('',#13054,(#13058,#13065),.PCURVE_S1.);
#13054 = LINE('',#13055,#13056);
#13055 = CARTESIAN_POINT('',(20.,-20.,97.));
#13056 = VECTOR('',#13057,1.);
#13057 = DIRECTION('',(0.,1.,0.));
#13058 = PCURVE('',#12959,#13059);
#13059 = DEFINITIONAL_REPRESENTATION('',(#13060),#13064);
#13060 = LINE('',#13061,#13062);
#13061 = CARTESIAN_POINT('',(0.,0.));
#13062 = VECTOR('',#13063,1.);
#13063 = DIRECTION('',(1.,0.));
#13064 = ( GEOMETRIC_REPRESENTATION_CONTEXT(2) 
PARAMETRIC_REPRESENTATION_CONTEXT() REPRESENTATION_CONTEXT('2D SPACE',''
  ) );
#13065 = PCURVE('',#12985,#13066);
#13066 = DEFINITIONAL_REPRESENTATION('',(#13067),#13071);
#13067 = LINE('',#13068,#13069);
#13068 = CARTESIAN_POINT('',(20.,-20.));
#13069 = VECTOR('',#13070,1.);
#13070 = DIRECTION('',(0.,1.));
#13071 = ( GEOMETRIC_REPRESENTATION_CONTEXT(2) 
PARAMETRIC_REPRESENTATION_CONTEXT() REPRESENTATION_CONTEXT('2D SPACE',''
  ) );
#13072 = ADVANCED_FACE('',(#13073),#13040,.F.);
#13073 = FACE_BOUND('',#13074,.F.);
#13074 = EDGE_LOOP('',(#13075,#13076,#13099,#13122));
#13075 = ORIENTED_EDGE('',*,*,#13024,.T.);
#13076 = ORIENTED_EDGE('',*,*,#13077,.T.);
#13077 = EDGE_CURVE('',#13002,#13078,#13080,.T.);
#13078 = VERTEX_POINT('',#13079);
#13079 = CARTESIAN_POINT('',(-20.,20.,100.));
#13080 = SURFACE_CURVE('',#13081,(#13085,#13092),.PCURVE_S1.);
#13081 = LINE('',#13082,#13083);
#13082 = CARTESIAN_POINT('',(20.,20.,100.));
#13083 = VECTOR('',#13084,1.);
#13084 = DIRECTION('',(-1.,0.,0.));
#13085 = PCURVE('',#13040,#13086);
#13086 = DEFINITIONAL_REPRESENTATION('',(#13087),#13091);
#13087 = LINE('',#13088,#13089);
#13088 = CARTESIAN_POINT('',(0.,-3.));
#13089 = VECTOR('',#13090,1.);
#13090 = DIRECTION('',(1.,0.));
#13091 = ( GEOMETRIC_REPRESENTATION_CONTEXT(2) 
PARAMETRIC_REPRESENTATION_CONTEXT() REPRESENTATION_CONTEXT('2D SPACE',''
  ) );
#13092 = PCURVE('',#12931,#13093);
#13093 = DEFINITIONAL_REPRESENTATION('',(#13094),#13098);
#13094 = LINE('',#13095,#13096);
#13095 = CARTESIAN_POINT('',(20.,20.));
#13096 = VECTOR('',#13097,1.);
#13097 = DIRECTION('',(-1.,0.));
#13098 = ( GEOMETRIC_REPRESENTATION_CONTEXT(2) 
PARAMETRIC_REPRESENTATION_CONTEXT() REPRESENTATION_CONTEXT('2D SPACE',''
  ) );
#13099 = ORIENTED_EDGE('',*,*,#13100,.F.);
#13100 = EDGE_CURVE('',#13101,#13078,#13103,.T.);
#13101 = VERTEX_POINT('',#13102);
#13102 = CARTESIAN_POINT('',(-20.,20.,97.));
#13103 = SURFACE_CURVE('',#13104,(#13108,#13115),.PCURVE_S1.);
#13104 = LINE('',#13105,#13106);
#13105 = CARTESIAN_POINT('',(-20.,20.,97.));
#13106 = VECTOR('',#13107,1.);
#13107 = DIRECTION('',(0.,0.,1.));
#13108 = PCURVE('',#13040,#13109);
#13109 = DEFINITIONAL_REPRESENTATION('',(#13110),#13114);
#13110 = LINE('',#13111,#13112);
#13111 = CARTESIAN_POINT('',(40.,0.));
#13112 = VECTOR('',#13113,1.);
#13113 = DIRECTION('',(0.,-1.));
#13114 = ( GEOMETRIC_REPRESENTATION_CONTEXT(2) 
PARAMETRIC_REPRESENTATION_CONTEXT() REPRESENTATION_CONTEXT('2D SPACE',''
  ) );
#13115 = PCURVE('',#12903,#13116);
#13116 = DEFINITIONAL_REPRESENTATION('',(#13117),#13121);
#13117 = LINE('',#13118,#13119);
#13118 = CARTESIAN_POINT('',(0.,0.));
#13119 = VECTOR('',#13120,1.);
#13120 = DIRECTION('',(0.,-1.));
#13121 = ( GEOMETRIC_REPRESENTATION_CONTEXT(2) 
PARAMETRIC_REPRESENTATION_CONTEXT() REPRESENTATION_CONTEXT('2D SPACE',''
  ) );
#13122 = ORIENTED_EDGE('',*,*,#13123,.F.);
#13123 = EDGE_CURVE('',#13025,#13101,#13124,.T.);
#13124 = SURFACE_CURVE('',#13125,(#13129,#13136),.PCURVE_S1.);
#13125 = LINE('',#13126,#13127);
#13126 = CARTESIAN_POINT('',(20.,20.,97.));
#13127 = VECTOR('',#13128,1.);
#13128 = DIRECTION('',(-1.,0.,0.));
#13129 = PCURVE('',#13040,#13130);
#13130 = DEFINITIONAL_REPRESENTATION('',(#13131),#13135);
#13131 = LINE('',#13132,#13133);
#13132 = CARTESIAN_POINT('',(0.,-0.));
#13133 = VECTOR('',#13134,1.);
#13134 = DIRECTION('',(1.,0.));
#13135 = ( GEOMETRIC_REPRESENTATION_CONTEXT(2) 
PARAMETRIC_REPRESENTATION_CONTEXT() REPRESENTATION_CONTEXT('2D SPACE',''
  ) );
#13136 = PCURVE('',#12985,#13137);
#13137 = DEFINITIONAL_REPRESENTATION('',(#13138),#13142);
#13138 = LINE('',#13139,#13140);
#13139 = CARTESIAN_POINT('',(20.,20.));
#13140 = VECTOR('',#13141,1.);
#13141 = DIRECTION('',(-1.,0.));
#13142 = ( GEOMETRIC_REPRESENTATION_CONTEXT(2) 
PARAMETRIC_REPRESENTATION_CONTEXT() REPRESENTATION_CONTEXT('2D SPACE',''
  ) );
#13143 = ADVANCED_FACE('',(#13144),#12903,.F.);
#13144 = FACE_BOUND('',#13145,.F.);
#13145 = EDGE_LOOP('',(#13146,#13147,#13168,#13169));
#13146 = ORIENTED_EDGE('',*,*,#13100,.T.);
#13147 = ORIENTED_EDGE('',*,*,#13148,.T.);
#13148 = EDGE_CURVE('',#13078,#12883,#13149,.T.);
#13149 = SURFACE_CURVE('',#13150,(#13154,#13161),.PCURVE_S1.);
#13150 = LINE('',#13151,#13152);
#13151 = CARTESIAN_POINT('',(-20.,20.,100.));
#13152 = VECTOR('',#13153,1.);
#13153 = DIRECTION('',(0.,-1.,0.));
#13154 = PCURVE('',#12903,#13155);
#13155 = DEFINITIONAL_REPRESENTATION('',(#13156),#13160);
#13156 = LINE('',#13157,#13158);
#13157 = CARTESIAN_POINT('',(0.,-3.));
#13158 = VECTOR('',#13159,1.);
#13159 = DIRECTION('',(1.,0.));
#13160 = ( GEOMETRIC_REPRESENTATION_CONTEXT(2) 
PARAMETRIC_REPRESENTATION_CONTEXT() REPRESENTATION_CONTEXT('2D SPACE',''
  ) );
#13161 = PCURVE('',#12931,#13162);
#13162 = DEFINITIONAL_REPRESENTATION('',(#13163),#13167);
#13163 = LINE('',#13164,#13165);
#13164 = CARTESIAN_POINT('',(-20.,20.));
#13165 = VECTOR('',#13166,1.);
#13166 = DIRECTION('',(0.,-1.));
#13167 = ( GEOMETRIC_REPRESENTATION_CONTEXT(2) 
PARAMETRIC_REPRESENTATION_CONTEXT() REPRESENTATION_CONTEXT('2D SPACE',''
  ) );
#13168 = ORIENTED_EDGE('',*,*,#12880,.F.);
#13169 = ORIENTED_EDGE('',*,*,#13170,.F.);
#13170 = EDGE_CURVE('',#13101,#12881,#13171,.T.);
#13171 = SURFACE_CURVE('',#13172,(#13176,#13183),.PCURVE_S1.);
#13172 = LINE('',#13173,#13174);
#13173 = CARTESIAN_POINT('',(-20.,20.,97.));
#13174 = VECTOR('',#13175,1.);
#13175 = DIRECTION('',(0.,-1.,0.));
#13176 = PCURVE('',#12903,#13177);
#13177 = DEFINITIONAL_REPRESENTATION('',(#13178),#13182);
#13178 = LINE('',#13179,#13180);
#13179 = CARTESIAN_POINT('',(0.,0.));
#13180 = VECTOR('',#13181,1.);
#13181 = DIRECTION('',(1.,0.));
#13182 = ( GEOMETRIC_REPRESENTATION_CONTEXT(2) 
PARAMETRIC_REPRESENTATION_CONTEXT() REPRESENTATION_CONTEXT('2D SPACE',''
  ) );
#13183 = PCURVE('',#12985,#13184);
#13184 = DEFINITIONAL_REPRESENTATION('',(#13185),#13189);
#13185 = LINE('',#13186,#13187);
#13186 = CARTESIAN_POINT('',(-20.,20.));
#13187 = VECTOR('',#13188,1.);
#13188 = DIRECTION('',(0.,-1.));
#13189 = ( GEOMETRIC_REPRESENTATION_CONTEXT(2) 
PARAMETRIC_REPRESENTATION_CONTEXT() REPRESENTATION_CONTEXT('2D SPACE',''
  ) );
#13190 = ADVANCED_FACE('',(#13191),#12985,.F.);
#13191 = FACE_BOUND('',#13192,.F.);
#13192 = EDGE_LOOP('',(#13193,#13194,#13195,#13196));
#13193 = ORIENTED_EDGE('',*,*,#12971,.T.);
#13194 = ORIENTED_EDGE('',*,*,#13052,.T.);
#13195 = ORIENTED_EDGE('',*,*,#13123,.T.);
#13196 = ORIENTED_EDGE('',*,*,#13170,.T.);
#13197 = ADVANCED_FACE('',(#13198),#12931,.T.);
#13198 = FACE_BOUND('',#13199,.T.);
#13199 = EDGE_LOOP('',(#13200,#13201,#13202,#13203));
#13200 = ORIENTED_EDGE('',*,*,#12915,.T.);
#13201 = ORIENTED_EDGE('',*,*,#13001,.T.);
#13202 = ORIENTED_EDGE('',*,*,#13077,.T.);
#13203 = ORIENTED_EDGE('',*,*,#13148,.T.);
#13204 = ( GEOMETRIC_REPRESENTATION_CONTEXT(3) 
GLOBAL_UNCERTAINTY_ASSIGNED_CONTEXT((#13208)) 
GLOBAL_UNIT_ASSIGNED_CONTEXT((#13205,#13206,#13207)) 
REPRESENTATION_CONTEXT('Context #1',
  '3D Context with UNIT and UNCERTAINTY') );
#13205 = ( LENGTH_UNIT() NAMED_UNIT(*) SI_UNIT(.MILLI.,.METRE.) );
#13206 = ( NAMED_UNIT(*) PLANE_ANGLE_UNIT() SI_UNIT($,.RADIAN.) );
#13207 = ( NAMED_UNIT(*) SI_UNIT($,.STERADIAN.) SOLID_ANGLE_UNIT() );
#13208 = UNCERTAINTY_MEASURE_WITH_UNIT(LENGTH_MEASURE(1.E-07),#13205,
  'distance_accuracy_value','confusion accuracy');
#13209 = CONTEXT_DEPENDENT_SHAPE_REPRESENTATION(#13210,#13212);
#13210 = ( REPRESENTATION_RELATIONSHIP('','',#12873,#10) 
REPRESENTATION_RELATIONSHIP_WITH_TRANSFORMATION(#13211) 
SHAPE_REPRESENTATION_RELATIONSHIP() );
#13211 = ITEM_DEFINED_TRANSFORMATION('','',#11,#59);
#13212 = PRODUCT_DEFINITION_SHAPE('Placement','Placement of an item',
  #13213);
#13213 = NEXT_ASSEMBLY_USAGE_OCCURRENCE('12','glass_panel','',#5,#12868,
  $);
#13214 = PRODUCT_RELATED_PRODUCT_CATEGORY('part',$,(#12870));
ENDSEC;
END-ISO-10303-21;
